================================================================================
Windows 10/11 便携网络诊断工具箱 - 断网时间线关联分析报告
生成时间: 2026-09-10 06:06:12 | 分析窗口: 最近 168 小时
免责声明: 以上仅为时间相关性，不构成因果结论。
================================================================================
时间戳                 | 来源       | 事件ID   | 级别          | 事件摘要
--------------------------------------------------------------------------------
2026-09-04 01:18:44 | Watchdog | -      | DIAG        | 1 proxy group(s) need a node switch: 🇺🇸美国自动选择. Re-testing and switching, not touching the NIC or restarting processes.
2026-09-04 01:18:45 | Watchdog | -      | ACTION      | Re-tested auto-select group '[ProxyNode]; best member now '[ProxyNode] (172ms)
2026-09-04 18:03:40 | Watchdog | -      | DIAG        | 1 proxy group(s) need a node switch: 🇺🇸美国自动选择. Re-testing and switching, not touching the NIC or restarting processes.
2026-09-04 18:03:41 | Watchdog | -      | ACTION      | Re-tested auto-select group '[ProxyNode]; best member now '[ProxyNode] (172ms)
2026-09-05 01:36:34 | Watchdog | -      | DIAG        | 4 proxy group(s) need a node switch: 故障转移, 🇪🇺欧洲自动选择, 🇺🇸美国自动选择, 🌍自动选择. Re-testing and switching, not touching the NIC or restarting processes.
2026-09-05 01:36:34 | Watchdog | -      | WARN        | Direct WAN is fine and proxy port is open, but a real request THROUGH the proxy failed. Active node is dead (cached delay is stale-good). Forcing a re-test/switch on all groups.
2026-09-05 01:36:39 | Watchdog | -      | ACTION      | Re-tested auto-select group '[ProxyNode]; best member now '[ProxyNode] (179ms)
2026-09-05 01:36:42 | Watchdog | -      | ACTION      | Re-tested auto-select group '[ProxyNode]; best member now '[ProxyNode] (195ms)
2026-09-05 01:36:47 | Watchdog | -      | ACTION      | Re-tested auto-select group '[ProxyNode]; best member now '[ProxyNode] (171ms)
2026-09-05 01:36:52 | Watchdog | -      | ACTION      | Re-tested auto-select group '[ProxyNode]; best member now '[ProxyNode] (174ms)
2026-09-05 01:37:14 | Watchdog | -      | DIAG        | 4 proxy group(s) need a node switch: 故障转移, 🇪🇺欧洲自动选择, 🇺🇸美国自动选择, 🌍自动选择. Re-testing and switching, not touching the NIC or restarting processes.
2026-09-05 01:37:14 | Watchdog | -      | WARN        | Direct WAN is fine and proxy port is open, but a real request THROUGH the proxy failed. Active node is dead (cached delay is stale-good). Forcing a re-test/switch on all groups.
2026-09-05 01:37:22 | Watchdog | -      | ERROR       | Repair-MihomoGroup('故障转移') failed: 操作超时。
2026-09-05 01:37:23 | Watchdog | -      | ACTION      | Re-tested auto-select group '[ProxyNode]; best member now '[ProxyNode] (206ms)
2026-09-05 01:37:31 | Watchdog | -      | ERROR       | Repair-MihomoGroup('🇺🇸美国自动选择') failed: 操作超时。
2026-09-05 01:37:39 | Watchdog | -      | ERROR       | Repair-MihomoGroup('🌍自动选择') failed: 操作超时。
2026-09-05 01:38:00 | Watchdog | -      | DIAG        | 4 proxy group(s) need a node switch: 故障转移, 🇪🇺欧洲自动选择, 🇺🇸美国自动选择, 🌍自动选择. Re-testing and switching, not touching the NIC or restarting processes.
2026-09-05 01:38:00 | Watchdog | -      | WARN        | Direct WAN is fine and proxy port is open, but a real request THROUGH the proxy failed. Active node is dead (cached delay is stale-good). Forcing a re-test/switch on all groups.
2026-09-05 01:38:08 | Watchdog | -      | ERROR       | Repair-MihomoGroup('故障转移') failed: 操作超时。
2026-09-05 01:38:10 | Watchdog | -      | ACTION      | Re-tested auto-select group '[ProxyNode]; best member now '[ProxyNode] (205ms)
2026-09-05 01:38:18 | Watchdog | -      | ERROR       | Repair-MihomoGroup('🇺🇸美国自动选择') failed: 操作超时。
2026-09-05 01:38:26 | Watchdog | -      | ERROR       | Repair-MihomoGroup('🌍自动选择') failed: 操作超时。
2026-09-05 01:38:47 | Watchdog | -      | DIAG        | 4 proxy group(s) need a node switch: 故障转移, 🇪🇺欧洲自动选择, 🇺🇸美国自动选择, 🌍自动选择. Re-testing and switching, not touching the NIC or restarting processes.
2026-09-05 01:38:47 | Watchdog | -      | WARN        | Direct WAN is fine and proxy port is open, but a real request THROUGH the proxy failed. Active node is dead (cached delay is stale-good). Forcing a re-test/switch on all groups.
2026-09-05 01:38:55 | Watchdog | -      | ERROR       | Repair-MihomoGroup('故障转移') failed: 操作超时。
2026-09-05 01:38:56 | Watchdog | -      | ACTION      | Re-tested auto-select group '[ProxyNode]; best member now '[ProxyNode] (194ms)
2026-09-05 01:39:04 | Watchdog | -      | ERROR       | Repair-MihomoGroup('🇺🇸美国自动选择') failed: 操作超时。
2026-09-05 01:39:12 | Watchdog | -      | ERROR       | Repair-MihomoGroup('🌍自动选择') failed: 操作超时。
2026-09-05 01:39:34 | Watchdog | -      | DIAG        | 4 proxy group(s) need a node switch: 故障转移, 🇪🇺欧洲自动选择, 🇺🇸美国自动选择, 🌍自动选择. Re-testing and switching, not touching the NIC or restarting processes.
2026-09-05 01:39:34 | Watchdog | -      | WARN        | Direct WAN is fine and proxy port is open, but a real request THROUGH the proxy failed. Active node is dead (cached delay is stale-good). Forcing a re-test/switch on all groups.
2026-09-05 01:39:42 | Watchdog | -      | ERROR       | Repair-MihomoGroup('故障转移') failed: 操作超时。
2026-09-05 01:39:44 | Watchdog | -      | ACTION      | Re-tested auto-select group '[ProxyNode]; best member now '[ProxyNode] (219ms)
2026-09-05 01:39:52 | Watchdog | -      | ERROR       | Repair-MihomoGroup('🇺🇸美国自动选择') failed: 操作超时。
2026-09-05 01:40:00 | Watchdog | -      | ERROR       | Repair-MihomoGroup('🌍自动选择') failed: 操作超时。
2026-09-05 01:40:21 | Watchdog | -      | DIAG        | 4 proxy group(s) need a node switch: 故障转移, 🇪🇺欧洲自动选择, 🇺🇸美国自动选择, 🌍自动选择. Re-testing and switching, not touching the NIC or restarting processes.
2026-09-05 01:40:21 | Watchdog | -      | WARN        | Direct WAN is fine and proxy port is open, but a real request THROUGH the proxy failed. Active node is dead (cached delay is stale-good). Forcing a re-test/switch on all groups.
2026-09-05 01:40:29 | Watchdog | -      | ERROR       | Repair-MihomoGroup('故障转移') failed: 操作超时。
2026-09-05 01:40:30 | Watchdog | -      | ACTION      | Re-tested auto-select group '[ProxyNode]; best member now '[ProxyNode] (205ms)
2026-09-05 01:40:38 | Watchdog | -      | ERROR       | Repair-MihomoGroup('🇺🇸美国自动选择') failed: 操作超时。
2026-09-05 01:40:46 | Watchdog | -      | ERROR       | Repair-MihomoGroup('🌍自动选择') failed: 操作超时。
2026-09-05 01:41:08 | Watchdog | -      | DIAG        | 4 proxy group(s) need a node switch: 故障转移, 🇪🇺欧洲自动选择, 🇺🇸美国自动选择, 🌍自动选择. Re-testing and switching, not touching the NIC or restarting processes.
2026-09-05 01:41:08 | Watchdog | -      | WARN        | Direct WAN is fine and proxy port is open, but a real request THROUGH the proxy failed. Active node is dead (cached delay is stale-good). Forcing a re-test/switch on all groups.
2026-09-05 01:41:16 | Watchdog | -      | ERROR       | Repair-MihomoGroup('故障转移') failed: 操作超时。
2026-09-05 01:41:17 | Watchdog | -      | ACTION      | Re-tested auto-select group '[ProxyNode]; best member now '[ProxyNode] (197ms)
2026-09-05 01:41:25 | Watchdog | -      | ERROR       | Repair-MihomoGroup('🇺🇸美国自动选择') failed: 操作超时。
2026-09-05 01:41:33 | Watchdog | -      | ERROR       | Repair-MihomoGroup('🌍自动选择') failed: 操作超时。
2026-09-05 01:41:55 | Watchdog | -      | DIAG        | 4 proxy group(s) need a node switch: 故障转移, 🇪🇺欧洲自动选择, 🇺🇸美国自动选择, 🌍自动选择. Re-testing and switching, not touching the NIC or restarting processes.
2026-09-05 01:41:55 | Watchdog | -      | WARN        | Direct WAN is fine and proxy port is open, but a real request THROUGH the proxy failed. Active node is dead (cached delay is stale-good). Forcing a re-test/switch on all groups.
2026-09-05 01:42:03 | Watchdog | -      | ERROR       | Repair-MihomoGroup('故障转移') failed: 操作超时。
2026-09-05 01:42:04 | Watchdog | -      | ACTION      | Re-tested auto-select group '[ProxyNode]; best member now '[ProxyNode] (202ms)
2026-09-05 01:42:12 | Watchdog | -      | ERROR       | Repair-MihomoGroup('🇺🇸美国自动选择') failed: 操作超时。
2026-09-05 01:42:20 | Watchdog | -      | ERROR       | Repair-MihomoGroup('🌍自动选择') failed: 操作超时。
2026-09-05 01:42:41 | Watchdog | -      | WARN        | Direct WAN is fine and proxy port is open, but a real request THROUGH the proxy failed. Active node is dead (cached delay is stale-good). Forcing a re-test/switch on all groups.
2026-09-05 01:42:41 | Watchdog | -      | DIAG        | 4 proxy group(s) need a node switch: 故障转移, 🇪🇺欧洲自动选择, 🇺🇸美国自动选择, 🌍自动选择. Re-testing and switching, not touching the NIC or restarting processes.
2026-09-05 01:42:49 | Watchdog | -      | ERROR       | Repair-MihomoGroup('故障转移') failed: 操作超时。
2026-09-05 01:42:51 | Watchdog | -      | ACTION      | Re-tested auto-select group '[ProxyNode]; best member now '[ProxyNode] (211ms)
2026-09-05 01:42:59 | Watchdog | -      | ERROR       | Repair-MihomoGroup('🇺🇸美国自动选择') failed: 操作超时。
2026-09-05 01:43:07 | Watchdog | -      | ERROR       | Repair-MihomoGroup('🌍自动选择') failed: 操作超时。
2026-09-05 01:43:28 | Watchdog | -      | WARN        | Direct WAN is fine and proxy port is open, but a real request THROUGH the proxy failed. Active node is dead (cached delay is stale-good). Forcing a re-test/switch on all groups.
2026-09-05 01:43:29 | Watchdog | -      | DIAG        | 4 proxy group(s) need a node switch: 故障转移, 🇪🇺欧洲自动选择, 🇺🇸美国自动选择, 🌍自动选择. Re-testing and switching, not touching the NIC or restarting processes.
2026-09-05 01:43:37 | Watchdog | -      | ERROR       | Repair-MihomoGroup('故障转移') failed: 操作超时。
2026-09-05 01:43:39 | Watchdog | -      | ACTION      | Re-tested auto-select group '[ProxyNode]; best member now '[ProxyNode] (193ms)
2026-09-05 01:43:47 | Watchdog | -      | ERROR       | Repair-MihomoGroup('🇺🇸美国自动选择') failed: 操作超时。
2026-09-05 01:43:55 | Watchdog | -      | ERROR       | Repair-MihomoGroup('🌍自动选择') failed: 操作超时。
2026-09-05 01:44:16 | Watchdog | -      | WARN        | Direct WAN is fine and proxy port is open, but a real request THROUGH the proxy failed. Active node is dead (cached delay is stale-good). Forcing a re-test/switch on all groups.
2026-09-05 01:44:16 | Watchdog | -      | DIAG        | 4 proxy group(s) need a node switch: 故障转移, 🇪🇺欧洲自动选择, 🇺🇸美国自动选择, 🌍自动选择. Re-testing and switching, not touching the NIC or restarting processes.
2026-09-05 01:44:24 | Watchdog | -      | ERROR       | Repair-MihomoGroup('故障转移') failed: 操作超时。
2026-09-05 01:44:26 | Watchdog | -      | ACTION      | Re-tested auto-select group '[ProxyNode]; best member now '[ProxyNode] (185ms)
2026-09-05 01:44:34 | Watchdog | -      | ERROR       | Repair-MihomoGroup('🇺🇸美国自动选择') failed: 操作超时。
2026-09-05 01:44:42 | Watchdog | -      | ERROR       | Repair-MihomoGroup('🌍自动选择') failed: 操作超时。
2026-09-05 01:45:03 | Watchdog | -      | DIAG        | 4 proxy group(s) need a node switch: 故障转移, 🇪🇺欧洲自动选择, 🇺🇸美国自动选择, 🌍自动选择. Re-testing and switching, not touching the NIC or restarting processes.
2026-09-05 01:45:03 | Watchdog | -      | WARN        | Direct WAN is fine and proxy port is open, but a real request THROUGH the proxy failed. Active node is dead (cached delay is stale-good). Forcing a re-test/switch on all groups.
2026-09-05 01:45:11 | Watchdog | -      | ERROR       | Repair-MihomoGroup('故障转移') failed: 操作超时。
2026-09-05 01:45:13 | Watchdog | -      | ACTION      | Re-tested auto-select group '[ProxyNode]; best member now '[ProxyNode] (181ms)
2026-09-05 01:45:21 | Watchdog | -      | ERROR       | Repair-MihomoGroup('🇺🇸美国自动选择') failed: 操作超时。
2026-09-05 01:45:29 | Watchdog | -      | ERROR       | Repair-MihomoGroup('🌍自动选择') failed: 操作超时。
2026-09-05 01:45:50 | Watchdog | -      | WARN        | Direct WAN is fine and proxy port is open, but a real request THROUGH the proxy failed. Active node is dead (cached delay is stale-good). Forcing a re-test/switch on all groups.
2026-09-05 01:45:50 | Watchdog | -      | DIAG        | 4 proxy group(s) need a node switch: 故障转移, 🇪🇺欧洲自动选择, 🇺🇸美国自动选择, 🌍自动选择. Re-testing and switching, not touching the NIC or restarting processes.
2026-09-05 01:45:58 | Watchdog | -      | ERROR       | Repair-MihomoGroup('故障转移') failed: 操作超时。
2026-09-05 01:45:59 | Watchdog | -      | ACTION      | Re-tested auto-select group '[ProxyNode]; best member now '[ProxyNode] (194ms)
2026-09-05 01:46:07 | Watchdog | -      | ERROR       | Repair-MihomoGroup('🇺🇸美国自动选择') failed: 操作超时。
2026-09-05 01:46:15 | Watchdog | -      | ERROR       | Repair-MihomoGroup('🌍自动选择') failed: 操作超时。
2026-09-05 01:46:36 | Watchdog | -      | DIAG        | 4 proxy group(s) need a node switch: 故障转移, 🇪🇺欧洲自动选择, 🇺🇸美国自动选择, 🌍自动选择. Re-testing and switching, not touching the NIC or restarting processes.
2026-09-05 01:46:36 | Watchdog | -      | WARN        | Direct WAN is fine and proxy port is open, but a real request THROUGH the proxy failed. Active node is dead (cached delay is stale-good). Forcing a re-test/switch on all groups.
2026-09-05 01:46:44 | Watchdog | -      | ERROR       | Repair-MihomoGroup('故障转移') failed: 操作超时。
2026-09-05 01:46:46 | Watchdog | -      | ACTION      | Re-tested auto-select group '[ProxyNode]; best member now '[ProxyNode] (221ms)
2026-09-05 01:46:54 | Watchdog | -      | ERROR       | Repair-MihomoGroup('🇺🇸美国自动选择') failed: 操作超时。
2026-09-05 01:47:02 | Watchdog | -      | ERROR       | Repair-MihomoGroup('🌍自动选择') failed: 操作超时。
2026-09-05 01:47:23 | Watchdog | -      | DIAG        | 4 proxy group(s) need a node switch: 故障转移, 🇪🇺欧洲自动选择, 🇺🇸美国自动选择, 🌍自动选择. Re-testing and switching, not touching the NIC or restarting processes.
2026-09-05 01:47:23 | Watchdog | -      | WARN        | Direct WAN is fine and proxy port is open, but a real request THROUGH the proxy failed. Active node is dead (cached delay is stale-good). Forcing a re-test/switch on all groups.
2026-09-05 01:47:31 | Watchdog | -      | ERROR       | Repair-MihomoGroup('故障转移') failed: 操作超时。
2026-09-05 01:47:33 | Watchdog | -      | ACTION      | Re-tested auto-select group '[ProxyNode]; best member now '[ProxyNode] (204ms)
2026-09-05 01:47:41 | Watchdog | -      | ERROR       | Repair-MihomoGroup('🇺🇸美国自动选择') failed: 操作超时。
2026-09-05 01:47:49 | Watchdog | -      | ERROR       | Repair-MihomoGroup('🌍自动选择') failed: 操作超时。
2026-09-05 01:48:10 | Watchdog | -      | WARN        | Direct WAN is fine and proxy port is open, but a real request THROUGH the proxy failed. Active node is dead (cached delay is stale-good). Forcing a re-test/switch on all groups.
2026-09-05 01:48:10 | Watchdog | -      | DIAG        | 4 proxy group(s) need a node switch: 故障转移, 🇪🇺欧洲自动选择, 🇺🇸美国自动选择, 🌍自动选择. Re-testing and switching, not touching the NIC or restarting processes.
2026-09-05 01:48:18 | Watchdog | -      | ERROR       | Repair-MihomoGroup('故障转移') failed: 操作超时。
2026-09-05 01:48:20 | Watchdog | -      | ACTION      | Re-tested auto-select group '[ProxyNode]; best member now '[ProxyNode] (205ms)
2026-09-05 01:48:28 | Watchdog | -      | ERROR       | Repair-MihomoGroup('🇺🇸美国自动选择') failed: 操作超时。
2026-09-05 01:48:36 | Watchdog | -      | ERROR       | Repair-MihomoGroup('🌍自动选择') failed: 操作超时。
2026-09-05 14:43:43 | Watchdog | -      | DIAG        | 4 proxy group(s) need a node switch: 故障转移, 🇪🇺欧洲自动选择, 🇺🇸美国自动选择, 🌍自动选择. Re-testing and switching, not touching the NIC or restarting processes.
2026-09-05 14:43:48 | Watchdog | -      | ACTION      | Re-tested auto-select group '[ProxyNode]; best member now '[ProxyNode] (174ms)
2026-09-05 14:43:49 | Watchdog | -      | ACTION      | Re-tested auto-select group '[ProxyNode]; best member now '[ProxyNode] (195ms)
2026-09-05 14:43:50 | Watchdog | -      | ACTION      | Re-tested auto-select group '[ProxyNode]; best member now '[ProxyNode] (170ms)
2026-09-05 14:43:55 | Watchdog | -      | ACTION      | Re-tested auto-select group '[ProxyNode]; best member now '[ProxyNode] (178ms)
2026-09-05 19:23:04 | Watchdog | -      | DIAG        | 2 proxy group(s) need a node switch: 故障转移, 自动选择. Re-testing and switching, not touching the NIC or restarting processes.
2026-09-05 19:23:04 | Watchdog | -      | WARN        | Direct WAN is fine and proxy port is open, but a real request THROUGH the proxy failed. Active node is dead (cached delay is stale-good). Forcing a re-test/switch on all groups.
2026-09-05 19:23:09 | Watchdog | -      | ERROR       | Repair-MihomoGroup('故障转移') failed: 远程服务器返回错误: (504) 网关超时。
2026-09-05 19:23:14 | Watchdog | -      | ERROR       | Repair-MihomoGroup('自动选择') failed: 远程服务器返回错误: (504) 网关超时。
2026-09-05 19:23:36 | Watchdog | -      | WARN        | Direct WAN is fine and proxy port is open, but a real request THROUGH the proxy failed. Active node is dead (cached delay is stale-good). Forcing a re-test/switch on all groups.
2026-09-05 19:23:36 | Watchdog | -      | DIAG        | 2 proxy group(s) need a node switch: 故障转移, 自动选择. Re-testing and switching, not touching the NIC or restarting processes.
2026-09-05 19:23:41 | Watchdog | -      | ERROR       | Repair-MihomoGroup('故障转移') failed: 远程服务器返回错误: (504) 网关超时。
2026-09-05 19:23:46 | Watchdog | -      | ERROR       | Repair-MihomoGroup('自动选择') failed: 远程服务器返回错误: (504) 网关超时。
2026-09-05 19:24:07 | Watchdog | -      | DIAG        | 2 proxy group(s) need a node switch: 故障转移, 自动选择. Re-testing and switching, not touching the NIC or restarting processes.
2026-09-05 19:24:07 | Watchdog | -      | WARN        | Direct WAN is fine and proxy port is open, but a real request THROUGH the proxy failed. Active node is dead (cached delay is stale-good). Forcing a re-test/switch on all groups.
2026-09-05 19:24:12 | Watchdog | -      | ERROR       | Repair-MihomoGroup('故障转移') failed: 远程服务器返回错误: (504) 网关超时。
2026-09-05 19:24:17 | Watchdog | -      | ERROR       | Repair-MihomoGroup('自动选择') failed: 远程服务器返回错误: (504) 网关超时。
2026-09-05 19:24:38 | Watchdog | -      | DIAG        | 2 proxy group(s) need a node switch: 故障转移, 自动选择. Re-testing and switching, not touching the NIC or restarting processes.
2026-09-05 19:24:38 | Watchdog | -      | WARN        | Direct WAN is fine and proxy port is open, but a real request THROUGH the proxy failed. Active node is dead (cached delay is stale-good). Forcing a re-test/switch on all groups.
2026-09-05 19:24:43 | Watchdog | -      | ERROR       | Repair-MihomoGroup('故障转移') failed: 远程服务器返回错误: (504) 网关超时。
2026-09-05 19:24:48 | Watchdog | -      | ERROR       | Repair-MihomoGroup('自动选择') failed: 远程服务器返回错误: (504) 网关超时。
2026-09-05 19:25:05 | Watchdog | -      | DIAG        | 2 proxy group(s) need a node switch: 故障转移, 自动选择. Re-testing and switching, not touching the NIC or restarting processes.
2026-09-05 19:25:05 | Watchdog | -      | WARN        | Direct WAN is fine and proxy port is open, but a real request THROUGH the proxy failed. Active node is dead (cached delay is stale-good). Forcing a re-test/switch on all groups.
2026-09-05 19:25:10 | Watchdog | -      | ERROR       | Repair-MihomoGroup('故障转移') failed: 远程服务器返回错误: (504) 网关超时。
2026-09-05 19:25:15 | Watchdog | -      | ERROR       | Repair-MihomoGroup('自动选择') failed: 远程服务器返回错误: (504) 网关超时。
2026-09-05 19:25:36 | Watchdog | -      | DIAG        | 2 proxy group(s) need a node switch: 故障转移, 自动选择. Re-testing and switching, not touching the NIC or restarting processes.
2026-09-05 19:25:36 | Watchdog | -      | WARN        | Direct WAN is fine and proxy port is open, but a real request THROUGH the proxy failed. Active node is dead (cached delay is stale-good). Forcing a re-test/switch on all groups.
2026-09-05 19:25:41 | Watchdog | -      | ERROR       | Repair-MihomoGroup('故障转移') failed: 远程服务器返回错误: (504) 网关超时。
2026-09-05 19:25:46 | Watchdog | -      | ERROR       | Repair-MihomoGroup('自动选择') failed: 远程服务器返回错误: (504) 网关超时。
2026-09-05 19:26:03 | Watchdog | -      | WARN        | Direct WAN is fine and proxy port is open, but a real request THROUGH the proxy failed. Active node is dead (cached delay is stale-good). Forcing a re-test/switch on all groups.
2026-09-05 19:26:03 | Watchdog | -      | DIAG        | 2 proxy group(s) need a node switch: 故障转移, 自动选择. Re-testing and switching, not touching the NIC or restarting processes.
2026-09-05 19:26:08 | Watchdog | -      | ERROR       | Repair-MihomoGroup('故障转移') failed: 远程服务器返回错误: (504) 网关超时。
2026-09-05 19:26:13 | Watchdog | -      | ERROR       | Repair-MihomoGroup('自动选择') failed: 远程服务器返回错误: (504) 网关超时。
2026-09-05 19:26:34 | Watchdog | -      | WARN        | Direct WAN is fine and proxy port is open, but a real request THROUGH the proxy failed. Active node is dead (cached delay is stale-good). Forcing a re-test/switch on all groups.
2026-09-05 19:26:34 | Watchdog | -      | DIAG        | 2 proxy group(s) need a node switch: 故障转移, 自动选择. Re-testing and switching, not touching the NIC or restarting processes.
2026-09-05 19:26:39 | Watchdog | -      | ERROR       | Repair-MihomoGroup('故障转移') failed: 远程服务器返回错误: (504) 网关超时。
2026-09-05 19:26:44 | Watchdog | -      | ERROR       | Repair-MihomoGroup('自动选择') failed: 远程服务器返回错误: (504) 网关超时。
2026-09-05 19:27:05 | Watchdog | -      | WARN        | Direct WAN is fine and proxy port is open, but a real request THROUGH the proxy failed. Active node is dead (cached delay is stale-good). Forcing a re-test/switch on all groups.
2026-09-05 19:27:05 | Watchdog | -      | DIAG        | 2 proxy group(s) need a node switch: 故障转移, 自动选择. Re-testing and switching, not touching the NIC or restarting processes.
2026-09-05 19:27:10 | Watchdog | -      | ERROR       | Repair-MihomoGroup('故障转移') failed: 远程服务器返回错误: (504) 网关超时。
2026-09-05 19:27:15 | Watchdog | -      | ERROR       | Repair-MihomoGroup('自动选择') failed: 远程服务器返回错误: (504) 网关超时。
2026-09-06 02:47:23 | Watchdog | -      | WARN        | Direct WAN is fine and proxy port is open, but a real request THROUGH the proxy failed. Active node is dead (cached delay is stale-good). Forcing a re-test/switch on all groups.
2026-09-06 02:47:23 | Watchdog | -      | DIAG        | 4 proxy group(s) need a node switch: 故障转移, 🇪🇺欧洲自动选择, 🇺🇸美国自动选择, 🌍自动选择. Re-testing and switching, not touching the NIC or restarting processes.
2026-09-06 02:47:28 | Watchdog | -      | ACTION      | Re-tested auto-select group '[ProxyNode]; best member now '[ProxyNode] (169ms)
2026-09-06 02:47:30 | Watchdog | -      | ACTION      | Re-tested auto-select group '[ProxyNode]; best member now '[ProxyNode] (214ms)
2026-09-06 02:47:31 | Watchdog | -      | ACTION      | Re-tested auto-select group '[ProxyNode]; best member now '[ProxyNode] (172ms)
2026-09-06 02:47:36 | Watchdog | -      | ACTION      | Re-tested auto-select group '[ProxyNode]; best member now '[ProxyNode] (172ms)
2026-09-06 02:55:01 | Watchdog | -      | WARN        | Direct WAN is fine and proxy port is open, but a real request THROUGH the proxy failed. Active node is dead (cached delay is stale-good). Forcing a re-test/switch on all groups.
2026-09-06 02:55:01 | Watchdog | -      | DIAG        | 4 proxy group(s) need a node switch: 故障转移, 🇪🇺欧洲自动选择, 🇺🇸美国自动选择, 🌍自动选择. Re-testing and switching, not touching the NIC or restarting processes.
2026-09-06 02:55:06 | Watchdog | -      | ACTION      | Re-tested auto-select group '[ProxyNode]; best member now '[ProxyNode] (168ms)
2026-09-06 02:55:07 | Watchdog | -      | ACTION      | Re-tested auto-select group '[ProxyNode]; best member now '[ProxyNode] (216ms)
2026-09-06 02:55:08 | Watchdog | -      | ACTION      | Re-tested auto-select group '[ProxyNode]; best member now '[ProxyNode] (196ms)
2026-09-06 02:55:13 | Watchdog | -      | ACTION      | Re-tested auto-select group '[ProxyNode]; best member now '[ProxyNode] (173ms)
2026-09-06 03:17:59 | Watchdog | -      | DIAG        | 4 proxy group(s) need a node switch: 故障转移, 🇪🇺欧洲自动选择, 🇺🇸美国自动选择, 🌍自动选择. Re-testing and switching, not touching the NIC or restarting processes.
2026-09-06 03:17:59 | Watchdog | -      | WARN        | Direct WAN is fine and proxy port is open, but a real request THROUGH the proxy failed. Active node is dead (cached delay is stale-good). Forcing a re-test/switch on all groups.
2026-09-06 03:18:04 | Watchdog | -      | ACTION      | Re-tested auto-select group '[ProxyNode]; best member now '[ProxyNode] (170ms)
2026-09-06 03:18:05 | Watchdog | -      | ACTION      | Re-tested auto-select group '[ProxyNode]; best member now '[ProxyNode] (203ms)
2026-09-06 03:18:06 | Watchdog | -      | ACTION      | Re-tested auto-select group '[ProxyNode]; best member now '[ProxyNode] (176ms)
2026-09-06 03:18:11 | Watchdog | -      | ACTION      | Re-tested auto-select group '[ProxyNode]; best member now '[ProxyNode] (174ms)
2026-09-06 03:33:38 | Watchdog | -      | DIAG        | 4 proxy group(s) need a node switch: 故障转移, 🇪🇺欧洲自动选择, 🇺🇸美国自动选择, 🌍自动选择. Re-testing and switching, not touching the NIC or restarting processes.
2026-09-06 03:33:38 | Watchdog | -      | WARN        | Direct WAN is fine and proxy port is open, but a real request THROUGH the proxy failed. Active node is dead (cached delay is stale-good). Forcing a re-test/switch on all groups.
2026-09-06 03:33:43 | Watchdog | -      | ACTION      | Re-tested auto-select group '[ProxyNode]; best member now '[ProxyNode] (169ms)
2026-09-06 03:33:44 | Watchdog | -      | ACTION      | Re-tested auto-select group '[ProxyNode]; best member now '[ProxyNode] (205ms)
2026-09-06 03:33:45 | Watchdog | -      | ACTION      | Re-tested auto-select group '[ProxyNode]; best member now '[ProxyNode] (176ms)
2026-09-06 03:33:51 | Watchdog | -      | ACTION      | Re-tested auto-select group '[ProxyNode]; best member now '[ProxyNode] (173ms)
2026-09-06 04:49:53 | Watchdog | -      | WARN        | Direct WAN is fine and proxy port is open, but a real request THROUGH the proxy failed. Active node is dead (cached delay is stale-good). Forcing a re-test/switch on all groups.
2026-09-06 04:49:53 | Watchdog | -      | DIAG        | 4 proxy group(s) need a node switch: 故障转移, 🇪🇺欧洲自动选择, 🇺🇸美国自动选择, 🌍自动选择. Re-testing and switching, not touching the NIC or restarting processes.
2026-09-06 04:49:58 | Watchdog | -      | ACTION      | Re-tested auto-select group '[ProxyNode]; best member now '[ProxyNode] (167ms)
2026-09-06 04:49:59 | Watchdog | -      | ACTION      | Re-tested auto-select group '[ProxyNode]; best member now '[ProxyNode] (211ms)
2026-09-06 04:50:00 | Watchdog | -      | ACTION      | Re-tested auto-select group '[ProxyNode]; best member now '[ProxyNode] (173ms)
2026-09-06 04:50:05 | Watchdog | -      | ACTION      | Re-tested auto-select group '[ProxyNode]; best member now '[ProxyNode] (171ms)
2026-09-06 05:39:04 | Watchdog | -      | WARN        | Direct WAN is fine and proxy port is open, but a real request THROUGH the proxy failed. Active node is dead (cached delay is stale-good). Forcing a re-test/switch on all groups.
2026-09-06 05:39:04 | Watchdog | -      | DIAG        | 4 proxy group(s) need a node switch: 故障转移, 🇪🇺欧洲自动选择, 🇺🇸美国自动选择, 🌍自动选择. Re-testing and switching, not touching the NIC or restarting processes.
2026-09-06 05:39:10 | Watchdog | -      | ACTION      | Re-tested auto-select group '[ProxyNode]; best member now '[ProxyNode] (176ms)
2026-09-06 05:39:11 | Watchdog | -      | ACTION      | Re-tested auto-select group '[ProxyNode]; best member now '[ProxyNode] (191ms)
2026-09-06 05:39:12 | Watchdog | -      | ACTION      | Re-tested auto-select group '[ProxyNode]; best member now '[ProxyNode] (168ms)
2026-09-06 05:39:17 | Watchdog | -      | ACTION      | Re-tested auto-select group '[ProxyNode]; best member now '[ProxyNode] (174ms)
2026-09-06 06:04:44 | Watchdog | -      | WARN        | Direct WAN is fine and proxy port is open, but a real request THROUGH the proxy failed. Active node is dead (cached delay is stale-good). Forcing a re-test/switch on all groups.
2026-09-06 06:04:44 | Watchdog | -      | DIAG        | 4 proxy group(s) need a node switch: 故障转移, 🇪🇺欧洲自动选择, 🇺🇸美国自动选择, 🌍自动选择. Re-testing and switching, not touching the NIC or restarting processes.
2026-09-06 06:04:49 | Watchdog | -      | ACTION      | Re-tested auto-select group '[ProxyNode]; best member now '[ProxyNode] (169ms)
2026-09-06 06:04:50 | Watchdog | -      | ACTION      | Re-tested auto-select group '[ProxyNode]; best member now '[ProxyNode] (188ms)
2026-09-06 06:04:51 | Watchdog | -      | ACTION      | Re-tested auto-select group '[ProxyNode]; best member now '[ProxyNode] (172ms)
2026-09-06 06:04:56 | Watchdog | -      | ACTION      | Re-tested auto-select group '[ProxyNode]; best member now '[ProxyNode] (171ms)
2026-09-06 07:00:17 | Watchdog | -      | WARN        | Direct WAN is fine and proxy port is open, but a real request THROUGH the proxy failed. Active node is dead (cached delay is stale-good). Forcing a re-test/switch on all groups.
2026-09-06 07:00:17 | Watchdog | -      | DIAG        | 4 proxy group(s) need a node switch: 故障转移, 🇪🇺欧洲自动选择, 🇺🇸美国自动选择, 🌍自动选择. Re-testing and switching, not touching the NIC or restarting processes.
2026-09-06 07:00:22 | Watchdog | -      | ACTION      | Re-tested auto-select group '[ProxyNode]; best member now '[ProxyNode] (171ms)
2026-09-06 07:00:24 | Watchdog | -      | ACTION      | Re-tested auto-select group '[ProxyNode]; best member now '[ProxyNode] (208ms)
2026-09-06 07:00:25 | Watchdog | -      | ACTION      | Re-tested auto-select group '[ProxyNode]; best member now '[ProxyNode] (169ms)
2026-09-06 07:00:30 | Watchdog | -      | ACTION      | Re-tested auto-select group '[ProxyNode]; best member now '[ProxyNode] (182ms)
2026-09-06 08:38:52 | Watchdog | -      | DIAG        | 4 proxy group(s) need a node switch: 故障转移, 🇪🇺欧洲自动选择, 🇺🇸美国自动选择, 🌍自动选择. Re-testing and switching, not touching the NIC or restarting processes.
2026-09-06 08:38:52 | Watchdog | -      | WARN        | Direct WAN is fine and proxy port is open, but a real request THROUGH the proxy failed. Active node is dead (cached delay is stale-good). Forcing a re-test/switch on all groups.
2026-09-06 08:38:57 | Watchdog | -      | ACTION      | Re-tested auto-select group '[ProxyNode]; best member now '[ProxyNode] (168ms)
2026-09-06 08:38:58 | Watchdog | -      | ACTION      | Re-tested auto-select group '[ProxyNode]; best member now '[ProxyNode] (194ms)
2026-09-06 08:38:59 | Watchdog | -      | ACTION      | Re-tested auto-select group '[ProxyNode]; best member now '[ProxyNode] (169ms)
2026-09-06 08:39:04 | Watchdog | -      | ACTION      | Re-tested auto-select group '[ProxyNode]; best member now '[ProxyNode] (177ms)
2026-09-06 08:44:06 | Watchdog | -      | DIAG        | 4 proxy group(s) need a node switch: 故障转移, 🇪🇺欧洲自动选择, 🇺🇸美国自动选择, 🌍自动选择. Re-testing and switching, not touching the NIC or restarting processes.
2026-09-06 08:44:06 | Watchdog | -      | WARN        | Direct WAN is fine and proxy port is open, but a real request THROUGH the proxy failed. Active node is dead (cached delay is stale-good). Forcing a re-test/switch on all groups.
2026-09-06 08:44:11 | Watchdog | -      | ACTION      | Re-tested auto-select group '[ProxyNode]; best member now '[ProxyNode] (186ms)
2026-09-06 08:44:12 | Watchdog | -      | ACTION      | Re-tested auto-select group '[ProxyNode]; best member now '[ProxyNode] (188ms)
2026-09-06 08:44:13 | Watchdog | -      | ACTION      | Re-tested auto-select group '[ProxyNode]; best member now '[ProxyNode] (170ms)
2026-09-06 08:44:18 | Watchdog | -      | ACTION      | Re-tested auto-select group '[ProxyNode]; best member now '[ProxyNode] (169ms)
2026-09-06 09:07:25 | Watchdog | -      | WARN        | Direct WAN is fine and proxy port is open, but a real request THROUGH the proxy failed. Active node is dead (cached delay is stale-good). Forcing a re-test/switch on all groups.
2026-09-06 09:07:25 | Watchdog | -      | DIAG        | 4 proxy group(s) need a node switch: 故障转移, 🇪🇺欧洲自动选择, 🇺🇸美国自动选择, 🌍自动选择. Re-testing and switching, not touching the NIC or restarting processes.
2026-09-06 09:07:30 | Watchdog | -      | ACTION      | Re-tested auto-select group '[ProxyNode]; best member now '[ProxyNode] (172ms)
2026-09-06 09:07:32 | Watchdog | -      | ACTION      | Re-tested auto-select group '[ProxyNode]; best member now '[ProxyNode] (187ms)
2026-09-06 09:07:34 | Watchdog | -      | ACTION      | Re-tested auto-select group '[ProxyNode]; best member now '[ProxyNode] (175ms)
2026-09-06 09:07:39 | Watchdog | -      | ACTION      | Re-tested auto-select group '[ProxyNode]; best member now '[ProxyNode] (176ms)
2026-09-06 09:47:41 | Watchdog | -      | WARN        | Direct WAN is fine and proxy port is open, but a real request THROUGH the proxy failed. Active node is dead (cached delay is stale-good). Forcing a re-test/switch on all groups.
2026-09-06 09:47:41 | Watchdog | -      | DIAG        | 4 proxy group(s) need a node switch: 故障转移, 🇪🇺欧洲自动选择, 🇺🇸美国自动选择, 🌍自动选择. Re-testing and switching, not touching the NIC or restarting processes.
2026-09-06 09:47:46 | Watchdog | -      | ACTION      | Re-tested auto-select group '[ProxyNode]; best member now '[ProxyNode] (169ms)
2026-09-06 09:47:48 | Watchdog | -      | ACTION      | Re-tested auto-select group '[ProxyNode]; best member now '[ProxyNode] (205ms)
2026-09-06 09:47:49 | Watchdog | -      | ACTION      | Re-tested auto-select group '[ProxyNode]; best member now '[ProxyNode] (170ms)
2026-09-06 09:47:54 | Watchdog | -      | ACTION      | Re-tested auto-select group '[ProxyNode]; best member now '[ProxyNode] (173ms)
2026-09-06 10:53:27 | Watchdog | -      | WARN        | Direct WAN is fine and proxy port is open, but a real request THROUGH the proxy failed. Active node is dead (cached delay is stale-good). Forcing a re-test/switch on all groups.
2026-09-06 10:53:28 | Watchdog | -      | DIAG        | 4 proxy group(s) need a node switch: 故障转移, 🇪🇺欧洲自动选择, 🇺🇸美国自动选择, 🌍自动选择. Re-testing and switching, not touching the NIC or restarting processes.
2026-09-06 10:53:33 | Watchdog | -      | ACTION      | Re-tested auto-select group '[ProxyNode]; best member now '[ProxyNode] (169ms)
2026-09-06 10:53:34 | Watchdog | -      | ACTION      | Re-tested auto-select group '[ProxyNode]; best member now '[ProxyNode] (193ms)
2026-09-06 10:53:36 | Watchdog | -      | ACTION      | Re-tested auto-select group '[ProxyNode]; best member now '[ProxyNode] (169ms)
2026-09-06 10:53:41 | Watchdog | -      | ACTION      | Re-tested auto-select group '[ProxyNode]; best member now '[ProxyNode] (175ms)
2026-09-06 11:50:09 | Watchdog | -      | DIAG        | 4 proxy group(s) need a node switch: 故障转移, 🇪🇺欧洲自动选择, 🇺🇸美国自动选择, 🌍自动选择. Re-testing and switching, not touching the NIC or restarting processes.
2026-09-06 11:50:09 | Watchdog | -      | WARN        | Direct WAN is fine and proxy port is open, but a real request THROUGH the proxy failed. Active node is dead (cached delay is stale-good). Forcing a re-test/switch on all groups.
2026-09-06 11:50:14 | Watchdog | -      | ACTION      | Re-tested auto-select group '[ProxyNode]; best member now '[ProxyNode] (184ms)
2026-09-06 11:50:17 | Watchdog | -      | ACTION      | Re-tested auto-select group '[ProxyNode]; best member now '[ProxyNode] (192ms)
2026-09-06 11:50:18 | Watchdog | -      | ACTION      | Re-tested auto-select group '[ProxyNode]; best member now '[ProxyNode] (180ms)
2026-09-06 11:50:23 | Watchdog | -      | ACTION      | Re-tested auto-select group '[ProxyNode]; best member now '[ProxyNode] (175ms)
2026-09-06 12:12:07 | Watchdog | -      | WARN        | Direct WAN is fine and proxy port is open, but a real request THROUGH the proxy failed. Active node is dead (cached delay is stale-good). Forcing a re-test/switch on all groups.
2026-09-06 12:12:07 | Watchdog | -      | DIAG        | 4 proxy group(s) need a node switch: 故障转移, 🇪🇺欧洲自动选择, 🇺🇸美国自动选择, 🌍自动选择. Re-testing and switching, not touching the NIC or restarting processes.
2026-09-06 12:12:12 | Watchdog | -      | ACTION      | Re-tested auto-select group '[ProxyNode]; best member now '[ProxyNode] (194ms)
2026-09-06 12:12:14 | Watchdog | -      | ACTION      | Re-tested auto-select group '[ProxyNode]; best member now '[ProxyNode] (205ms)
2026-09-06 12:12:19 | Watchdog | -      | ACTION      | Re-tested auto-select group '[ProxyNode]; best member now '[ProxyNode] (210ms)
2026-09-06 12:12:24 | Watchdog | -      | ACTION      | Re-tested auto-select group '[ProxyNode]; best member now '[ProxyNode] (196ms)
2026-09-06 12:13:01 | Watchdog | -      | DIAG        | 4 proxy group(s) need a node switch: 故障转移, 🇪🇺欧洲自动选择, 🇺🇸美国自动选择, 🌍自动选择. Re-testing and switching, not touching the NIC or restarting processes.
2026-09-06 12:13:01 | Watchdog | -      | WARN        | Direct WAN is fine and proxy port is open, but a real request THROUGH the proxy failed. Active node is dead (cached delay is stale-good). Forcing a re-test/switch on all groups.
2026-09-06 12:13:06 | Watchdog | -      | ACTION      | Re-tested auto-select group '[ProxyNode]; best member now '[ProxyNode] (161ms)
2026-09-06 12:13:07 | Watchdog | -      | ACTION      | Re-tested auto-select group '[ProxyNode]; best member now '[ProxyNode] (210ms)
2026-09-06 12:13:08 | Watchdog | -      | ACTION      | Re-tested auto-select group '[ProxyNode]; best member now '[ProxyNode] (171ms)
2026-09-06 12:13:13 | Watchdog | -      | ACTION      | Re-tested auto-select group '[ProxyNode]; best member now '[ProxyNode] (170ms)
2026-09-06 12:13:50 | Watchdog | -      | DIAG        | 4 proxy group(s) need a node switch: 故障转移, 🇪🇺欧洲自动选择, 🇺🇸美国自动选择, 🌍自动选择. Re-testing and switching, not touching the NIC or restarting processes.
2026-09-06 12:13:50 | Watchdog | -      | WARN        | Direct WAN is fine and proxy port is open, but a real request THROUGH the proxy failed. Active node is dead (cached delay is stale-good). Forcing a re-test/switch on all groups.
2026-09-06 12:13:55 | Watchdog | -      | ACTION      | Re-tested auto-select group '[ProxyNode]; best member now '[ProxyNode] (179ms)
2026-09-06 12:13:56 | Watchdog | -      | ACTION      | Re-tested auto-select group '[ProxyNode]; best member now '[ProxyNode] (197ms)
2026-09-06 12:13:57 | Watchdog | -      | ACTION      | Re-tested auto-select group '[ProxyNode]; best member now '[ProxyNode] (172ms)
2026-09-06 12:14:02 | Watchdog | -      | ACTION      | Re-tested auto-select group '[ProxyNode]; best member now '[ProxyNode] (172ms)
2026-09-06 13:36:10 | Watchdog | -      | DIAG        | 4 proxy group(s) need a node switch: 故障转移, 🇪🇺欧洲自动选择, 🇺🇸美国自动选择, 🌍自动选择. Re-testing and switching, not touching the NIC or restarting processes.
2026-09-06 13:36:10 | Watchdog | -      | WARN        | Direct WAN is fine and proxy port is open, but a real request THROUGH the proxy failed. Active node is dead (cached delay is stale-good). Forcing a re-test/switch on all groups.
2026-09-06 13:36:15 | Watchdog | -      | ACTION      | Re-tested auto-select group '[ProxyNode]; best member now '[ProxyNode] (185ms)
2026-09-06 13:36:17 | Watchdog | -      | ACTION      | Re-tested auto-select group '[ProxyNode]; best member now '[ProxyNode] (180ms)
2026-09-06 13:36:17 | Watchdog | -      | ACTION      | Re-tested auto-select group '[ProxyNode]; best member now '[ProxyNode] (204ms)
2026-09-06 13:36:23 | Watchdog | -      | ACTION      | Re-tested auto-select group '[ProxyNode]; best member now '[ProxyNode] (180ms)
2026-09-06 13:39:49 | Watchdog | -      | DIAG        | 4 proxy group(s) need a node switch: 故障转移, 🇪🇺欧洲自动选择, 🇺🇸美国自动选择, 🌍自动选择. Re-testing and switching, not touching the NIC or restarting processes.
2026-09-06 13:39:49 | Watchdog | -      | WARN        | Direct WAN is fine and proxy port is open, but a real request THROUGH the proxy failed. Active node is dead (cached delay is stale-good). Forcing a re-test/switch on all groups.
2026-09-06 13:39:54 | Watchdog | -      | ACTION      | Re-tested auto-select group '[ProxyNode]; best member now '[ProxyNode] (172ms)
2026-09-06 13:39:56 | Watchdog | -      | ACTION      | Re-tested auto-select group '[ProxyNode]; best member now '[ProxyNode] (195ms)
2026-09-06 13:40:01 | Watchdog | -      | ACTION      | Re-tested auto-select group '[ProxyNode]; best member now '[ProxyNode] (180ms)
2026-09-06 13:40:07 | Watchdog | -      | ACTION      | Re-tested auto-select group '[ProxyNode]; best member now '[ProxyNode] (171ms)
2026-09-06 13:58:26 | Watchdog | -      | DIAG        | 4 proxy group(s) need a node switch: 故障转移, 🇪🇺欧洲自动选择, 🇺🇸美国自动选择, 🌍自动选择. Re-testing and switching, not touching the NIC or restarting processes.
2026-09-06 13:58:26 | Watchdog | -      | WARN        | Direct WAN is fine and proxy port is open, but a real request THROUGH the proxy failed. Active node is dead (cached delay is stale-good). Forcing a re-test/switch on all groups.
2026-09-06 13:58:31 | Watchdog | -      | ACTION      | Re-tested auto-select group '[ProxyNode]; best member now '[ProxyNode] (174ms)
2026-09-06 13:58:35 | Watchdog | -      | ACTION      | Re-tested auto-select group '[ProxyNode]; best member now '[ProxyNode] (205ms)
2026-09-06 13:58:36 | Watchdog | -      | ACTION      | Re-tested auto-select group '[ProxyNode]; best member now '[ProxyNode] (173ms)
2026-09-06 13:58:41 | Watchdog | -      | ACTION      | Re-tested auto-select group '[ProxyNode]; best member now '[ProxyNode] (174ms)
2026-09-06 14:02:24 | Watchdog | -      | DIAG        | 4 proxy group(s) need a node switch: 故障转移, 🇪🇺欧洲自动选择, 🇺🇸美国自动选择, 🌍自动选择. Re-testing and switching, not touching the NIC or restarting processes.
2026-09-06 14:02:24 | Watchdog | -      | WARN        | Direct WAN is fine and proxy port is open, but a real request THROUGH the proxy failed. Active node is dead (cached delay is stale-good). Forcing a re-test/switch on all groups.
2026-09-06 14:02:29 | Watchdog | -      | ACTION      | Re-tested auto-select group '[ProxyNode]; best member now '[ProxyNode] (187ms)
2026-09-06 14:02:30 | Watchdog | -      | ACTION      | Re-tested auto-select group '[ProxyNode]; best member now '[ProxyNode] (204ms)
2026-09-06 14:02:31 | Watchdog | -      | ACTION      | Re-tested auto-select group '[ProxyNode]; best member now '[ProxyNode] (177ms)
2026-09-06 14:02:36 | Watchdog | -      | ACTION      | Re-tested auto-select group '[ProxyNode]; best member now '[ProxyNode] (188ms)
2026-09-06 14:54:24 | Watchdog | -      | DIAG        | 4 proxy group(s) need a node switch: 故障转移, 🇪🇺欧洲自动选择, 🇺🇸美国自动选择, 🌍自动选择. Re-testing and switching, not touching the NIC or restarting processes.
2026-09-06 14:54:24 | Watchdog | -      | WARN        | Direct WAN is fine and proxy port is open, but a real request THROUGH the proxy failed. Active node is dead (cached delay is stale-good). Forcing a re-test/switch on all groups.
2026-09-06 14:54:29 | Watchdog | -      | ACTION      | Re-tested auto-select group '[ProxyNode]; best member now '[ProxyNode] (175ms)
2026-09-06 14:54:31 | Watchdog | -      | ACTION      | Re-tested auto-select group '[ProxyNode]; best member now '[ProxyNode] (204ms)
2026-09-06 14:54:32 | Watchdog | -      | ACTION      | Re-tested auto-select group '[ProxyNode]; best member now '[ProxyNode] (172ms)
2026-09-06 14:54:37 | Watchdog | -      | ACTION      | Re-tested auto-select group '[ProxyNode]; best member now '[ProxyNode] (174ms)
2026-09-06 15:08:04 | Watchdog | -      | DIAG        | 4 proxy group(s) need a node switch: 故障转移, 🇪🇺欧洲自动选择, 🇺🇸美国自动选择, 🌍自动选择. Re-testing and switching, not touching the NIC or restarting processes.
2026-09-06 15:08:04 | Watchdog | -      | WARN        | Direct WAN is fine and proxy port is open, but a real request THROUGH the proxy failed. Active node is dead (cached delay is stale-good). Forcing a re-test/switch on all groups.
2026-09-06 15:08:09 | Watchdog | -      | ACTION      | Re-tested auto-select group '[ProxyNode]; best member now '[ProxyNode] (175ms)
2026-09-06 15:08:10 | Watchdog | -      | ACTION      | Re-tested auto-select group '[ProxyNode]; best member now '[ProxyNode] (222ms)
2026-09-06 15:08:11 | Watchdog | -      | ACTION      | Re-tested auto-select group '[ProxyNode]; best member now '[ProxyNode] (172ms)
2026-09-06 15:08:16 | Watchdog | -      | ACTION      | Re-tested auto-select group '[ProxyNode]; best member now '[ProxyNode] (174ms)
2026-09-06 16:30:53 | Watchdog | -      | DIAG        | 4 proxy group(s) need a node switch: 故障转移, 🇪🇺欧洲自动选择, 🇺🇸美国自动选择, 🌍自动选择. Re-testing and switching, not touching the NIC or restarting processes.
2026-09-06 16:30:53 | Watchdog | -      | WARN        | Direct WAN is fine and proxy port is open, but a real request THROUGH the proxy failed. Active node is dead (cached delay is stale-good). Forcing a re-test/switch on all groups.
2026-09-06 16:30:58 | Watchdog | -      | ACTION      | Re-tested auto-select group '[ProxyNode]; best member now '[ProxyNode] (175ms)
2026-09-06 16:31:00 | Watchdog | -      | ACTION      | Re-tested auto-select group '[ProxyNode]; best member now '[ProxyNode] (202ms)
2026-09-06 16:31:01 | Watchdog | -      | ACTION      | Re-tested auto-select group '[ProxyNode]; best member now '[ProxyNode] (174ms)
2026-09-06 16:31:06 | Watchdog | -      | ACTION      | Re-tested auto-select group '[ProxyNode]; best member now '[ProxyNode] (171ms)
2026-09-06 17:22:45 | Watchdog | -      | DIAG        | 4 proxy group(s) need a node switch: 故障转移, 🇪🇺欧洲自动选择, 🇺🇸美国自动选择, 🌍自动选择. Re-testing and switching, not touching the NIC or restarting processes.
2026-09-06 17:22:45 | Watchdog | -      | WARN        | Direct WAN is fine and proxy port is open, but a real request THROUGH the proxy failed. Active node is dead (cached delay is stale-good). Forcing a re-test/switch on all groups.
2026-09-06 17:22:50 | Watchdog | -      | ACTION      | Re-tested auto-select group '[ProxyNode]; best member now '[ProxyNode] (162ms)
2026-09-06 17:22:52 | Watchdog | -      | ACTION      | Re-tested auto-select group '[ProxyNode]; best member now '[ProxyNode] (204ms)
2026-09-06 17:22:53 | Watchdog | -      | ACTION      | Re-tested auto-select group '[ProxyNode]; best member now '[ProxyNode] (166ms)
2026-09-06 17:22:58 | Watchdog | -      | ACTION      | Re-tested auto-select group '[ProxyNode]; best member now '[ProxyNode] (176ms)
2026-09-06 17:55:55 | Watchdog | -      | DIAG        | 4 proxy group(s) need a node switch: 故障转移, 🇪🇺欧洲自动选择, 🇺🇸美国自动选择, 🌍自动选择. Re-testing and switching, not touching the NIC or restarting processes.
2026-09-06 17:55:55 | Watchdog | -      | WARN        | Direct WAN is fine and proxy port is open, but a real request THROUGH the proxy failed. Active node is dead (cached delay is stale-good). Forcing a re-test/switch on all groups.
2026-09-06 17:56:00 | Watchdog | -      | ACTION      | Re-tested auto-select group '[ProxyNode]; best member now '[ProxyNode] (172ms)
2026-09-06 17:56:02 | Watchdog | -      | ACTION      | Re-tested auto-select group '[ProxyNode]; best member now '[ProxyNode] (192ms)
2026-09-06 17:56:03 | Watchdog | -      | ACTION      | Re-tested auto-select group '[ProxyNode]; best member now '[ProxyNode] (171ms)
2026-09-06 17:56:08 | Watchdog | -      | ACTION      | Re-tested auto-select group '[ProxyNode]; best member now '[ProxyNode] (161ms)
2026-09-06 18:38:12 | Watchdog | -      | DIAG        | 4 proxy group(s) need a node switch: 故障转移, 🇪🇺欧洲自动选择, 🇺🇸美国自动选择, 🌍自动选择. Re-testing and switching, not touching the NIC or restarting processes.
2026-09-06 18:38:12 | Watchdog | -      | WARN        | Direct WAN is fine and proxy port is open, but a real request THROUGH the proxy failed. Active node is dead (cached delay is stale-good). Forcing a re-test/switch on all groups.
2026-09-06 18:38:18 | Watchdog | -      | ACTION      | Re-tested auto-select group '[ProxyNode]; best member now '[ProxyNode] (170ms)
2026-09-06 18:38:20 | Watchdog | -      | ACTION      | Re-tested auto-select group '[ProxyNode]; best member now '[ProxyNode] (195ms)
2026-09-06 18:38:22 | Watchdog | -      | ACTION      | Re-tested auto-select group '[ProxyNode]; best member now '[ProxyNode] (162ms)
2026-09-06 18:38:27 | Watchdog | -      | ACTION      | Re-tested auto-select group '[ProxyNode]; best member now '[ProxyNode] (162ms)
2026-09-06 18:52:00 | Watchdog | -      | DIAG        | 4 proxy group(s) need a node switch: 故障转移, 🇪🇺欧洲自动选择, 🇺🇸美国自动选择, 🌍自动选择. Re-testing and switching, not touching the NIC or restarting processes.
2026-09-06 18:52:00 | Watchdog | -      | WARN        | Direct WAN is fine and proxy port is open, but a real request THROUGH the proxy failed. Active node is dead (cached delay is stale-good). Forcing a re-test/switch on all groups.
2026-09-06 18:52:07 | Watchdog | -      | ACTION      | Re-tested auto-select group '[ProxyNode]; best member now '[ProxyNode] (171ms)
2026-09-06 18:52:08 | Watchdog | -      | ACTION      | Re-tested auto-select group '[ProxyNode]; best member now '[ProxyNode] (197ms)
2026-09-06 18:52:14 | Watchdog | -      | ACTION      | Re-tested auto-select group '[ProxyNode]; best member now '[ProxyNode] (164ms)
2026-09-06 18:52:19 | Watchdog | -      | ACTION      | Re-tested auto-select group '[ProxyNode]; best member now '[ProxyNode] (160ms)
2026-09-06 18:56:32 | Watchdog | -      | DIAG        | 4 proxy group(s) need a node switch: 故障转移, 🇪🇺欧洲自动选择, 🇺🇸美国自动选择, 🌍自动选择. Re-testing and switching, not touching the NIC or restarting processes.
2026-09-06 18:56:32 | Watchdog | -      | WARN        | Direct WAN is fine and proxy port is open, but a real request THROUGH the proxy failed. Active node is dead (cached delay is stale-good). Forcing a re-test/switch on all groups.
2026-09-06 18:56:38 | Watchdog | -      | ACTION      | Re-tested auto-select group '[ProxyNode]; best member now '[ProxyNode] (168ms)
2026-09-06 18:56:40 | Watchdog | -      | ACTION      | Re-tested auto-select group '[ProxyNode]; best member now '[ProxyNode] (193ms)
2026-09-06 18:56:44 | Watchdog | -      | ACTION      | Re-tested auto-select group '[ProxyNode]; best member now '[ProxyNode] (160ms)
2026-09-06 18:56:49 | Watchdog | -      | ACTION      | Re-tested auto-select group '[ProxyNode]; best member now '[ProxyNode] (175ms)
2026-09-06 18:58:27 | Watchdog | -      | DIAG        | 4 proxy group(s) need a node switch: 故障转移, 🇪🇺欧洲自动选择, 🇺🇸美国自动选择, 🌍自动选择. Re-testing and switching, not touching the NIC or restarting processes.
2026-09-06 18:58:27 | Watchdog | -      | WARN        | Direct WAN is fine and proxy port is open, but a real request THROUGH the proxy failed. Active node is dead (cached delay is stale-good). Forcing a re-test/switch on all groups.
2026-09-06 18:58:33 | Watchdog | -      | ACTION      | Re-tested auto-select group '[ProxyNode]; best member now '[ProxyNode] (162ms)
2026-09-06 18:58:34 | Watchdog | -      | ACTION      | Re-tested auto-select group '[ProxyNode]; best member now '[ProxyNode] (192ms)
2026-09-06 18:58:37 | Watchdog | -      | ACTION      | Re-tested auto-select group '[ProxyNode]; best member now '[ProxyNode] (162ms)
2026-09-06 18:58:42 | Watchdog | -      | ACTION      | Re-tested auto-select group '[ProxyNode]; best member now '[ProxyNode] (160ms)
2026-09-06 19:03:01 | Watchdog | -      | WARN        | Direct WAN is fine and proxy port is open, but a real request THROUGH the proxy failed. Active node is dead (cached delay is stale-good). Forcing a re-test/switch on all groups.
2026-09-06 19:03:02 | Watchdog | -      | DIAG        | 4 proxy group(s) need a node switch: 故障转移, 🇪🇺欧洲自动选择, 🇺🇸美国自动选择, 🌍自动选择. Re-testing and switching, not touching the NIC or restarting processes.
2026-09-06 19:03:07 | Watchdog | -      | ACTION      | Re-tested auto-select group '[ProxyNode]; best member now '[ProxyNode] (169ms)
2026-09-06 19:03:08 | Watchdog | -      | ACTION      | Re-tested auto-select group '[ProxyNode]; best member now '[ProxyNode] (193ms)
2026-09-06 19:03:10 | Watchdog | -      | ACTION      | Re-tested auto-select group '[ProxyNode]; best member now '[ProxyNode] (187ms)
2026-09-06 19:03:15 | Watchdog | -      | ACTION      | Re-tested auto-select group '[ProxyNode]; best member now '[ProxyNode] (176ms)
2026-09-06 19:04:39 | Watchdog | -      | DIAG        | 4 proxy group(s) need a node switch: 故障转移, 🇪🇺欧洲自动选择, 🇺🇸美国自动选择, 🌍自动选择. Re-testing and switching, not touching the NIC or restarting processes.
2026-09-06 19:04:39 | Watchdog | -      | WARN        | Direct WAN is fine and proxy port is open, but a real request THROUGH the proxy failed. Active node is dead (cached delay is stale-good). Forcing a re-test/switch on all groups.
2026-09-06 19:04:44 | Watchdog | -      | ACTION      | Re-tested auto-select group '[ProxyNode]; best member now '[ProxyNode] (166ms)
2026-09-06 19:04:45 | Watchdog | -      | ACTION      | Re-tested auto-select group '[ProxyNode]; best member now '[ProxyNode] (193ms)
2026-09-06 19:04:50 | Watchdog | -      | ACTION      | Re-tested auto-select group '[ProxyNode]; best member now '[ProxyNode] (162ms)
2026-09-06 19:04:56 | Watchdog | -      | ACTION      | Re-tested auto-select group '[ProxyNode]; best member now '[ProxyNode] (174ms)
2026-09-06 19:11:13 | Watchdog | -      | DIAG        | 4 proxy group(s) need a node switch: 故障转移, 🇪🇺欧洲自动选择, 🇺🇸美国自动选择, 🌍自动选择. Re-testing and switching, not touching the NIC or restarting processes.
2026-09-06 19:11:13 | Watchdog | -      | WARN        | Direct WAN is fine and proxy port is open, but a real request THROUGH the proxy failed. Active node is dead (cached delay is stale-good). Forcing a re-test/switch on all groups.
2026-09-06 19:11:19 | Watchdog | -      | ACTION      | Re-tested auto-select group '[ProxyNode]; best member now '[ProxyNode] (186ms)
2026-09-06 19:11:20 | Watchdog | -      | ACTION      | Re-tested auto-select group '[ProxyNode]; best member now '[ProxyNode] (200ms)
2026-09-06 19:11:21 | Watchdog | -      | ACTION      | Re-tested auto-select group '[ProxyNode]; best member now '[ProxyNode] (171ms)
2026-09-06 19:11:26 | Watchdog | -      | ACTION      | Re-tested auto-select group '[ProxyNode]; best member now '[ProxyNode] (162ms)
2026-09-06 19:15:28 | Watchdog | -      | DIAG        | 4 proxy group(s) need a node switch: 故障转移, 🇪🇺欧洲自动选择, 🇺🇸美国自动选择, 🌍自动选择. Re-testing and switching, not touching the NIC or restarting processes.
2026-09-06 19:15:28 | Watchdog | -      | WARN        | Direct WAN is fine and proxy port is open, but a real request THROUGH the proxy failed. Active node is dead (cached delay is stale-good). Forcing a re-test/switch on all groups.
2026-09-06 19:15:34 | Watchdog | -      | ACTION      | Re-tested auto-select group '[ProxyNode]; best member now '[ProxyNode] (169ms)
2026-09-06 19:15:36 | Watchdog | -      | ACTION      | Re-tested auto-select group '[ProxyNode]; best member now '[ProxyNode] (195ms)
2026-09-06 19:15:42 | Watchdog | -      | ACTION      | Re-tested auto-select group '[ProxyNode]; best member now '[ProxyNode] (169ms)
2026-09-06 19:15:47 | Watchdog | -      | ACTION      | Re-tested auto-select group '[ProxyNode]; best member now '[ProxyNode] (161ms)
2026-09-06 19:23:37 | Watchdog | -      | DIAG        | 4 proxy group(s) need a node switch: 故障转移, 🇪🇺欧洲自动选择, 🇺🇸美国自动选择, 🌍自动选择. Re-testing and switching, not touching the NIC or restarting processes.
2026-09-06 19:23:37 | Watchdog | -      | WARN        | Direct WAN is fine and proxy port is open, but a real request THROUGH the proxy failed. Active node is dead (cached delay is stale-good). Forcing a re-test/switch on all groups.
2026-09-06 19:23:42 | Watchdog | -      | ACTION      | Re-tested auto-select group '[ProxyNode]; best member now '[ProxyNode] (162ms)
2026-09-06 19:23:44 | Watchdog | -      | ACTION      | Re-tested auto-select group '[ProxyNode]; best member now '[ProxyNode] (195ms)
2026-09-06 19:23:49 | Watchdog | -      | ACTION      | Re-tested auto-select group '[ProxyNode]; best member now '[ProxyNode] (168ms)
2026-09-06 19:23:54 | Watchdog | -      | ACTION      | Re-tested auto-select group '[ProxyNode]; best member now '[ProxyNode] (171ms)
2026-09-06 19:30:09 | Watchdog | -      | DIAG        | 4 proxy group(s) need a node switch: 故障转移, 🇪🇺欧洲自动选择, 🇺🇸美国自动选择, 🌍自动选择. Re-testing and switching, not touching the NIC or restarting processes.
2026-09-06 19:30:09 | Watchdog | -      | WARN        | Direct WAN is fine and proxy port is open, but a real request THROUGH the proxy failed. Active node is dead (cached delay is stale-good). Forcing a re-test/switch on all groups.
2026-09-06 19:30:14 | Watchdog | -      | ACTION      | Re-tested auto-select group '[ProxyNode]; best member now '[ProxyNode] (170ms)
2026-09-06 19:30:15 | Watchdog | -      | ACTION      | Re-tested auto-select group '[ProxyNode]; best member now '[ProxyNode] (205ms)
2026-09-06 19:30:20 | Watchdog | -      | ACTION      | Re-tested auto-select group '[ProxyNode]; best member now '[ProxyNode] (169ms)
2026-09-06 19:30:25 | Watchdog | -      | ACTION      | Re-tested auto-select group '[ProxyNode]; best member now '[ProxyNode] (169ms)
2026-09-06 19:34:26 | Watchdog | -      | DIAG        | 4 proxy group(s) need a node switch: 故障转移, 🇪🇺欧洲自动选择, 🇺🇸美国自动选择, 🌍自动选择. Re-testing and switching, not touching the NIC or restarting processes.
2026-09-06 19:34:26 | Watchdog | -      | WARN        | Direct WAN is fine and proxy port is open, but a real request THROUGH the proxy failed. Active node is dead (cached delay is stale-good). Forcing a re-test/switch on all groups.
2026-09-06 19:34:33 | Watchdog | -      | ACTION      | Re-tested auto-select group '[ProxyNode]; best member now '[ProxyNode] (175ms)
2026-09-06 19:34:34 | Watchdog | -      | ACTION      | Re-tested auto-select group '[ProxyNode]; best member now '[ProxyNode] (209ms)
2026-09-06 19:34:36 | Watchdog | -      | ACTION      | Re-tested auto-select group '[ProxyNode]; best member now '[ProxyNode] (166ms)
2026-09-06 19:34:42 | Watchdog | -      | ACTION      | Re-tested auto-select group '[ProxyNode]; best member now '[ProxyNode] (166ms)
2026-09-06 19:36:38 | Watchdog | -      | DIAG        | 4 proxy group(s) need a node switch: 故障转移, 🇪🇺欧洲自动选择, 🇺🇸美国自动选择, 🌍自动选择. Re-testing and switching, not touching the NIC or restarting processes.
2026-09-06 19:36:38 | Watchdog | -      | WARN        | Direct WAN is fine and proxy port is open, but a real request THROUGH the proxy failed. Active node is dead (cached delay is stale-good). Forcing a re-test/switch on all groups.
2026-09-06 19:36:43 | Watchdog | -      | ACTION      | Re-tested auto-select group '[ProxyNode]; best member now '[ProxyNode] (174ms)
2026-09-06 19:36:45 | Watchdog | -      | ACTION      | Re-tested auto-select group '[ProxyNode]; best member now '[ProxyNode] (199ms)
2026-09-06 19:36:46 | Watchdog | -      | ACTION      | Re-tested auto-select group '[ProxyNode]; best member now '[ProxyNode] (172ms)
2026-09-06 19:36:51 | Watchdog | -      | ACTION      | Re-tested auto-select group '[ProxyNode]; best member now '[ProxyNode] (165ms)
2026-09-06 19:40:54 | Watchdog | -      | DIAG        | 4 proxy group(s) need a node switch: 故障转移, 🇪🇺欧洲自动选择, 🇺🇸美国自动选择, 🌍自动选择. Re-testing and switching, not touching the NIC or restarting processes.
2026-09-06 19:40:54 | Watchdog | -      | WARN        | Direct WAN is fine and proxy port is open, but a real request THROUGH the proxy failed. Active node is dead (cached delay is stale-good). Forcing a re-test/switch on all groups.
2026-09-06 19:41:00 | Watchdog | -      | ACTION      | Re-tested auto-select group '[ProxyNode]; best member now '[ProxyNode] (193ms)
2026-09-06 19:41:02 | Watchdog | -      | ACTION      | Re-tested auto-select group '[ProxyNode]; best member now '[ProxyNode] (202ms)
2026-09-06 19:41:08 | Watchdog | -      | ACTION      | Re-tested auto-select group '[ProxyNode]; best member now '[ProxyNode] (167ms)
2026-09-06 19:41:13 | Watchdog | -      | ERROR       | Repair-MihomoGroup('🌍自动选择') failed: 远程服务器返回错误: (504) 网关超时。
2026-09-06 19:42:16 | Watchdog | -      | DIAG        | 4 proxy group(s) need a node switch: 故障转移, 🇪🇺欧洲自动选择, 🇺🇸美国自动选择, 🌍自动选择. Re-testing and switching, not touching the NIC or restarting processes.
2026-09-06 19:42:21 | Watchdog | -      | ACTION      | Re-tested auto-select group '[ProxyNode]; best member now '[ProxyNode] (169ms)
2026-09-06 19:42:22 | Watchdog | -      | ACTION      | Re-tested auto-select group '[ProxyNode]; best member now '[ProxyNode] (201ms)
2026-09-06 19:42:23 | Watchdog | -      | ACTION      | Re-tested auto-select group '[ProxyNode]; best member now '[ProxyNode] (178ms)
2026-09-06 19:42:28 | Watchdog | -      | ACTION      | Re-tested auto-select group '[ProxyNode]; best member now '[ProxyNode] (167ms)
2026-09-06 19:47:07 | Watchdog | -      | WARN        | Direct WAN is fine and proxy port is open, but a real request THROUGH the proxy failed. Active node is dead (cached delay is stale-good). Forcing a re-test/switch on all groups.
2026-09-06 19:47:08 | Watchdog | -      | DIAG        | 4 proxy group(s) need a node switch: 故障转移, 🇪🇺欧洲自动选择, 🇺🇸美国自动选择, 🌍自动选择. Re-testing and switching, not touching the NIC or restarting processes.
2026-09-06 19:47:13 | Watchdog | -      | ACTION      | Re-tested auto-select group '[ProxyNode]; best member now '[ProxyNode] (178ms)
2026-09-06 19:47:14 | Watchdog | -      | ACTION      | Re-tested auto-select group '[ProxyNode]; best member now '[ProxyNode] (224ms)
2026-09-06 19:47:20 | Watchdog | -      | ACTION      | Re-tested auto-select group '[ProxyNode]; best member now '[ProxyNode] (168ms)
2026-09-06 19:47:28 | Watchdog | -      | ERROR       | Repair-MihomoGroup('🌍自动选择') failed: 操作超时。
2026-09-06 20:05:46 | Watchdog | -      | DIAG        | 4 proxy group(s) need a node switch: 故障转移, 🇪🇺欧洲自动选择, 🇺🇸美国自动选择, 🌍自动选择. Re-testing and switching, not touching the NIC or restarting processes.
2026-09-06 20:05:46 | Watchdog | -      | WARN        | Direct WAN is fine and proxy port is open, but a real request THROUGH the proxy failed. Active node is dead (cached delay is stale-good). Forcing a re-test/switch on all groups.
2026-09-06 20:05:51 | Watchdog | -      | ACTION      | Re-tested auto-select group '[ProxyNode]; best member now '[ProxyNode] (163ms)
2026-09-06 20:05:52 | Watchdog | -      | ACTION      | Re-tested auto-select group '[ProxyNode]; best member now '[ProxyNode] (194ms)
2026-09-06 20:05:55 | Watchdog | -      | ACTION      | Re-tested auto-select group '[ProxyNode]; best member now '[ProxyNode] (162ms)
2026-09-06 20:06:00 | Watchdog | -      | ACTION      | Re-tested auto-select group '[ProxyNode]; best member now '[ProxyNode] (160ms)
2026-09-06 20:18:23 | Watchdog | -      | DIAG        | 4 proxy group(s) need a node switch: 故障转移, 🇪🇺欧洲自动选择, 🇺🇸美国自动选择, 🌍自动选择. Re-testing and switching, not touching the NIC or restarting processes.
2026-09-06 20:18:23 | Watchdog | -      | WARN        | Direct WAN is fine and proxy port is open, but a real request THROUGH the proxy failed. Active node is dead (cached delay is stale-good). Forcing a re-test/switch on all groups.
2026-09-06 20:18:29 | Watchdog | -      | ACTION      | Re-tested auto-select group '[ProxyNode]; best member now '[ProxyNode] (164ms)
2026-09-06 20:18:30 | Watchdog | -      | ACTION      | Re-tested auto-select group '[ProxyNode]; best member now '[ProxyNode] (213ms)
2026-09-06 20:18:33 | Watchdog | -      | ACTION      | Re-tested auto-select group '[ProxyNode]; best member now '[ProxyNode] (173ms)
2026-09-06 20:18:38 | Watchdog | -      | ACTION      | Re-tested auto-select group '[ProxyNode]; best member now '[ProxyNode] (166ms)
2026-09-06 20:26:37 | Watchdog | -      | WARN        | Direct WAN is fine and proxy port is open, but a real request THROUGH the proxy failed. Active node is dead (cached delay is stale-good). Forcing a re-test/switch on all groups.
2026-09-06 20:26:37 | Watchdog | -      | DIAG        | 4 proxy group(s) need a node switch: 故障转移, 🇪🇺欧洲自动选择, 🇺🇸美国自动选择, 🌍自动选择. Re-testing and switching, not touching the NIC or restarting processes.
2026-09-06 20:26:43 | Watchdog | -      | ACTION      | Re-tested auto-select group '[ProxyNode]; best member now '[ProxyNode] (167ms)
2026-09-06 20:26:45 | Watchdog | -      | ACTION      | Re-tested auto-select group '[ProxyNode]; best member now '[ProxyNode] (203ms)
2026-09-06 20:26:47 | Watchdog | -      | ACTION      | Re-tested auto-select group '[ProxyNode]; best member now '[ProxyNode] (179ms)
2026-09-06 20:26:53 | Watchdog | -      | ACTION      | Re-tested auto-select group '[ProxyNode]; best member now '[ProxyNode] (168ms)
2026-09-06 20:31:08 | Watchdog | -      | DIAG        | 4 proxy group(s) need a node switch: 故障转移, 🇪🇺欧洲自动选择, 🇺🇸美国自动选择, 🌍自动选择. Re-testing and switching, not touching the NIC or restarting processes.
2026-09-06 20:31:08 | Watchdog | -      | WARN        | Direct WAN is fine and proxy port is open, but a real request THROUGH the proxy failed. Active node is dead (cached delay is stale-good). Forcing a re-test/switch on all groups.
2026-09-06 20:31:13 | Watchdog | -      | ACTION      | Re-tested auto-select group '[ProxyNode]; best member now '[ProxyNode] (173ms)
2026-09-06 20:31:14 | Watchdog | -      | ACTION      | Re-tested auto-select group '[ProxyNode]; best member now '[ProxyNode] (199ms)
2026-09-06 20:31:19 | Watchdog | -      | ACTION      | Re-tested auto-select group '[ProxyNode]; best member now '[ProxyNode] (166ms)
2026-09-06 20:31:24 | Watchdog | -      | ACTION      | Re-tested auto-select group '[ProxyNode]; best member now '[ProxyNode] (163ms)
2026-09-06 20:51:56 | Watchdog | -      | DIAG        | 4 proxy group(s) need a node switch: 故障转移, 🇪🇺欧洲自动选择, 🇺🇸美国自动选择, 🌍自动选择. Re-testing and switching, not touching the NIC or restarting processes.
2026-09-06 20:51:56 | Watchdog | -      | WARN        | Direct WAN is fine and proxy port is open, but a real request THROUGH the proxy failed. Active node is dead (cached delay is stale-good). Forcing a re-test/switch on all groups.
2026-09-06 20:52:01 | Watchdog | -      | ACTION      | Re-tested auto-select group '[ProxyNode]; best member now '[ProxyNode] (184ms)
2026-09-06 20:52:03 | Watchdog | -      | ACTION      | Re-tested auto-select group '[ProxyNode]; best member now '[ProxyNode] (198ms)
2026-09-06 20:52:09 | Watchdog | -      | ACTION      | Re-tested auto-select group '[ProxyNode]; best member now '[ProxyNode] (182ms)
2026-09-06 20:52:15 | Watchdog | -      | ACTION      | Re-tested auto-select group '[ProxyNode]; best member now '[ProxyNode] (254ms)
2026-09-06 20:59:11 | Watchdog | -      | DIAG        | 4 proxy group(s) need a node switch: 故障转移, 🇪🇺欧洲自动选择, 🇺🇸美国自动选择, 🌍自动选择. Re-testing and switching, not touching the NIC or restarting processes.
2026-09-06 20:59:11 | Watchdog | -      | WARN        | Direct WAN is fine and proxy port is open, but a real request THROUGH the proxy failed. Active node is dead (cached delay is stale-good). Forcing a re-test/switch on all groups.
2026-09-06 20:59:16 | Watchdog | -      | ACTION      | Re-tested auto-select group '[ProxyNode]; best member now '[ProxyNode] (166ms)
2026-09-06 20:59:18 | Watchdog | -      | ACTION      | Re-tested auto-select group '[ProxyNode]; best member now '[ProxyNode] (202ms)
2026-09-06 20:59:19 | Watchdog | -      | ACTION      | Re-tested auto-select group '[ProxyNode]; best member now '[ProxyNode] (176ms)
2026-09-06 20:59:24 | Watchdog | -      | ACTION      | Re-tested auto-select group '[ProxyNode]; best member now '[ProxyNode] (182ms)
2026-09-06 21:09:10 | Watchdog | -      | DIAG        | 4 proxy group(s) need a node switch: 故障转移, 🇪🇺欧洲自动选择, 🇺🇸美国自动选择, 🌍自动选择. Re-testing and switching, not touching the NIC or restarting processes.
2026-09-06 21:09:10 | Watchdog | -      | WARN        | Direct WAN is fine and proxy port is open, but a real request THROUGH the proxy failed. Active node is dead (cached delay is stale-good). Forcing a re-test/switch on all groups.
2026-09-06 21:09:15 | Watchdog | -      | ACTION      | Re-tested auto-select group '[ProxyNode]; best member now '[ProxyNode] (170ms)
2026-09-06 21:09:16 | Watchdog | -      | ACTION      | Re-tested auto-select group '[ProxyNode]; best member now '[ProxyNode] (218ms)
2026-09-06 21:09:20 | Watchdog | -      | ACTION      | Re-tested auto-select group '[ProxyNode]; best member now '[ProxyNode] (165ms)
2026-09-06 21:09:25 | Watchdog | -      | ACTION      | Re-tested auto-select group '[ProxyNode]; best member now '[ProxyNode] (192ms)
2026-09-06 21:20:03 | Watchdog | -      | WARN        | Direct WAN is fine and proxy port is open, but a real request THROUGH the proxy failed. Active node is dead (cached delay is stale-good). Forcing a re-test/switch on all groups.
2026-09-06 21:20:03 | Watchdog | -      | DIAG        | 4 proxy group(s) need a node switch: 故障转移, 🇪🇺欧洲自动选择, 🇺🇸美国自动选择, 🌍自动选择. Re-testing and switching, not touching the NIC or restarting processes.
2026-09-06 21:20:08 | Watchdog | -      | ACTION      | Re-tested auto-select group '[ProxyNode]; best member now '[ProxyNode] (190ms)
2026-09-06 21:20:09 | Watchdog | -      | ACTION      | Re-tested auto-select group '[ProxyNode]; best member now '[ProxyNode] (207ms)
2026-09-06 21:20:11 | Watchdog | -      | ACTION      | Re-tested auto-select group '[ProxyNode]; best member now '[ProxyNode] (183ms)
2026-09-06 21:20:16 | Watchdog | -      | ACTION      | Re-tested auto-select group '[ProxyNode]; best member now '[ProxyNode] (174ms)
2026-09-06 21:41:00 | Watchdog | -      | DIAG        | 4 proxy group(s) need a node switch: 故障转移, 🇪🇺欧洲自动选择, 🇺🇸美国自动选择, 🌍自动选择. Re-testing and switching, not touching the NIC or restarting processes.
2026-09-06 21:41:00 | Watchdog | -      | WARN        | Direct WAN is fine and proxy port is open, but a real request THROUGH the proxy failed. Active node is dead (cached delay is stale-good). Forcing a re-test/switch on all groups.
2026-09-06 21:41:06 | Watchdog | -      | ACTION      | Re-tested auto-select group '[ProxyNode]; best member now '[ProxyNode] (174ms)
2026-09-06 21:41:07 | Watchdog | -      | ACTION      | Re-tested auto-select group '[ProxyNode]; best member now '[ProxyNode] (204ms)
2026-09-06 21:41:10 | Watchdog | -      | ACTION      | Re-tested auto-select group '[ProxyNode]; best member now '[ProxyNode] (171ms)
2026-09-06 21:41:15 | Watchdog | -      | ACTION      | Re-tested auto-select group '[ProxyNode]; best member now '[ProxyNode] (179ms)
2026-09-06 21:42:53 | Watchdog | -      | DIAG        | 4 proxy group(s) need a node switch: 故障转移, 🇪🇺欧洲自动选择, 🇺🇸美国自动选择, 🌍自动选择. Re-testing and switching, not touching the NIC or restarting processes.
2026-09-06 21:42:53 | Watchdog | -      | WARN        | Direct WAN is fine and proxy port is open, but a real request THROUGH the proxy failed. Active node is dead (cached delay is stale-good). Forcing a re-test/switch on all groups.
2026-09-06 21:42:59 | Watchdog | -      | ACTION      | Re-tested auto-select group '[ProxyNode]; best member now '[ProxyNode] (172ms)
2026-09-06 21:43:01 | Watchdog | -      | ACTION      | Re-tested auto-select group '[ProxyNode]; best member now '[ProxyNode] (204ms)
2026-09-06 21:43:05 | Watchdog | -      | ACTION      | Re-tested auto-select group '[ProxyNode]; best member now '[ProxyNode] (175ms)
2026-09-06 21:43:11 | Watchdog | -      | ACTION      | Re-tested auto-select group '[ProxyNode]; best member now '[ProxyNode] (173ms)
2026-09-06 22:14:48 | Watchdog | -      | DIAG        | 4 proxy group(s) need a node switch: 故障转移, 🇪🇺欧洲自动选择, 🇺🇸美国自动选择, 🌍自动选择. Re-testing and switching, not touching the NIC or restarting processes.
2026-09-06 22:14:48 | Watchdog | -      | WARN        | Direct WAN is fine and proxy port is open, but a real request THROUGH the proxy failed. Active node is dead (cached delay is stale-good). Forcing a re-test/switch on all groups.
2026-09-06 22:14:53 | Watchdog | -      | ACTION      | Re-tested auto-select group '[ProxyNode]; best member now '[ProxyNode] (183ms)
2026-09-06 22:14:55 | Watchdog | -      | ACTION      | Re-tested auto-select group '[ProxyNode]; best member now '[ProxyNode] (205ms)
2026-09-06 22:14:56 | Watchdog | -      | ACTION      | Re-tested auto-select group '[ProxyNode]; best member now '[ProxyNode] (174ms)
2026-09-06 22:15:01 | Watchdog | -      | ACTION      | Re-tested auto-select group '[ProxyNode]; best member now '[ProxyNode] (179ms)
2026-09-06 22:23:46 | Watchdog | -      | DIAG        | 4 proxy group(s) need a node switch: 故障转移, 🇪🇺欧洲自动选择, 🇺🇸美国自动选择, 🌍自动选择. Re-testing and switching, not touching the NIC or restarting processes.
2026-09-06 22:23:51 | Watchdog | -      | ACTION      | Re-tested auto-select group '[ProxyNode]; best member now '[ProxyNode] (173ms)
2026-09-06 22:23:53 | Watchdog | -      | ACTION      | Re-tested auto-select group '[ProxyNode]; best member now '[ProxyNode] (196ms)
2026-09-06 22:23:54 | Watchdog | -      | ACTION      | Re-tested auto-select group '[ProxyNode]; best member now '[ProxyNode] (184ms)
2026-09-06 22:23:59 | Watchdog | -      | ACTION      | Re-tested auto-select group '[ProxyNode]; best member now '[ProxyNode] (170ms)
2026-09-07 08:59:34 | Watchdog | -      | WARN        | Direct WAN is fine and proxy port is open, but a real request THROUGH the proxy failed. Active node is dead (cached delay is stale-good). Forcing a re-test/switch on all groups.
2026-09-07 08:59:34 | Watchdog | -      | DIAG        | 4 proxy group(s) need a node switch: 故障转移, 🇪🇺欧洲自动选择, 🇺🇸美国自动选择, 🌍自动选择. Re-testing and switching, not touching the NIC or restarting processes.
2026-09-07 08:59:39 | Watchdog | -      | ACTION      | Re-tested auto-select group '[ProxyNode]; best member now '[ProxyNode] (172ms)
2026-09-07 08:59:40 | Watchdog | -      | ACTION      | Re-tested auto-select group '[ProxyNode]; best member now '[ProxyNode] (194ms)
2026-09-07 08:59:41 | Watchdog | -      | ACTION      | Re-tested auto-select group '[ProxyNode]; best member now '[ProxyNode] (171ms)
2026-09-07 08:59:46 | Watchdog | -      | ACTION      | Re-tested auto-select group '[ProxyNode]; best member now '[ProxyNode] (171ms)
2026-09-07 10:41:05 | Watchdog | -      | WARN        | Direct WAN is fine and proxy port is open, but a real request THROUGH the proxy failed. Active node is dead (cached delay is stale-good). Forcing a re-test/switch on all groups.
2026-09-07 10:41:05 | Watchdog | -      | DIAG        | 4 proxy group(s) need a node switch: 故障转移, 🇪🇺欧洲自动选择, 🇺🇸美国自动选择, 🌍自动选择. Re-testing and switching, not touching the NIC or restarting processes.
2026-09-07 10:41:10 | Watchdog | -      | ACTION      | Re-tested auto-select group '[ProxyNode]; best member now '[ProxyNode] (170ms)
2026-09-07 10:41:12 | Watchdog | -      | ACTION      | Re-tested auto-select group '[ProxyNode]; best member now '[ProxyNode] (195ms)
2026-09-07 10:41:13 | Watchdog | -      | ACTION      | Re-tested auto-select group '[ProxyNode]; best member now '[ProxyNode] (165ms)
2026-09-07 10:41:18 | Watchdog | -      | ACTION      | Re-tested auto-select group '[ProxyNode]; best member now '[ProxyNode] (170ms)
2026-09-07 13:20:38 | Watchdog | -      | WARN        | Direct WAN is fine and proxy port is open, but a real request THROUGH the proxy failed. Active node is dead (cached delay is stale-good). Forcing a re-test/switch on all groups.
2026-09-07 13:20:38 | Watchdog | -      | DIAG        | 4 proxy group(s) need a node switch: 故障转移, 🇪🇺欧洲自动选择, 🇺🇸美国自动选择, 🌍自动选择. Re-testing and switching, not touching the NIC or restarting processes.
2026-09-07 13:20:43 | Watchdog | -      | ACTION      | Re-tested auto-select group '[ProxyNode]; best member now '[ProxyNode] (198ms)
2026-09-07 13:20:45 | Watchdog | -      | ACTION      | Re-tested auto-select group '[ProxyNode]; best member now '[ProxyNode] (217ms)
2026-09-07 13:20:46 | Watchdog | -      | ACTION      | Re-tested auto-select group '[ProxyNode]; best member now '[ProxyNode] (168ms)
2026-09-07 13:20:52 | Watchdog | -      | ACTION      | Re-tested auto-select group '[ProxyNode]; best member now '[ProxyNode] (200ms)
2026-09-07 13:21:07 | Watchdog | -      | DIAG        | 4 proxy group(s) need a node switch: 故障转移, 🇪🇺欧洲自动选择, 🇺🇸美国自动选择, 🌍自动选择. Re-testing and switching, not touching the NIC or restarting processes.
2026-09-07 13:21:07 | Watchdog | -      | WARN        | Direct WAN is fine and proxy port is open, but a real request THROUGH the proxy failed. Active node is dead (cached delay is stale-good). Forcing a re-test/switch on all groups.
2026-09-07 13:21:12 | Watchdog | -      | ACTION      | Re-tested auto-select group '[ProxyNode]; best member now '[ProxyNode] (177ms)
2026-09-07 13:21:17 | Watchdog | -      | ACTION      | Re-tested auto-select group '[ProxyNode]; best member now '[ProxyNode] (195ms)
2026-09-07 13:21:18 | Watchdog | -      | ACTION      | Re-tested auto-select group '[ProxyNode]; best member now '[ProxyNode] (173ms)
2026-09-07 13:21:23 | Watchdog | -      | ACTION      | Re-tested auto-select group '[ProxyNode]; best member now '[ProxyNode] (168ms)
2026-09-07 13:21:38 | Watchdog | -      | WARN        | Direct WAN is fine and proxy port is open, but a real request THROUGH the proxy failed. Active node is dead (cached delay is stale-good). Forcing a re-test/switch on all groups.
2026-09-07 13:21:38 | Watchdog | -      | DIAG        | 4 proxy group(s) need a node switch: 故障转移, 🇪🇺欧洲自动选择, 🇺🇸美国自动选择, 🌍自动选择. Re-testing and switching, not touching the NIC or restarting processes.
2026-09-07 13:21:43 | Watchdog | -      | ACTION      | Re-tested auto-select group '[ProxyNode]; best member now '[ProxyNode] (179ms)
2026-09-07 13:21:46 | Watchdog | -      | ACTION      | Re-tested auto-select group '[ProxyNode]; best member now '[ProxyNode] (199ms)
2026-09-07 13:21:47 | Watchdog | -      | ACTION      | Re-tested auto-select group '[ProxyNode]; best member now '[ProxyNode] (168ms)
2026-09-07 13:21:52 | Watchdog | -      | ACTION      | Re-tested auto-select group '[ProxyNode]; best member now '[ProxyNode] (179ms)
2026-09-07 13:22:08 | Watchdog | -      | WARN        | Direct WAN is fine and proxy port is open, but a real request THROUGH the proxy failed. Active node is dead (cached delay is stale-good). Forcing a re-test/switch on all groups.
2026-09-07 13:22:08 | Watchdog | -      | DIAG        | 4 proxy group(s) need a node switch: 故障转移, 🇪🇺欧洲自动选择, 🇺🇸美国自动选择, 🌍自动选择. Re-testing and switching, not touching the NIC or restarting processes.
2026-09-07 13:22:13 | Watchdog | -      | ACTION      | Re-tested auto-select group '[ProxyNode]; best member now '[ProxyNode] (188ms)
2026-09-07 13:22:15 | Watchdog | -      | ACTION      | Re-tested auto-select group '[ProxyNode]; best member now '[ProxyNode] (196ms)
2026-09-07 13:22:16 | Watchdog | -      | ACTION      | Re-tested auto-select group '[ProxyNode]; best member now '[ProxyNode] (198ms)
2026-09-07 13:22:21 | Watchdog | -      | ACTION      | Re-tested auto-select group '[ProxyNode]; best member now '[ProxyNode] (174ms)
2026-09-07 13:22:37 | Watchdog | -      | DIAG        | 4 proxy group(s) need a node switch: 故障转移, 🇪🇺欧洲自动选择, 🇺🇸美国自动选择, 🌍自动选择. Re-testing and switching, not touching the NIC or restarting processes.
2026-09-07 13:22:37 | Watchdog | -      | WARN        | Direct WAN is fine and proxy port is open, but a real request THROUGH the proxy failed. Active node is dead (cached delay is stale-good). Forcing a re-test/switch on all groups.
2026-09-07 13:22:42 | Watchdog | -      | ACTION      | Re-tested auto-select group '[ProxyNode]; best member now '[ProxyNode] (172ms)
2026-09-07 13:22:46 | Watchdog | -      | ACTION      | Re-tested auto-select group '[ProxyNode]; best member now '[ProxyNode] (198ms)
2026-09-07 13:22:47 | Watchdog | -      | ACTION      | Re-tested auto-select group '[ProxyNode]; best member now '[ProxyNode] (169ms)
2026-09-07 13:22:52 | Watchdog | -      | ACTION      | Re-tested auto-select group '[ProxyNode]; best member now '[ProxyNode] (169ms)
2026-09-07 13:23:08 | Watchdog | -      | DIAG        | 4 proxy group(s) need a node switch: 故障转移, 🇪🇺欧洲自动选择, 🇺🇸美国自动选择, 🌍自动选择. Re-testing and switching, not touching the NIC or restarting processes.
2026-09-07 13:23:08 | Watchdog | -      | WARN        | Direct WAN is fine and proxy port is open, but a real request THROUGH the proxy failed. Active node is dead (cached delay is stale-good). Forcing a re-test/switch on all groups.
2026-09-07 13:23:13 | Watchdog | -      | ACTION      | Re-tested auto-select group '[ProxyNode]; best member now '[ProxyNode] (174ms)
2026-09-07 13:23:16 | Watchdog | -      | ACTION      | Re-tested auto-select group '[ProxyNode]; best member now '[ProxyNode] (193ms)
2026-09-07 13:23:18 | Watchdog | -      | ACTION      | Re-tested auto-select group '[ProxyNode]; best member now '[ProxyNode] (183ms)
2026-09-07 13:23:23 | Watchdog | -      | ACTION      | Re-tested auto-select group '[ProxyNode]; best member now '[ProxyNode] (196ms)
2026-09-07 13:23:38 | Watchdog | -      | DIAG        | 4 proxy group(s) need a node switch: 故障转移, 🇪🇺欧洲自动选择, 🇺🇸美国自动选择, 🌍自动选择. Re-testing and switching, not touching the NIC or restarting processes.
2026-09-07 13:23:38 | Watchdog | -      | WARN        | Direct WAN is fine and proxy port is open, but a real request THROUGH the proxy failed. Active node is dead (cached delay is stale-good). Forcing a re-test/switch on all groups.
2026-09-07 13:23:43 | Watchdog | -      | ACTION      | Re-tested auto-select group '[ProxyNode]; best member now '[ProxyNode] (170ms)
2026-09-07 13:23:45 | Watchdog | -      | ACTION      | Re-tested auto-select group '[ProxyNode]; best member now '[ProxyNode] (203ms)
2026-09-07 13:23:46 | Watchdog | -      | ACTION      | Re-tested auto-select group '[ProxyNode]; best member now '[ProxyNode] (178ms)
2026-09-07 13:23:51 | Watchdog | -      | ACTION      | Re-tested auto-select group '[ProxyNode]; best member now '[ProxyNode] (188ms)
2026-09-07 13:24:07 | Watchdog | -      | WARN        | Direct WAN is fine and proxy port is open, but a real request THROUGH the proxy failed. Active node is dead (cached delay is stale-good). Forcing a re-test/switch on all groups.
2026-09-07 13:24:07 | Watchdog | -      | DIAG        | 4 proxy group(s) need a node switch: 故障转移, 🇪🇺欧洲自动选择, 🇺🇸美国自动选择, 🌍自动选择. Re-testing and switching, not touching the NIC or restarting processes.
2026-09-07 13:24:12 | Watchdog | -      | ACTION      | Re-tested auto-select group '[ProxyNode]; best member now '[ProxyNode] (181ms)
2026-09-07 13:24:16 | Watchdog | -      | ACTION      | Re-tested auto-select group '[ProxyNode]; best member now '[ProxyNode] (207ms)
2026-09-07 13:24:17 | Watchdog | -      | ACTION      | Re-tested auto-select group '[ProxyNode]; best member now '[ProxyNode] (167ms)
2026-09-07 13:24:22 | Watchdog | -      | ACTION      | Re-tested auto-select group '[ProxyNode]; best member now '[ProxyNode] (185ms)
2026-09-07 13:24:38 | Watchdog | -      | WARN        | Direct WAN is fine and proxy port is open, but a real request THROUGH the proxy failed. Active node is dead (cached delay is stale-good). Forcing a re-test/switch on all groups.
2026-09-07 13:24:38 | Watchdog | -      | DIAG        | 4 proxy group(s) need a node switch: 故障转移, 🇪🇺欧洲自动选择, 🇺🇸美国自动选择, 🌍自动选择. Re-testing and switching, not touching the NIC or restarting processes.
2026-09-07 13:24:43 | Watchdog | -      | ACTION      | Re-tested auto-select group '[ProxyNode]; best member now '[ProxyNode] (169ms)
2026-09-07 13:24:46 | Watchdog | -      | ACTION      | Re-tested auto-select group '[ProxyNode]; best member now '[ProxyNode] (201ms)
2026-09-07 13:24:47 | Watchdog | -      | ACTION      | Re-tested auto-select group '[ProxyNode]; best member now '[ProxyNode] (180ms)
2026-09-07 13:24:52 | Watchdog | -      | ACTION      | Re-tested auto-select group '[ProxyNode]; best member now '[ProxyNode] (173ms)
2026-09-07 13:25:08 | Watchdog | -      | DIAG        | 4 proxy group(s) need a node switch: 故障转移, 🇪🇺欧洲自动选择, 🇺🇸美国自动选择, 🌍自动选择. Re-testing and switching, not touching the NIC or restarting processes.
2026-09-07 13:25:08 | Watchdog | -      | WARN        | Direct WAN is fine and proxy port is open, but a real request THROUGH the proxy failed. Active node is dead (cached delay is stale-good). Forcing a re-test/switch on all groups.
2026-09-07 13:25:13 | Watchdog | -      | ACTION      | Re-tested auto-select group '[ProxyNode]; best member now '[ProxyNode] (167ms)
2026-09-07 13:25:16 | Watchdog | -      | ACTION      | Re-tested auto-select group '[ProxyNode]; best member now '[ProxyNode] (202ms)
2026-09-07 13:25:17 | Watchdog | -      | ACTION      | Re-tested auto-select group '[ProxyNode]; best member now '[ProxyNode] (183ms)
2026-09-07 13:25:22 | Watchdog | -      | ACTION      | Re-tested auto-select group '[ProxyNode]; best member now '[ProxyNode] (172ms)
2026-09-07 13:25:38 | Watchdog | -      | WARN        | Direct WAN is fine and proxy port is open, but a real request THROUGH the proxy failed. Active node is dead (cached delay is stale-good). Forcing a re-test/switch on all groups.
2026-09-07 13:25:38 | Watchdog | -      | DIAG        | 4 proxy group(s) need a node switch: 故障转移, 🇪🇺欧洲自动选择, 🇺🇸美国自动选择, 🌍自动选择. Re-testing and switching, not touching the NIC or restarting processes.
2026-09-07 13:25:43 | Watchdog | -      | ACTION      | Re-tested auto-select group '[ProxyNode]; best member now '[ProxyNode] (170ms)
2026-09-07 13:25:45 | Watchdog | -      | ACTION      | Re-tested auto-select group '[ProxyNode]; best member now '[ProxyNode] (200ms)
2026-09-07 13:25:46 | Watchdog | -      | ACTION      | Re-tested auto-select group '[ProxyNode]; best member now '[ProxyNode] (170ms)
2026-09-07 13:25:51 | Watchdog | -      | ACTION      | Re-tested auto-select group '[ProxyNode]; best member now '[ProxyNode] (169ms)
2026-09-07 13:26:07 | Watchdog | -      | WARN        | Direct WAN is fine and proxy port is open, but a real request THROUGH the proxy failed. Active node is dead (cached delay is stale-good). Forcing a re-test/switch on all groups.
2026-09-07 13:26:07 | Watchdog | -      | DIAG        | 4 proxy group(s) need a node switch: 故障转移, 🇪🇺欧洲自动选择, 🇺🇸美国自动选择, 🌍自动选择. Re-testing and switching, not touching the NIC or restarting processes.
2026-09-07 13:26:12 | Watchdog | -      | ACTION      | Re-tested auto-select group '[ProxyNode]; best member now '[ProxyNode] (183ms)
2026-09-07 13:26:15 | Watchdog | -      | ACTION      | Re-tested auto-select group '[ProxyNode]; best member now '[ProxyNode] (194ms)
2026-09-07 13:26:17 | Watchdog | -      | ACTION      | Re-tested auto-select group '[ProxyNode]; best member now '[ProxyNode] (174ms)
2026-09-07 13:26:22 | Watchdog | -      | ACTION      | Re-tested auto-select group '[ProxyNode]; best member now '[ProxyNode] (166ms)
2026-09-07 13:26:52 | Watchdog | -      | DIAG        | 4 proxy group(s) need a node switch: 故障转移, 🇪🇺欧洲自动选择, 🇺🇸美国自动选择, 🌍自动选择. Re-testing and switching, not touching the NIC or restarting processes.
2026-09-07 13:26:52 | Watchdog | -      | WARN        | Direct WAN is fine and proxy port is open, but a real request THROUGH the proxy failed. Active node is dead (cached delay is stale-good). Forcing a re-test/switch on all groups.
2026-09-07 13:26:57 | Watchdog | -      | ACTION      | Re-tested auto-select group '[ProxyNode]; best member now '[ProxyNode] (169ms)
2026-09-07 13:27:00 | Watchdog | -      | ACTION      | Re-tested auto-select group '[ProxyNode]; best member now '[ProxyNode] (207ms)
2026-09-07 13:27:01 | Watchdog | -      | ACTION      | Re-tested auto-select group '[ProxyNode]; best member now '[ProxyNode] (178ms)
2026-09-07 13:27:06 | Watchdog | -      | ACTION      | Re-tested auto-select group '[ProxyNode]; best member now '[ProxyNode] (185ms)
2026-09-07 13:27:21 | Watchdog | -      | DIAG        | 4 proxy group(s) need a node switch: 故障转移, 🇪🇺欧洲自动选择, 🇺🇸美国自动选择, 🌍自动选择. Re-testing and switching, not touching the NIC or restarting processes.
2026-09-07 13:27:21 | Watchdog | -      | WARN        | Direct WAN is fine and proxy port is open, but a real request THROUGH the proxy failed. Active node is dead (cached delay is stale-good). Forcing a re-test/switch on all groups.
2026-09-07 13:27:26 | Watchdog | -      | ACTION      | Re-tested auto-select group '[ProxyNode]; best member now '[ProxyNode] (189ms)
2026-09-07 13:27:29 | Watchdog | -      | ACTION      | Re-tested auto-select group '[ProxyNode]; best member now '[ProxyNode] (214ms)
2026-09-07 13:27:30 | Watchdog | -      | ACTION      | Re-tested auto-select group '[ProxyNode]; best member now '[ProxyNode] (172ms)
2026-09-07 13:27:35 | Watchdog | -      | ACTION      | Re-tested auto-select group '[ProxyNode]; best member now '[ProxyNode] (199ms)
2026-09-07 13:27:50 | Watchdog | -      | WARN        | Direct WAN is fine and proxy port is open, but a real request THROUGH the proxy failed. Active node is dead (cached delay is stale-good). Forcing a re-test/switch on all groups.
2026-09-07 13:27:50 | Watchdog | -      | DIAG        | 4 proxy group(s) need a node switch: 故障转移, 🇪🇺欧洲自动选择, 🇺🇸美国自动选择, 🌍自动选择. Re-testing and switching, not touching the NIC or restarting processes.
2026-09-07 13:27:55 | Watchdog | -      | ACTION      | Re-tested auto-select group '[ProxyNode]; best member now '[ProxyNode] (179ms)
2026-09-07 13:27:58 | Watchdog | -      | ACTION      | Re-tested auto-select group '[ProxyNode]; best member now '[ProxyNode] (198ms)
2026-09-07 13:27:59 | Watchdog | -      | ACTION      | Re-tested auto-select group '[ProxyNode]; best member now '[ProxyNode] (170ms)
2026-09-07 13:28:04 | Watchdog | -      | ACTION      | Re-tested auto-select group '[ProxyNode]; best member now '[ProxyNode] (184ms)
2026-09-07 13:28:19 | Watchdog | -      | WARN        | Direct WAN is fine and proxy port is open, but a real request THROUGH the proxy failed. Active node is dead (cached delay is stale-good). Forcing a re-test/switch on all groups.
2026-09-07 13:28:19 | Watchdog | -      | DIAG        | 4 proxy group(s) need a node switch: 故障转移, 🇪🇺欧洲自动选择, 🇺🇸美国自动选择, 🌍自动选择. Re-testing and switching, not touching the NIC or restarting processes.
2026-09-07 13:28:24 | Watchdog | -      | ACTION      | Re-tested auto-select group '[ProxyNode]; best member now '[ProxyNode] (175ms)
2026-09-07 13:28:29 | Watchdog | -      | ACTION      | Re-tested auto-select group '[ProxyNode]; best member now '[ProxyNode] (202ms)
2026-09-07 13:28:30 | Watchdog | -      | ACTION      | Re-tested auto-select group '[ProxyNode]; best member now '[ProxyNode] (187ms)
2026-09-07 13:28:35 | Watchdog | -      | ACTION      | Re-tested auto-select group '[ProxyNode]; best member now '[ProxyNode] (178ms)
2026-09-07 13:29:06 | Watchdog | -      | WARN        | Direct WAN is fine and proxy port is open, but a real request THROUGH the proxy failed. Active node is dead (cached delay is stale-good). Forcing a re-test/switch on all groups.
2026-09-07 13:29:06 | Watchdog | -      | DIAG        | 4 proxy group(s) need a node switch: 故障转移, 🇪🇺欧洲自动选择, 🇺🇸美国自动选择, 🌍自动选择. Re-testing and switching, not touching the NIC or restarting processes.
2026-09-07 13:29:11 | Watchdog | -      | ACTION      | Re-tested auto-select group '[ProxyNode]; best member now '[ProxyNode] (196ms)
2026-09-07 13:29:14 | Watchdog | -      | ACTION      | Re-tested auto-select group '[ProxyNode]; best member now '[ProxyNode] (200ms)
2026-09-07 13:29:15 | Watchdog | -      | ACTION      | Re-tested auto-select group '[ProxyNode]; best member now '[ProxyNode] (245ms)
2026-09-07 13:29:20 | Watchdog | -      | ACTION      | Re-tested auto-select group '[ProxyNode]; best member now '[ProxyNode] (178ms)
2026-09-07 15:28:54 | Watchdog | -      | DIAG        | 2 proxy group(s) need a node switch: 🇪🇺欧洲自动选择, 🌍自动选择. Re-testing and switching, not touching the NIC or restarting processes.
2026-09-07 15:28:56 | Watchdog | -      | ACTION      | Re-tested auto-select group '[ProxyNode]; best member now '[ProxyNode] (199ms)
2026-09-07 15:29:01 | Watchdog | -      | ACTION      | Re-tested auto-select group '[ProxyNode]; best member now '[ProxyNode] (172ms)
2026-09-07 16:21:46 | Watchdog | -      | DIAG        | 4 proxy group(s) need a node switch: 故障转移, 🇪🇺欧洲自动选择, 🇺🇸美国自动选择, 🌍自动选择. Re-testing and switching, not touching the NIC or restarting processes.
2026-09-07 16:21:46 | Watchdog | -      | WARN        | Direct WAN is fine and proxy port is open, but a real request THROUGH the proxy failed. Active node is dead (cached delay is stale-good). Forcing a re-test/switch on all groups.
2026-09-07 16:21:51 | Watchdog | -      | ACTION      | Re-tested auto-select group '[ProxyNode]; best member now '[ProxyNode] (171ms)
2026-09-07 16:21:53 | Watchdog | -      | ACTION      | Re-tested auto-select group '[ProxyNode]; best member now '[ProxyNode] (171ms)
2026-09-07 16:21:53 | Watchdog | -      | ACTION      | Re-tested auto-select group '[ProxyNode]; best member now '[ProxyNode] (201ms)
2026-09-07 16:21:58 | Watchdog | -      | ACTION      | Re-tested auto-select group '[ProxyNode]; best member now '[ProxyNode] (178ms)
2026-09-07 16:22:29 | Watchdog | -      | DIAG        | 4 proxy group(s) need a node switch: 故障转移, 🇪🇺欧洲自动选择, 🇺🇸美国自动选择, 🌍自动选择. Re-testing and switching, not touching the NIC or restarting processes.
2026-09-07 16:22:29 | Watchdog | -      | WARN        | Direct WAN is fine and proxy port is open, but a real request THROUGH the proxy failed. Active node is dead (cached delay is stale-good). Forcing a re-test/switch on all groups.
2026-09-07 16:22:34 | Watchdog | -      | ACTION      | Re-tested auto-select group '[ProxyNode]; best member now '[ProxyNode] (169ms)
2026-09-07 16:22:36 | Watchdog | -      | ACTION      | Re-tested auto-select group '[ProxyNode]; best member now '[ProxyNode] (202ms)
2026-09-07 16:22:38 | Watchdog | -      | ACTION      | Re-tested auto-select group '[ProxyNode]; best member now '[ProxyNode] (169ms)
2026-09-07 16:22:43 | Watchdog | -      | ACTION      | Re-tested auto-select group '[ProxyNode]; best member now '[ProxyNode] (170ms)
2026-09-07 22:23:53 | Watchdog | -      | DIAG        | 2 proxy group(s) need a node switch: 故障转移, 🌍自动选择. Re-testing and switching, not touching the NIC or restarting processes.
2026-09-07 22:23:58 | Watchdog | -      | ACTION      | Re-tested auto-select group '[ProxyNode]; best member now '[ProxyNode] (185ms)
2026-09-07 22:24:03 | Watchdog | -      | ACTION      | Re-tested auto-select group '[ProxyNode]; best member now '[ProxyNode] (169ms)
2026-09-08 02:54:33 | Watchdog | -      | WARN        | Link/WAN check failed (adapterUp=True gatewayOk=True wanOk=False) streak=1/6
2026-09-08 02:54:33 | Watchdog | -      | DIAG        | All 4 WAN targets unreachable: 223.5.5.5:53, 119.29.29.29:53, 114.114.114.114:53, www.baidu.com:443
2026-09-08 04:28:46 | Watchdog | -      | DIAG        | 4 proxy group(s) need a node switch: 故障转移, 🇪🇺欧洲自动选择, 🇺🇸美国自动选择, 🌍自动选择. Re-testing and switching, not touching the NIC or restarting processes.
2026-09-08 04:28:46 | Watchdog | -      | WARN        | Direct WAN is fine and proxy port is open, but a real request THROUGH the proxy failed. Active node is dead (cached delay is stale-good). Forcing a re-test/switch on all groups.
2026-09-08 04:28:51 | Watchdog | -      | ACTION      | Re-tested auto-select group '[ProxyNode]; best member now '[ProxyNode] (203ms)
2026-09-08 04:28:56 | Watchdog | -      | ACTION      | Re-tested auto-select group '[ProxyNode]; best member now '[ProxyNode] (247ms)
2026-09-08 04:29:01 | Watchdog | -      | ACTION      | Re-tested auto-select group '[ProxyNode]; best member now '[ProxyNode] (204ms)
2026-09-08 04:29:06 | Watchdog | -      | ACTION      | Re-tested auto-select group '[ProxyNode]; best member now '[ProxyNode] (222ms)
2026-09-08 14:59:22 | Watchdog | -      | DIAG        | 4 proxy group(s) need a node switch: 故障转移, 🇪🇺欧洲自动选择, 🇺🇸美国自动选择, 🌍自动选择. Re-testing and switching, not touching the NIC or restarting processes.
2026-09-08 14:59:22 | Watchdog | -      | WARN        | Direct WAN is fine and proxy port is open, but a real request THROUGH the proxy failed. Active node is dead (cached delay is stale-good). Forcing a re-test/switch on all groups.
2026-09-08 14:59:27 | Watchdog | -      | ACTION      | Re-tested auto-select group '[ProxyNode]; best member now '[ProxyNode] (177ms)
2026-09-08 14:59:28 | Watchdog | -      | ACTION      | Re-tested auto-select group '[ProxyNode]; best member now '[ProxyNode] (192ms)
2026-09-08 14:59:29 | Watchdog | -      | ACTION      | Re-tested auto-select group '[ProxyNode]; best member now '[ProxyNode] (169ms)
2026-09-08 14:59:34 | Watchdog | -      | ACTION      | Re-tested auto-select group '[ProxyNode]; best member now '[ProxyNode] (203ms)
2026-09-08 14:59:50 | Watchdog | -      | DIAG        | 4 proxy group(s) need a node switch: 故障转移, 🇪🇺欧洲自动选择, 🇺🇸美国自动选择, 🌍自动选择. Re-testing and switching, not touching the NIC or restarting processes.
2026-09-08 14:59:50 | Watchdog | -      | WARN        | Direct WAN is fine and proxy port is open, but a real request THROUGH the proxy failed. Active node is dead (cached delay is stale-good). Forcing a re-test/switch on all groups.
2026-09-08 14:59:55 | Watchdog | -      | ACTION      | Re-tested auto-select group '[ProxyNode]; best member now '[ProxyNode] (169ms)
2026-09-08 14:59:57 | Watchdog | -      | ACTION      | Re-tested auto-select group '[ProxyNode]; best member now '[ProxyNode] (190ms)
2026-09-08 14:59:58 | Watchdog | -      | ACTION      | Re-tested auto-select group '[ProxyNode]; best member now '[ProxyNode] (163ms)
2026-09-08 15:00:03 | Watchdog | -      | ACTION      | Re-tested auto-select group '[ProxyNode]; best member now '[ProxyNode] (162ms)
2026-09-08 15:00:18 | Watchdog | -      | DIAG        | 4 proxy group(s) need a node switch: 故障转移, 🇪🇺欧洲自动选择, 🇺🇸美国自动选择, 🌍自动选择. Re-testing and switching, not touching the NIC or restarting processes.
2026-09-08 15:00:18 | Watchdog | -      | WARN        | Direct WAN is fine and proxy port is open, but a real request THROUGH the proxy failed. Active node is dead (cached delay is stale-good). Forcing a re-test/switch on all groups.
2026-09-08 15:00:23 | Watchdog | -      | ACTION      | Re-tested auto-select group '[ProxyNode]; best member now '[ProxyNode] (170ms)
2026-09-08 15:00:25 | Watchdog | -      | ACTION      | Re-tested auto-select group '[ProxyNode]; best member now '[ProxyNode] (189ms)
2026-09-08 15:00:26 | Watchdog | -      | ACTION      | Re-tested auto-select group '[ProxyNode]; best member now '[ProxyNode] (165ms)
2026-09-08 15:00:31 | Watchdog | -      | ACTION      | Re-tested auto-select group '[ProxyNode]; best member now '[ProxyNode] (162ms)
2026-09-08 15:00:46 | Watchdog | -      | DIAG        | 4 proxy group(s) need a node switch: 故障转移, 🇪🇺欧洲自动选择, 🇺🇸美国自动选择, 🌍自动选择. Re-testing and switching, not touching the NIC or restarting processes.
2026-09-08 15:00:46 | Watchdog | -      | WARN        | Direct WAN is fine and proxy port is open, but a real request THROUGH the proxy failed. Active node is dead (cached delay is stale-good). Forcing a re-test/switch on all groups.
2026-09-08 15:00:51 | Watchdog | -      | ACTION      | Re-tested auto-select group '[ProxyNode]; best member now '[ProxyNode] (166ms)
2026-09-08 15:00:53 | Watchdog | -      | ACTION      | Re-tested auto-select group '[ProxyNode]; best member now '[ProxyNode] (189ms)
2026-09-08 15:00:54 | Watchdog | -      | ACTION      | Re-tested auto-select group '[ProxyNode]; best member now '[ProxyNode] (163ms)
2026-09-08 15:00:59 | Watchdog | -      | ACTION      | Re-tested auto-select group '[ProxyNode]; best member now '[ProxyNode] (161ms)
2026-09-08 15:01:14 | Watchdog | -      | DIAG        | 4 proxy group(s) need a node switch: 故障转移, 🇪🇺欧洲自动选择, 🇺🇸美国自动选择, 🌍自动选择. Re-testing and switching, not touching the NIC or restarting processes.
2026-09-08 15:01:14 | Watchdog | -      | WARN        | Direct WAN is fine and proxy port is open, but a real request THROUGH the proxy failed. Active node is dead (cached delay is stale-good). Forcing a re-test/switch on all groups.
2026-09-08 15:01:19 | Watchdog | -      | ACTION      | Re-tested auto-select group '[ProxyNode]; best member now '[ProxyNode] (162ms)
2026-09-08 15:01:21 | Watchdog | -      | ACTION      | Re-tested auto-select group '[ProxyNode]; best member now '[ProxyNode] (205ms)
2026-09-08 15:01:22 | Watchdog | -      | ACTION      | Re-tested auto-select group '[ProxyNode]; best member now '[ProxyNode] (165ms)
2026-09-08 15:01:27 | Watchdog | -      | ACTION      | Re-tested auto-select group '[ProxyNode]; best member now '[ProxyNode] (168ms)
2026-09-08 15:02:13 | Watchdog | -      | DIAG        | 4 proxy group(s) need a node switch: 故障转移, 🇪🇺欧洲自动选择, 🇺🇸美国自动选择, 🌍自动选择. Re-testing and switching, not touching the NIC or restarting processes.
2026-09-08 15:02:13 | Watchdog | -      | WARN        | Direct WAN is fine and proxy port is open, but a real request THROUGH the proxy failed. Active node is dead (cached delay is stale-good). Forcing a re-test/switch on all groups.
2026-09-08 15:02:18 | Watchdog | -      | ACTION      | Re-tested auto-select group '[ProxyNode]; best member now '[ProxyNode] (166ms)
2026-09-08 15:02:20 | Watchdog | -      | ACTION      | Re-tested auto-select group '[ProxyNode]; best member now '[ProxyNode] (229ms)
2026-09-08 15:02:21 | Watchdog | -      | ACTION      | Re-tested auto-select group '[ProxyNode]; best member now '[ProxyNode] (166ms)
2026-09-08 15:02:26 | Watchdog | -      | ACTION      | Re-tested auto-select group '[ProxyNode]; best member now '[ProxyNode] (171ms)
2026-09-08 15:02:41 | Watchdog | -      | DIAG        | 4 proxy group(s) need a node switch: 故障转移, 🇪🇺欧洲自动选择, 🇺🇸美国自动选择, 🌍自动选择. Re-testing and switching, not touching the NIC or restarting processes.
2026-09-08 15:02:41 | Watchdog | -      | WARN        | Direct WAN is fine and proxy port is open, but a real request THROUGH the proxy failed. Active node is dead (cached delay is stale-good). Forcing a re-test/switch on all groups.
2026-09-08 15:02:47 | Watchdog | -      | ACTION      | Re-tested auto-select group '[ProxyNode]; best member now '[ProxyNode] (164ms)
2026-09-08 15:02:48 | Watchdog | -      | ACTION      | Re-tested auto-select group '[ProxyNode]; best member now '[ProxyNode] (191ms)
2026-09-08 15:02:50 | Watchdog | -      | ACTION      | Re-tested auto-select group '[ProxyNode]; best member now '[ProxyNode] (176ms)
2026-09-08 15:02:55 | Watchdog | -      | ACTION      | Re-tested auto-select group '[ProxyNode]; best member now '[ProxyNode] (164ms)
2026-09-08 15:03:10 | Watchdog | -      | DIAG        | 4 proxy group(s) need a node switch: 故障转移, 🇪🇺欧洲自动选择, 🇺🇸美国自动选择, 🌍自动选择. Re-testing and switching, not touching the NIC or restarting processes.
2026-09-08 15:03:10 | Watchdog | -      | WARN        | Direct WAN is fine and proxy port is open, but a real request THROUGH the proxy failed. Active node is dead (cached delay is stale-good). Forcing a re-test/switch on all groups.
2026-09-08 15:03:15 | Watchdog | -      | ACTION      | Re-tested auto-select group '[ProxyNode]; best member now '[ProxyNode] (164ms)
2026-09-08 15:03:17 | Watchdog | -      | ACTION      | Re-tested auto-select group '[ProxyNode]; best member now '[ProxyNode] (190ms)
2026-09-08 15:03:18 | Watchdog | -      | ACTION      | Re-tested auto-select group '[ProxyNode]; best member now '[ProxyNode] (162ms)
2026-09-08 15:03:23 | Watchdog | -      | ACTION      | Re-tested auto-select group '[ProxyNode]; best member now '[ProxyNode] (163ms)
2026-09-08 15:03:38 | Watchdog | -      | DIAG        | 4 proxy group(s) need a node switch: 故障转移, 🇪🇺欧洲自动选择, 🇺🇸美国自动选择, 🌍自动选择. Re-testing and switching, not touching the NIC or restarting processes.
2026-09-08 15:03:38 | Watchdog | -      | WARN        | Direct WAN is fine and proxy port is open, but a real request THROUGH the proxy failed. Active node is dead (cached delay is stale-good). Forcing a re-test/switch on all groups.
2026-09-08 15:03:43 | Watchdog | -      | ACTION      | Re-tested auto-select group '[ProxyNode]; best member now '[ProxyNode] (169ms)
2026-09-08 15:03:45 | Watchdog | -      | ACTION      | Re-tested auto-select group '[ProxyNode]; best member now '[ProxyNode] (192ms)
2026-09-08 15:03:46 | Watchdog | -      | ACTION      | Re-tested auto-select group '[ProxyNode]; best member now '[ProxyNode] (166ms)
2026-09-08 15:03:51 | Watchdog | -      | ACTION      | Re-tested auto-select group '[ProxyNode]; best member now '[ProxyNode] (179ms)
2026-09-08 15:04:06 | Watchdog | -      | DIAG        | 4 proxy group(s) need a node switch: 故障转移, 🇪🇺欧洲自动选择, 🇺🇸美国自动选择, 🌍自动选择. Re-testing and switching, not touching the NIC or restarting processes.
2026-09-08 15:04:06 | Watchdog | -      | WARN        | Direct WAN is fine and proxy port is open, but a real request THROUGH the proxy failed. Active node is dead (cached delay is stale-good). Forcing a re-test/switch on all groups.
2026-09-08 15:04:11 | Watchdog | -      | ACTION      | Re-tested auto-select group '[ProxyNode]; best member now '[ProxyNode] (166ms)
2026-09-08 15:04:13 | Watchdog | -      | ACTION      | Re-tested auto-select group '[ProxyNode]; best member now '[ProxyNode] (207ms)
2026-09-08 15:04:14 | Watchdog | -      | ACTION      | Re-tested auto-select group '[ProxyNode]; best member now '[ProxyNode] (166ms)
2026-09-08 15:04:19 | Watchdog | -      | ACTION      | Re-tested auto-select group '[ProxyNode]; best member now '[ProxyNode] (176ms)
2026-09-08 15:05:21 | Watchdog | -      | DIAG        | 4 proxy group(s) need a node switch: 故障转移, 🇪🇺欧洲自动选择, 🇺🇸美国自动选择, 🌍自动选择. Re-testing and switching, not touching the NIC or restarting processes.
2026-09-08 15:05:21 | Watchdog | -      | WARN        | Direct WAN is fine and proxy port is open, but a real request THROUGH the proxy failed. Active node is dead (cached delay is stale-good). Forcing a re-test/switch on all groups.
2026-09-08 15:05:26 | Watchdog | -      | ACTION      | Re-tested auto-select group '[ProxyNode]; best member now '[ProxyNode] (168ms)
2026-09-08 15:05:28 | Watchdog | -      | ACTION      | Re-tested auto-select group '[ProxyNode]; best member now '[ProxyNode] (199ms)
2026-09-08 15:05:29 | Watchdog | -      | ACTION      | Re-tested auto-select group '[ProxyNode]; best member now '[ProxyNode] (165ms)
2026-09-08 15:05:34 | Watchdog | -      | ACTION      | Re-tested auto-select group '[ProxyNode]; best member now '[ProxyNode] (169ms)
2026-09-08 15:06:05 | Watchdog | -      | DIAG        | 4 proxy group(s) need a node switch: 故障转移, 🇪🇺欧洲自动选择, 🇺🇸美国自动选择, 🌍自动选择. Re-testing and switching, not touching the NIC or restarting processes.
2026-09-08 15:06:05 | Watchdog | -      | WARN        | Direct WAN is fine and proxy port is open, but a real request THROUGH the proxy failed. Active node is dead (cached delay is stale-good). Forcing a re-test/switch on all groups.
2026-09-08 15:06:10 | Watchdog | -      | ACTION      | Re-tested auto-select group '[ProxyNode]; best member now '[ProxyNode] (170ms)
2026-09-08 15:06:12 | Watchdog | -      | ACTION      | Re-tested auto-select group '[ProxyNode]; best member now '[ProxyNode] (194ms)
2026-09-08 15:06:13 | Watchdog | -      | ACTION      | Re-tested auto-select group '[ProxyNode]; best member now '[ProxyNode] (161ms)
2026-09-08 15:06:18 | Watchdog | -      | ACTION      | Re-tested auto-select group '[ProxyNode]; best member now '[ProxyNode] (165ms)
2026-09-08 15:06:34 | Watchdog | -      | DIAG        | 4 proxy group(s) need a node switch: 故障转移, 🇪🇺欧洲自动选择, 🇺🇸美国自动选择, 🌍自动选择. Re-testing and switching, not touching the NIC or restarting processes.
2026-09-08 15:06:34 | Watchdog | -      | WARN        | Direct WAN is fine and proxy port is open, but a real request THROUGH the proxy failed. Active node is dead (cached delay is stale-good). Forcing a re-test/switch on all groups.
2026-09-08 15:06:39 | Watchdog | -      | ACTION      | Re-tested auto-select group '[ProxyNode]; best member now '[ProxyNode] (188ms)
2026-09-08 15:06:42 | Watchdog | -      | ACTION      | Re-tested auto-select group '[ProxyNode]; best member now '[ProxyNode] (230ms)
2026-09-08 15:06:43 | Watchdog | -      | ACTION      | Re-tested auto-select group '[ProxyNode]; best member now '[ProxyNode] (166ms)
2026-09-08 15:06:48 | Watchdog | -      | ACTION      | Re-tested auto-select group '[ProxyNode]; best member now '[ProxyNode] (173ms)
2026-09-08 15:07:03 | Watchdog | -      | DIAG        | 4 proxy group(s) need a node switch: 故障转移, 🇪🇺欧洲自动选择, 🇺🇸美国自动选择, 🌍自动选择. Re-testing and switching, not touching the NIC or restarting processes.
2026-09-08 15:07:03 | Watchdog | -      | WARN        | Direct WAN is fine and proxy port is open, but a real request THROUGH the proxy failed. Active node is dead (cached delay is stale-good). Forcing a re-test/switch on all groups.
2026-09-08 15:07:08 | Watchdog | -      | ACTION      | Re-tested auto-select group '[ProxyNode]; best member now '[ProxyNode] (184ms)
2026-09-08 15:07:10 | Watchdog | -      | ACTION      | Re-tested auto-select group '[ProxyNode]; best member now '[ProxyNode] (161ms)
2026-09-08 15:07:10 | Watchdog | -      | ACTION      | Re-tested auto-select group '[ProxyNode]; best member now '[ProxyNode] (216ms)
2026-09-08 15:07:16 | Watchdog | -      | ACTION      | Re-tested auto-select group '[ProxyNode]; best member now '[ProxyNode] (163ms)
2026-09-08 15:07:31 | Watchdog | -      | WARN        | Direct WAN is fine and proxy port is open, but a real request THROUGH the proxy failed. Active node is dead (cached delay is stale-good). Forcing a re-test/switch on all groups.
2026-09-08 15:07:31 | Watchdog | -      | DIAG        | 4 proxy group(s) need a node switch: 故障转移, 🇪🇺欧洲自动选择, 🇺🇸美国自动选择, 🌍自动选择. Re-testing and switching, not touching the NIC or restarting processes.
2026-09-08 15:07:36 | Watchdog | -      | ACTION      | Re-tested auto-select group '[ProxyNode]; best member now '[ProxyNode] (168ms)
2026-09-08 15:07:41 | Watchdog | -      | ACTION      | Re-tested auto-select group '[ProxyNode]; best member now '[ProxyNode] (193ms)
2026-09-08 15:07:42 | Watchdog | -      | ACTION      | Re-tested auto-select group '[ProxyNode]; best member now '[ProxyNode] (165ms)
2026-09-08 15:07:47 | Watchdog | -      | ACTION      | Re-tested auto-select group '[ProxyNode]; best member now '[ProxyNode] (175ms)
2026-09-08 15:08:49 | Watchdog | -      | DIAG        | 4 proxy group(s) need a node switch: 故障转移, 🇪🇺欧洲自动选择, 🇺🇸美国自动选择, 🌍自动选择. Re-testing and switching, not touching the NIC or restarting processes.
2026-09-08 15:08:49 | Watchdog | -      | WARN        | Direct WAN is fine and proxy port is open, but a real request THROUGH the proxy failed. Active node is dead (cached delay is stale-good). Forcing a re-test/switch on all groups.
2026-09-08 15:08:54 | Watchdog | -      | ACTION      | Re-tested auto-select group '[ProxyNode]; best member now '[ProxyNode] (161ms)
2026-09-08 15:08:56 | Watchdog | -      | ACTION      | Re-tested auto-select group '[ProxyNode]; best member now '[ProxyNode] (190ms)
2026-09-08 15:08:57 | Watchdog | -      | ACTION      | Re-tested auto-select group '[ProxyNode]; best member now '[ProxyNode] (168ms)
2026-09-08 15:09:02 | Watchdog | -      | ACTION      | Re-tested auto-select group '[ProxyNode]; best member now '[ProxyNode] (168ms)
2026-09-08 15:09:17 | Watchdog | -      | DIAG        | 4 proxy group(s) need a node switch: 故障转移, 🇪🇺欧洲自动选择, 🇺🇸美国自动选择, 🌍自动选择. Re-testing and switching, not touching the NIC or restarting processes.
2026-09-08 15:09:17 | Watchdog | -      | WARN        | Direct WAN is fine and proxy port is open, but a real request THROUGH the proxy failed. Active node is dead (cached delay is stale-good). Forcing a re-test/switch on all groups.
2026-09-08 15:09:22 | Watchdog | -      | ACTION      | Re-tested auto-select group '[ProxyNode]; best member now '[ProxyNode] (167ms)
2026-09-08 15:09:24 | Watchdog | -      | ACTION      | Re-tested auto-select group '[ProxyNode]; best member now '[ProxyNode] (190ms)
2026-09-08 15:09:25 | Watchdog | -      | ACTION      | Re-tested auto-select group '[ProxyNode]; best member now '[ProxyNode] (164ms)
2026-09-08 15:09:30 | Watchdog | -      | ACTION      | Re-tested auto-select group '[ProxyNode]; best member now '[ProxyNode] (166ms)
2026-09-08 15:09:46 | Watchdog | -      | DIAG        | 4 proxy group(s) need a node switch: 故障转移, 🇪🇺欧洲自动选择, 🇺🇸美国自动选择, 🌍自动选择. Re-testing and switching, not touching the NIC or restarting processes.
2026-09-08 15:09:46 | Watchdog | -      | WARN        | Direct WAN is fine and proxy port is open, but a real request THROUGH the proxy failed. Active node is dead (cached delay is stale-good). Forcing a re-test/switch on all groups.
2026-09-08 15:09:51 | Watchdog | -      | ACTION      | Re-tested auto-select group '[ProxyNode]; best member now '[ProxyNode] (161ms)
2026-09-08 15:09:53 | Watchdog | -      | ACTION      | Re-tested auto-select group '[ProxyNode]; best member now '[ProxyNode] (196ms)
2026-09-08 15:09:54 | Watchdog | -      | ACTION      | Re-tested auto-select group '[ProxyNode]; best member now '[ProxyNode] (173ms)
2026-09-08 15:09:59 | Watchdog | -      | ACTION      | Re-tested auto-select group '[ProxyNode]; best member now '[ProxyNode] (161ms)
2026-09-08 15:10:14 | Watchdog | -      | DIAG        | 4 proxy group(s) need a node switch: 故障转移, 🇪🇺欧洲自动选择, 🇺🇸美国自动选择, 🌍自动选择. Re-testing and switching, not touching the NIC or restarting processes.
2026-09-08 15:10:14 | Watchdog | -      | WARN        | Direct WAN is fine and proxy port is open, but a real request THROUGH the proxy failed. Active node is dead (cached delay is stale-good). Forcing a re-test/switch on all groups.
2026-09-08 15:10:19 | Watchdog | -      | ACTION      | Re-tested auto-select group '[ProxyNode]; best member now '[ProxyNode] (162ms)
2026-09-08 15:10:21 | Watchdog | -      | ACTION      | Re-tested auto-select group '[ProxyNode]; best member now '[ProxyNode] (190ms)
2026-09-08 15:10:22 | Watchdog | -      | ACTION      | Re-tested auto-select group '[ProxyNode]; best member now '[ProxyNode] (165ms)
2026-09-08 15:10:27 | Watchdog | -      | ACTION      | Re-tested auto-select group '[ProxyNode]; best member now '[ProxyNode] (167ms)
2026-09-08 15:10:43 | Watchdog | -      | WARN        | Direct WAN is fine and proxy port is open, but a real request THROUGH the proxy failed. Active node is dead (cached delay is stale-good). Forcing a re-test/switch on all groups.
2026-09-08 15:10:43 | Watchdog | -      | DIAG        | 4 proxy group(s) need a node switch: 故障转移, 🇪🇺欧洲自动选择, 🇺🇸美国自动选择, 🌍自动选择. Re-testing and switching, not touching the NIC or restarting processes.
2026-09-08 15:10:48 | Watchdog | -      | ACTION      | Re-tested auto-select group '[ProxyNode]; best member now '[ProxyNode] (164ms)
2026-09-08 15:10:50 | Watchdog | -      | ACTION      | Re-tested auto-select group '[ProxyNode]; best member now '[ProxyNode] (201ms)
2026-09-08 15:10:50 | Watchdog | -      | ACTION      | Re-tested auto-select group '[ProxyNode]; best member now '[ProxyNode] (165ms)
2026-09-08 15:10:55 | Watchdog | -      | ACTION      | Re-tested auto-select group '[ProxyNode]; best member now '[ProxyNode] (168ms)
2026-09-08 15:11:11 | Watchdog | -      | WARN        | Direct WAN is fine and proxy port is open, but a real request THROUGH the proxy failed. Active node is dead (cached delay is stale-good). Forcing a re-test/switch on all groups.
2026-09-08 15:11:11 | Watchdog | -      | DIAG        | 4 proxy group(s) need a node switch: 故障转移, 🇪🇺欧洲自动选择, 🇺🇸美国自动选择, 🌍自动选择. Re-testing and switching, not touching the NIC or restarting processes.
2026-09-08 15:11:16 | Watchdog | -      | ACTION      | Re-tested auto-select group '[ProxyNode]; best member now '[ProxyNode] (167ms)
2026-09-08 15:11:18 | Watchdog | -      | ACTION      | Re-tested auto-select group '[ProxyNode]; best member now '[ProxyNode] (189ms)
2026-09-08 15:11:18 | Watchdog | -      | ACTION      | Re-tested auto-select group '[ProxyNode]; best member now '[ProxyNode] (163ms)
2026-09-08 15:11:23 | Watchdog | -      | ACTION      | Re-tested auto-select group '[ProxyNode]; best member now '[ProxyNode] (162ms)
2026-09-08 15:11:39 | Watchdog | -      | WARN        | Direct WAN is fine and proxy port is open, but a real request THROUGH the proxy failed. Active node is dead (cached delay is stale-good). Forcing a re-test/switch on all groups.
2026-09-08 15:11:39 | Watchdog | -      | DIAG        | 4 proxy group(s) need a node switch: 故障转移, 🇪🇺欧洲自动选择, 🇺🇸美国自动选择, 🌍自动选择. Re-testing and switching, not touching the NIC or restarting processes.
2026-09-08 15:11:44 | Watchdog | -      | ACTION      | Re-tested auto-select group '[ProxyNode]; best member now '[ProxyNode] (173ms)
2026-09-08 15:11:45 | Watchdog | -      | ACTION      | Re-tested auto-select group '[ProxyNode]; best member now '[ProxyNode] (190ms)
2026-09-08 15:11:46 | Watchdog | -      | ACTION      | Re-tested auto-select group '[ProxyNode]; best member now '[ProxyNode] (162ms)
2026-09-08 15:11:51 | Watchdog | -      | ACTION      | Re-tested auto-select group '[ProxyNode]; best member now '[ProxyNode] (162ms)
2026-09-08 15:12:37 | Watchdog | -      | WARN        | Direct WAN is fine and proxy port is open, but a real request THROUGH the proxy failed. Active node is dead (cached delay is stale-good). Forcing a re-test/switch on all groups.
2026-09-08 15:12:37 | Watchdog | -      | DIAG        | 4 proxy group(s) need a node switch: 故障转移, 🇪🇺欧洲自动选择, 🇺🇸美国自动选择, 🌍自动选择. Re-testing and switching, not touching the NIC or restarting processes.
2026-09-08 15:12:42 | Watchdog | -      | ACTION      | Re-tested auto-select group '[ProxyNode]; best member now '[ProxyNode] (162ms)
2026-09-08 15:12:44 | Watchdog | -      | ACTION      | Re-tested auto-select group '[ProxyNode]; best member now '[ProxyNode] (208ms)
2026-09-08 15:12:45 | Watchdog | -      | ACTION      | Re-tested auto-select group '[ProxyNode]; best member now '[ProxyNode] (165ms)
2026-09-08 15:12:50 | Watchdog | -      | ACTION      | Re-tested auto-select group '[ProxyNode]; best member now '[ProxyNode] (163ms)
2026-09-08 15:13:05 | Watchdog | -      | DIAG        | 4 proxy group(s) need a node switch: 故障转移, 🇪🇺欧洲自动选择, 🇺🇸美国自动选择, 🌍自动选择. Re-testing and switching, not touching the NIC or restarting processes.
2026-09-08 15:13:05 | Watchdog | -      | WARN        | Direct WAN is fine and proxy port is open, but a real request THROUGH the proxy failed. Active node is dead (cached delay is stale-good). Forcing a re-test/switch on all groups.
2026-09-08 15:13:10 | Watchdog | -      | ACTION      | Re-tested auto-select group '[ProxyNode]; best member now '[ProxyNode] (166ms)
2026-09-08 15:13:12 | Watchdog | -      | ACTION      | Re-tested auto-select group '[ProxyNode]; best member now '[ProxyNode] (216ms)
2026-09-08 15:13:13 | Watchdog | -      | ACTION      | Re-tested auto-select group '[ProxyNode]; best member now '[ProxyNode] (173ms)
2026-09-08 15:13:18 | Watchdog | -      | ACTION      | Re-tested auto-select group '[ProxyNode]; best member now '[ProxyNode] (185ms)
2026-09-08 15:13:49 | Watchdog | -      | WARN        | Direct WAN is fine and proxy port is open, but a real request THROUGH the proxy failed. Active node is dead (cached delay is stale-good). Forcing a re-test/switch on all groups.
2026-09-08 15:13:49 | Watchdog | -      | DIAG        | 4 proxy group(s) need a node switch: 故障转移, 🇪🇺欧洲自动选择, 🇺🇸美国自动选择, 🌍自动选择. Re-testing and switching, not touching the NIC or restarting processes.
2026-09-08 15:13:54 | Watchdog | -      | ACTION      | Re-tested auto-select group '[ProxyNode]; best member now '[ProxyNode] (162ms)
2026-09-08 15:13:56 | Watchdog | -      | ACTION      | Re-tested auto-select group '[ProxyNode]; best member now '[ProxyNode] (200ms)
2026-09-08 15:13:57 | Watchdog | -      | ACTION      | Re-tested auto-select group '[ProxyNode]; best member now '[ProxyNode] (170ms)
2026-09-08 15:14:02 | Watchdog | -      | ACTION      | Re-tested auto-select group '[ProxyNode]; best member now '[ProxyNode] (166ms)
2026-09-08 15:14:49 | Watchdog | -      | WARN        | Direct WAN is fine and proxy port is open, but a real request THROUGH the proxy failed. Active node is dead (cached delay is stale-good). Forcing a re-test/switch on all groups.
2026-09-08 15:14:49 | Watchdog | -      | DIAG        | 4 proxy group(s) need a node switch: 故障转移, 🇪🇺欧洲自动选择, 🇺🇸美国自动选择, 🌍自动选择. Re-testing and switching, not touching the NIC or restarting processes.
2026-09-08 15:14:54 | Watchdog | -      | ACTION      | Re-tested auto-select group '[ProxyNode]; best member now '[ProxyNode] (169ms)
2026-09-08 15:14:56 | Watchdog | -      | ACTION      | Re-tested auto-select group '[ProxyNode]; best member now '[ProxyNode] (194ms)
2026-09-08 15:14:57 | Watchdog | -      | ACTION      | Re-tested auto-select group '[ProxyNode]; best member now '[ProxyNode] (167ms)
2026-09-08 15:15:02 | Watchdog | -      | ACTION      | Re-tested auto-select group '[ProxyNode]; best member now '[ProxyNode] (162ms)
2026-09-08 16:35:29 | Watchdog | -      | DIAG        | 4 proxy group(s) need a node switch: 故障转移, 🇪🇺欧洲自动选择, 🇺🇸美国自动选择, 🌍自动选择. Re-testing and switching, not touching the NIC or restarting processes.
2026-09-08 16:35:29 | Watchdog | -      | WARN        | Direct WAN is fine and proxy port is open, but a real request THROUGH the proxy failed. Active node is dead (cached delay is stale-good). Forcing a re-test/switch on all groups.
2026-09-08 16:35:34 | Watchdog | -      | ACTION      | Re-tested auto-select group '[ProxyNode]; best member now '[ProxyNode] (162ms)
2026-09-08 16:35:36 | Watchdog | -      | ACTION      | Re-tested auto-select group '[ProxyNode]; best member now '[ProxyNode] (194ms)
2026-09-08 16:35:41 | Watchdog | -      | ACTION      | Re-tested auto-select group '[ProxyNode]; best member now '[ProxyNode] (164ms)
2026-09-08 16:35:46 | Watchdog | -      | ACTION      | Re-tested auto-select group '[ProxyNode]; best member now '[ProxyNode] (169ms)
2026-09-08 16:36:02 | Watchdog | -      | WARN        | Direct WAN is fine and proxy port is open, but a real request THROUGH the proxy failed. Active node is dead (cached delay is stale-good). Forcing a re-test/switch on all groups.
2026-09-08 16:36:02 | Watchdog | -      | DIAG        | 4 proxy group(s) need a node switch: 故障转移, 🇪🇺欧洲自动选择, 🇺🇸美国自动选择, 🌍自动选择. Re-testing and switching, not touching the NIC or restarting processes.
2026-09-08 16:36:07 | Watchdog | -      | ACTION      | Re-tested auto-select group '[ProxyNode]; best member now '[ProxyNode] (165ms)
2026-09-08 16:36:08 | Watchdog | -      | ACTION      | Re-tested auto-select group '[ProxyNode]; best member now '[ProxyNode] (228ms)
2026-09-08 16:36:13 | Watchdog | -      | ACTION      | Re-tested auto-select group '[ProxyNode]; best member now '[ProxyNode] (164ms)
2026-09-08 16:36:18 | Watchdog | -      | ACTION      | Re-tested auto-select group '[ProxyNode]; best member now '[ProxyNode] (159ms)
2026-09-08 16:36:34 | Watchdog | -      | DIAG        | 4 proxy group(s) need a node switch: 故障转移, 🇪🇺欧洲自动选择, 🇺🇸美国自动选择, 🌍自动选择. Re-testing and switching, not touching the NIC or restarting processes.
2026-09-08 16:36:34 | Watchdog | -      | WARN        | Direct WAN is fine and proxy port is open, but a real request THROUGH the proxy failed. Active node is dead (cached delay is stale-good). Forcing a re-test/switch on all groups.
2026-09-08 16:36:39 | Watchdog | -      | ACTION      | Re-tested auto-select group '[ProxyNode]; best member now '[ProxyNode] (168ms)
2026-09-08 16:36:40 | Watchdog | -      | ACTION      | Re-tested auto-select group '[ProxyNode]; best member now '[ProxyNode] (212ms)
2026-09-08 16:36:45 | Watchdog | -      | ACTION      | Re-tested auto-select group '[ProxyNode]; best member now '[ProxyNode] (165ms)
2026-09-08 16:36:50 | Watchdog | -      | ACTION      | Re-tested auto-select group '[ProxyNode]; best member now '[ProxyNode] (167ms)
2026-09-08 16:37:06 | Watchdog | -      | DIAG        | 4 proxy group(s) need a node switch: 故障转移, 🇪🇺欧洲自动选择, 🇺🇸美国自动选择, 🌍自动选择. Re-testing and switching, not touching the NIC or restarting processes.
2026-09-08 16:37:06 | Watchdog | -      | WARN        | Direct WAN is fine and proxy port is open, but a real request THROUGH the proxy failed. Active node is dead (cached delay is stale-good). Forcing a re-test/switch on all groups.
2026-09-08 16:37:11 | Watchdog | -      | ACTION      | Re-tested auto-select group '[ProxyNode]; best member now '[ProxyNode] (160ms)
2026-09-08 16:37:12 | Watchdog | -      | ACTION      | Re-tested auto-select group '[ProxyNode]; best member now '[ProxyNode] (190ms)
2026-09-08 16:37:17 | Watchdog | -      | ACTION      | Re-tested auto-select group '[ProxyNode]; best member now '[ProxyNode] (166ms)
2026-09-08 16:37:22 | Watchdog | -      | ACTION      | Re-tested auto-select group '[ProxyNode]; best member now '[ProxyNode] (163ms)
2026-09-08 16:37:38 | Watchdog | -      | DIAG        | 4 proxy group(s) need a node switch: 故障转移, 🇪🇺欧洲自动选择, 🇺🇸美国自动选择, 🌍自动选择. Re-testing and switching, not touching the NIC or restarting processes.
2026-09-08 16:37:38 | Watchdog | -      | WARN        | Direct WAN is fine and proxy port is open, but a real request THROUGH the proxy failed. Active node is dead (cached delay is stale-good). Forcing a re-test/switch on all groups.
2026-09-08 16:37:43 | Watchdog | -      | ACTION      | Re-tested auto-select group '[ProxyNode]; best member now '[ProxyNode] (166ms)
2026-09-08 16:37:44 | Watchdog | -      | ACTION      | Re-tested auto-select group '[ProxyNode]; best member now '[ProxyNode] (191ms)
2026-09-08 16:37:49 | Watchdog | -      | ACTION      | Re-tested auto-select group '[ProxyNode]; best member now '[ProxyNode] (169ms)
2026-09-08 16:37:54 | Watchdog | -      | ACTION      | Re-tested auto-select group '[ProxyNode]; best member now '[ProxyNode] (166ms)
2026-09-08 16:38:10 | Watchdog | -      | DIAG        | 4 proxy group(s) need a node switch: 故障转移, 🇪🇺欧洲自动选择, 🇺🇸美国自动选择, 🌍自动选择. Re-testing and switching, not touching the NIC or restarting processes.
2026-09-08 16:38:10 | Watchdog | -      | WARN        | Direct WAN is fine and proxy port is open, but a real request THROUGH the proxy failed. Active node is dead (cached delay is stale-good). Forcing a re-test/switch on all groups.
2026-09-08 16:38:15 | Watchdog | -      | ACTION      | Re-tested auto-select group '[ProxyNode]; best member now '[ProxyNode] (169ms)
2026-09-08 16:38:16 | Watchdog | -      | ACTION      | Re-tested auto-select group '[ProxyNode]; best member now '[ProxyNode] (194ms)
2026-09-08 16:38:21 | Watchdog | -      | ACTION      | Re-tested auto-select group '[ProxyNode]; best member now '[ProxyNode] (165ms)
2026-09-08 16:38:26 | Watchdog | -      | ACTION      | Re-tested auto-select group '[ProxyNode]; best member now '[ProxyNode] (164ms)
2026-09-08 16:38:42 | Watchdog | -      | DIAG        | 4 proxy group(s) need a node switch: 故障转移, 🇪🇺欧洲自动选择, 🇺🇸美国自动选择, 🌍自动选择. Re-testing and switching, not touching the NIC or restarting processes.
2026-09-08 16:38:42 | Watchdog | -      | WARN        | Direct WAN is fine and proxy port is open, but a real request THROUGH the proxy failed. Active node is dead (cached delay is stale-good). Forcing a re-test/switch on all groups.
2026-09-08 16:38:47 | Watchdog | -      | ACTION      | Re-tested auto-select group '[ProxyNode]; best member now '[ProxyNode] (164ms)
2026-09-08 16:38:48 | Watchdog | -      | ACTION      | Re-tested auto-select group '[ProxyNode]; best member now '[ProxyNode] (192ms)
2026-09-08 16:38:53 | Watchdog | -      | ACTION      | Re-tested auto-select group '[ProxyNode]; best member now '[ProxyNode] (165ms)
2026-09-08 16:38:58 | Watchdog | -      | ACTION      | Re-tested auto-select group '[ProxyNode]; best member now '[ProxyNode] (163ms)
2026-09-08 16:40:00 | Watchdog | -      | DIAG        | 4 proxy group(s) need a node switch: 故障转移, 🇪🇺欧洲自动选择, 🇺🇸美国自动选择, 🌍自动选择. Re-testing and switching, not touching the NIC or restarting processes.
2026-09-08 16:40:00 | Watchdog | -      | WARN        | Direct WAN is fine and proxy port is open, but a real request THROUGH the proxy failed. Active node is dead (cached delay is stale-good). Forcing a re-test/switch on all groups.
2026-09-08 16:40:05 | Watchdog | -      | ACTION      | Re-tested auto-select group '[ProxyNode]; best member now '[ProxyNode] (163ms)
2026-09-08 16:40:06 | Watchdog | -      | ACTION      | Re-tested auto-select group '[ProxyNode]; best member now '[ProxyNode] (190ms)
2026-09-08 16:40:11 | Watchdog | -      | ACTION      | Re-tested auto-select group '[ProxyNode]; best member now '[ProxyNode] (163ms)
2026-09-08 16:40:16 | Watchdog | -      | ACTION      | Re-tested auto-select group '[ProxyNode]; best member now '[ProxyNode] (171ms)
2026-09-08 16:40:32 | Watchdog | -      | DIAG        | 4 proxy group(s) need a node switch: 故障转移, 🇪🇺欧洲自动选择, 🇺🇸美国自动选择, 🌍自动选择. Re-testing and switching, not touching the NIC or restarting processes.
2026-09-08 16:40:32 | Watchdog | -      | WARN        | Direct WAN is fine and proxy port is open, but a real request THROUGH the proxy failed. Active node is dead (cached delay is stale-good). Forcing a re-test/switch on all groups.
2026-09-08 16:40:37 | Watchdog | -      | ACTION      | Re-tested auto-select group '[ProxyNode]; best member now '[ProxyNode] (167ms)
2026-09-08 16:40:38 | Watchdog | -      | ACTION      | Re-tested auto-select group '[ProxyNode]; best member now '[ProxyNode] (228ms)
2026-09-08 16:40:43 | Watchdog | -      | ACTION      | Re-tested auto-select group '[ProxyNode]; best member now '[ProxyNode] (165ms)
2026-09-08 16:40:48 | Watchdog | -      | ACTION      | Re-tested auto-select group '[ProxyNode]; best member now '[ProxyNode] (165ms)
2026-09-08 16:41:04 | Watchdog | -      | WARN        | Direct WAN is fine and proxy port is open, but a real request THROUGH the proxy failed. Active node is dead (cached delay is stale-good). Forcing a re-test/switch on all groups.
2026-09-08 16:41:04 | Watchdog | -      | DIAG        | 4 proxy group(s) need a node switch: 故障转移, 🇪🇺欧洲自动选择, 🇺🇸美国自动选择, 🌍自动选择. Re-testing and switching, not touching the NIC or restarting processes.
2026-09-08 16:41:09 | Watchdog | -      | ACTION      | Re-tested auto-select group '[ProxyNode]; best member now '[ProxyNode] (162ms)
2026-09-08 16:41:10 | Watchdog | -      | ACTION      | Re-tested auto-select group '[ProxyNode]; best member now '[ProxyNode] (195ms)
2026-09-08 16:41:15 | Watchdog | -      | ACTION      | Re-tested auto-select group '[ProxyNode]; best member now '[ProxyNode] (166ms)
2026-09-08 16:41:20 | Watchdog | -      | ACTION      | Re-tested auto-select group '[ProxyNode]; best member now '[ProxyNode] (170ms)
2026-09-08 16:41:36 | Watchdog | -      | WARN        | Direct WAN is fine and proxy port is open, but a real request THROUGH the proxy failed. Active node is dead (cached delay is stale-good). Forcing a re-test/switch on all groups.
2026-09-08 16:41:36 | Watchdog | -      | DIAG        | 4 proxy group(s) need a node switch: 故障转移, 🇪🇺欧洲自动选择, 🇺🇸美国自动选择, 🌍自动选择. Re-testing and switching, not touching the NIC or restarting processes.
2026-09-08 16:41:41 | Watchdog | -      | ACTION      | Re-tested auto-select group '[ProxyNode]; best member now '[ProxyNode] (164ms)
2026-09-08 16:41:42 | Watchdog | -      | ACTION      | Re-tested auto-select group '[ProxyNode]; best member now '[ProxyNode] (191ms)
2026-09-08 16:41:47 | Watchdog | -      | ACTION      | Re-tested auto-select group '[ProxyNode]; best member now '[ProxyNode] (173ms)
2026-09-08 16:41:52 | Watchdog | -      | ACTION      | Re-tested auto-select group '[ProxyNode]; best member now '[ProxyNode] (169ms)
2026-09-08 16:42:08 | Watchdog | -      | WARN        | Direct WAN is fine and proxy port is open, but a real request THROUGH the proxy failed. Active node is dead (cached delay is stale-good). Forcing a re-test/switch on all groups.
2026-09-08 16:42:08 | Watchdog | -      | DIAG        | 4 proxy group(s) need a node switch: 故障转移, 🇪🇺欧洲自动选择, 🇺🇸美国自动选择, 🌍自动选择. Re-testing and switching, not touching the NIC or restarting processes.
2026-09-08 16:42:13 | Watchdog | -      | ACTION      | Re-tested auto-select group '[ProxyNode]; best member now '[ProxyNode] (172ms)
2026-09-08 16:42:14 | Watchdog | -      | ACTION      | Re-tested auto-select group '[ProxyNode]; best member now '[ProxyNode] (191ms)
2026-09-08 16:42:19 | Watchdog | -      | ACTION      | Re-tested auto-select group '[ProxyNode]; best member now '[ProxyNode] (172ms)
2026-09-08 16:42:24 | Watchdog | -      | ACTION      | Re-tested auto-select group '[ProxyNode]; best member now '[ProxyNode] (174ms)
2026-09-08 16:42:39 | Watchdog | -      | WARN        | Direct WAN is fine and proxy port is open, but a real request THROUGH the proxy failed. Active node is dead (cached delay is stale-good). Forcing a re-test/switch on all groups.
2026-09-08 16:42:39 | Watchdog | -      | DIAG        | 4 proxy group(s) need a node switch: 故障转移, 🇪🇺欧洲自动选择, 🇺🇸美国自动选择, 🌍自动选择. Re-testing and switching, not touching the NIC or restarting processes.
2026-09-08 16:42:44 | Watchdog | -      | ACTION      | Re-tested auto-select group '[ProxyNode]; best member now '[ProxyNode] (165ms)
2026-09-08 16:42:46 | Watchdog | -      | ACTION      | Re-tested auto-select group '[ProxyNode]; best member now '[ProxyNode] (193ms)
2026-09-08 16:42:51 | Watchdog | -      | ACTION      | Re-tested auto-select group '[ProxyNode]; best member now '[ProxyNode] (165ms)
2026-09-08 16:42:56 | Watchdog | -      | ACTION      | Re-tested auto-select group '[ProxyNode]; best member now '[ProxyNode] (167ms)
2026-09-08 16:43:11 | Watchdog | -      | DIAG        | 4 proxy group(s) need a node switch: 故障转移, 🇪🇺欧洲自动选择, 🇺🇸美国自动选择, 🌍自动选择. Re-testing and switching, not touching the NIC or restarting processes.
2026-09-08 16:43:11 | Watchdog | -      | WARN        | Direct WAN is fine and proxy port is open, but a real request THROUGH the proxy failed. Active node is dead (cached delay is stale-good). Forcing a re-test/switch on all groups.
2026-09-08 16:43:16 | Watchdog | -      | ACTION      | Re-tested auto-select group '[ProxyNode]; best member now '[ProxyNode] (162ms)
2026-09-08 16:43:17 | Watchdog | -      | ACTION      | Re-tested auto-select group '[ProxyNode]; best member now '[ProxyNode] (189ms)
2026-09-08 16:43:22 | Watchdog | -      | ACTION      | Re-tested auto-select group '[ProxyNode]; best member now '[ProxyNode] (174ms)
2026-09-08 16:43:27 | Watchdog | -      | ACTION      | Re-tested auto-select group '[ProxyNode]; best member now '[ProxyNode] (163ms)
2026-09-08 16:43:43 | Watchdog | -      | WARN        | Direct WAN is fine and proxy port is open, but a real request THROUGH the proxy failed. Active node is dead (cached delay is stale-good). Forcing a re-test/switch on all groups.
2026-09-08 16:43:43 | Watchdog | -      | DIAG        | 4 proxy group(s) need a node switch: 故障转移, 🇪🇺欧洲自动选择, 🇺🇸美国自动选择, 🌍自动选择. Re-testing and switching, not touching the NIC or restarting processes.
2026-09-08 16:43:48 | Watchdog | -      | ACTION      | Re-tested auto-select group '[ProxyNode]; best member now '[ProxyNode] (163ms)
2026-09-08 16:43:49 | Watchdog | -      | ACTION      | Re-tested auto-select group '[ProxyNode]; best member now '[ProxyNode] (192ms)
2026-09-08 16:43:54 | Watchdog | -      | ACTION      | Re-tested auto-select group '[ProxyNode]; best member now '[ProxyNode] (162ms)
2026-09-08 16:44:00 | Watchdog | -      | ACTION      | Re-tested auto-select group '[ProxyNode]; best member now '[ProxyNode] (162ms)
2026-09-08 16:44:15 | Watchdog | -      | DIAG        | 4 proxy group(s) need a node switch: 故障转移, 🇪🇺欧洲自动选择, 🇺🇸美国自动选择, 🌍自动选择. Re-testing and switching, not touching the NIC or restarting processes.
2026-09-08 16:44:15 | Watchdog | -      | WARN        | Direct WAN is fine and proxy port is open, but a real request THROUGH the proxy failed. Active node is dead (cached delay is stale-good). Forcing a re-test/switch on all groups.
2026-09-08 16:44:20 | Watchdog | -      | ACTION      | Re-tested auto-select group '[ProxyNode]; best member now '[ProxyNode] (161ms)
2026-09-08 16:44:22 | Watchdog | -      | ACTION      | Re-tested auto-select group '[ProxyNode]; best member now '[ProxyNode] (194ms)
2026-09-08 16:44:27 | Watchdog | -      | ACTION      | Re-tested auto-select group '[ProxyNode]; best member now '[ProxyNode] (166ms)
2026-09-08 16:44:32 | Watchdog | -      | ACTION      | Re-tested auto-select group '[ProxyNode]; best member now '[ProxyNode] (163ms)
2026-09-08 16:44:48 | Watchdog | -      | WARN        | Direct WAN is fine and proxy port is open, but a real request THROUGH the proxy failed. Active node is dead (cached delay is stale-good). Forcing a re-test/switch on all groups.
2026-09-08 16:44:48 | Watchdog | -      | DIAG        | 4 proxy group(s) need a node switch: 故障转移, 🇪🇺欧洲自动选择, 🇺🇸美国自动选择, 🌍自动选择. Re-testing and switching, not touching the NIC or restarting processes.
2026-09-08 16:44:53 | Watchdog | -      | ACTION      | Re-tested auto-select group '[ProxyNode]; best member now '[ProxyNode] (172ms)
2026-09-08 16:44:54 | Watchdog | -      | ACTION      | Re-tested auto-select group '[ProxyNode]; best member now '[ProxyNode] (190ms)
2026-09-08 16:44:59 | Watchdog | -      | ACTION      | Re-tested auto-select group '[ProxyNode]; best member now '[ProxyNode] (164ms)
2026-09-08 16:45:04 | Watchdog | -      | ACTION      | Re-tested auto-select group '[ProxyNode]; best member now '[ProxyNode] (169ms)
2026-09-08 16:45:19 | Watchdog | -      | WARN        | Direct WAN is fine and proxy port is open, but a real request THROUGH the proxy failed. Active node is dead (cached delay is stale-good). Forcing a re-test/switch on all groups.
2026-09-08 16:45:19 | Watchdog | -      | DIAG        | 4 proxy group(s) need a node switch: 故障转移, 🇪🇺欧洲自动选择, 🇺🇸美国自动选择, 🌍自动选择. Re-testing and switching, not touching the NIC or restarting processes.
2026-09-08 16:45:24 | Watchdog | -      | ACTION      | Re-tested auto-select group '[ProxyNode]; best member now '[ProxyNode] (164ms)
2026-09-08 16:45:26 | Watchdog | -      | ACTION      | Re-tested auto-select group '[ProxyNode]; best member now '[ProxyNode] (204ms)
2026-09-08 16:45:31 | Watchdog | -      | ACTION      | Re-tested auto-select group '[ProxyNode]; best member now '[ProxyNode] (164ms)
2026-09-08 16:45:36 | Watchdog | -      | ACTION      | Re-tested auto-select group '[ProxyNode]; best member now '[ProxyNode] (168ms)
2026-09-08 16:46:07 | Watchdog | -      | WARN        | Direct WAN is fine and proxy port is open, but a real request THROUGH the proxy failed. Active node is dead (cached delay is stale-good). Forcing a re-test/switch on all groups.
2026-09-08 16:46:07 | Watchdog | -      | DIAG        | 4 proxy group(s) need a node switch: 故障转移, 🇪🇺欧洲自动选择, 🇺🇸美国自动选择, 🌍自动选择. Re-testing and switching, not touching the NIC or restarting processes.
2026-09-08 16:46:12 | Watchdog | -      | ACTION      | Re-tested auto-select group '[ProxyNode]; best member now '[ProxyNode] (167ms)
2026-09-08 16:46:14 | Watchdog | -      | ACTION      | Re-tested auto-select group '[ProxyNode]; best member now '[ProxyNode] (191ms)
2026-09-08 16:46:19 | Watchdog | -      | ACTION      | Re-tested auto-select group '[ProxyNode]; best member now '[ProxyNode] (168ms)
2026-09-08 16:46:24 | Watchdog | -      | ACTION      | Re-tested auto-select group '[ProxyNode]; best member now '[ProxyNode] (165ms)
2026-09-08 16:46:39 | Watchdog | -      | WARN        | Direct WAN is fine and proxy port is open, but a real request THROUGH the proxy failed. Active node is dead (cached delay is stale-good). Forcing a re-test/switch on all groups.
2026-09-08 16:46:39 | Watchdog | -      | DIAG        | 4 proxy group(s) need a node switch: 故障转移, 🇪🇺欧洲自动选择, 🇺🇸美国自动选择, 🌍自动选择. Re-testing and switching, not touching the NIC or restarting processes.
2026-09-08 16:46:44 | Watchdog | -      | ACTION      | Re-tested auto-select group '[ProxyNode]; best member now '[ProxyNode] (161ms)
2026-09-08 16:46:46 | Watchdog | -      | ACTION      | Re-tested auto-select group '[ProxyNode]; best member now '[ProxyNode] (191ms)
2026-09-08 16:46:51 | Watchdog | -      | ACTION      | Re-tested auto-select group '[ProxyNode]; best member now '[ProxyNode] (162ms)
2026-09-08 16:46:56 | Watchdog | -      | ACTION      | Re-tested auto-select group '[ProxyNode]; best member now '[ProxyNode] (169ms)
2026-09-08 16:47:11 | Watchdog | -      | DIAG        | 4 proxy group(s) need a node switch: 故障转移, 🇪🇺欧洲自动选择, 🇺🇸美国自动选择, 🌍自动选择. Re-testing and switching, not touching the NIC or restarting processes.
2026-09-08 16:47:11 | Watchdog | -      | WARN        | Direct WAN is fine and proxy port is open, but a real request THROUGH the proxy failed. Active node is dead (cached delay is stale-good). Forcing a re-test/switch on all groups.
2026-09-08 16:47:16 | Watchdog | -      | ACTION      | Re-tested auto-select group '[ProxyNode]; best member now '[ProxyNode] (163ms)
2026-09-08 16:47:19 | Watchdog | -      | ACTION      | Re-tested auto-select group '[ProxyNode]; best member now '[ProxyNode] (221ms)
2026-09-08 16:47:24 | Watchdog | -      | ACTION      | Re-tested auto-select group '[ProxyNode]; best member now '[ProxyNode] (171ms)
2026-09-08 16:47:29 | Watchdog | -      | ACTION      | Re-tested auto-select group '[ProxyNode]; best member now '[ProxyNode] (165ms)
2026-09-08 16:47:44 | Watchdog | -      | WARN        | Direct WAN is fine and proxy port is open, but a real request THROUGH the proxy failed. Active node is dead (cached delay is stale-good). Forcing a re-test/switch on all groups.
2026-09-08 16:47:44 | Watchdog | -      | DIAG        | 4 proxy group(s) need a node switch: 故障转移, 🇪🇺欧洲自动选择, 🇺🇸美国自动选择, 🌍自动选择. Re-testing and switching, not touching the NIC or restarting processes.
2026-09-08 16:47:49 | Watchdog | -      | ACTION      | Re-tested auto-select group '[ProxyNode]; best member now '[ProxyNode] (163ms)
2026-09-08 16:47:50 | Watchdog | -      | ACTION      | Re-tested auto-select group '[ProxyNode]; best member now '[ProxyNode] (189ms)
2026-09-08 16:47:56 | Watchdog | -      | ACTION      | Re-tested auto-select group '[ProxyNode]; best member now '[ProxyNode] (171ms)
2026-09-08 16:48:01 | Watchdog | -      | ACTION      | Re-tested auto-select group '[ProxyNode]; best member now '[ProxyNode] (164ms)
2026-09-08 16:48:16 | Watchdog | -      | DIAG        | 4 proxy group(s) need a node switch: 故障转移, 🇪🇺欧洲自动选择, 🇺🇸美国自动选择, 🌍自动选择. Re-testing and switching, not touching the NIC or restarting processes.
2026-09-08 16:48:16 | Watchdog | -      | WARN        | Direct WAN is fine and proxy port is open, but a real request THROUGH the proxy failed. Active node is dead (cached delay is stale-good). Forcing a re-test/switch on all groups.
2026-09-08 16:48:21 | Watchdog | -      | ACTION      | Re-tested auto-select group '[ProxyNode]; best member now '[ProxyNode] (167ms)
2026-09-08 16:48:22 | Watchdog | -      | ACTION      | Re-tested auto-select group '[ProxyNode]; best member now '[ProxyNode] (190ms)
2026-09-08 16:48:27 | Watchdog | -      | ACTION      | Re-tested auto-select group '[ProxyNode]; best member now '[ProxyNode] (168ms)
2026-09-08 16:48:32 | Watchdog | -      | ACTION      | Re-tested auto-select group '[ProxyNode]; best member now '[ProxyNode] (162ms)
2026-09-08 16:48:48 | Watchdog | -      | DIAG        | 4 proxy group(s) need a node switch: 故障转移, 🇪🇺欧洲自动选择, 🇺🇸美国自动选择, 🌍自动选择. Re-testing and switching, not touching the NIC or restarting processes.
2026-09-08 16:48:48 | Watchdog | -      | WARN        | Direct WAN is fine and proxy port is open, but a real request THROUGH the proxy failed. Active node is dead (cached delay is stale-good). Forcing a re-test/switch on all groups.
2026-09-08 16:48:53 | Watchdog | -      | ACTION      | Re-tested auto-select group '[ProxyNode]; best member now '[ProxyNode] (166ms)
2026-09-08 16:48:54 | Watchdog | -      | ACTION      | Re-tested auto-select group '[ProxyNode]; best member now '[ProxyNode] (189ms)
2026-09-08 16:48:59 | Watchdog | -      | ACTION      | Re-tested auto-select group '[ProxyNode]; best member now '[ProxyNode] (170ms)
2026-09-08 16:49:04 | Watchdog | -      | ACTION      | Re-tested auto-select group '[ProxyNode]; best member now '[ProxyNode] (165ms)
2026-09-08 16:49:35 | Watchdog | -      | DIAG        | 4 proxy group(s) need a node switch: 故障转移, 🇪🇺欧洲自动选择, 🇺🇸美国自动选择, 🌍自动选择. Re-testing and switching, not touching the NIC or restarting processes.
2026-09-08 16:49:35 | Watchdog | -      | WARN        | Direct WAN is fine and proxy port is open, but a real request THROUGH the proxy failed. Active node is dead (cached delay is stale-good). Forcing a re-test/switch on all groups.
2026-09-08 16:49:40 | Watchdog | -      | ACTION      | Re-tested auto-select group '[ProxyNode]; best member now '[ProxyNode] (170ms)
2026-09-08 16:49:42 | Watchdog | -      | ACTION      | Re-tested auto-select group '[ProxyNode]; best member now '[ProxyNode] (222ms)
2026-09-08 16:49:47 | Watchdog | -      | ACTION      | Re-tested auto-select group '[ProxyNode]; best member now '[ProxyNode] (171ms)
2026-09-08 16:49:52 | Watchdog | -      | ACTION      | Re-tested auto-select group '[ProxyNode]; best member now '[ProxyNode] (184ms)
2026-09-08 16:50:22 | Watchdog | -      | DIAG        | 4 proxy group(s) need a node switch: 故障转移, 🇪🇺欧洲自动选择, 🇺🇸美国自动选择, 🌍自动选择. Re-testing and switching, not touching the NIC or restarting processes.
2026-09-08 16:50:22 | Watchdog | -      | WARN        | Direct WAN is fine and proxy port is open, but a real request THROUGH the proxy failed. Active node is dead (cached delay is stale-good). Forcing a re-test/switch on all groups.
2026-09-08 16:50:27 | Watchdog | -      | ACTION      | Re-tested auto-select group '[ProxyNode]; best member now '[ProxyNode] (171ms)
2026-09-08 16:50:31 | Watchdog | -      | ACTION      | Re-tested auto-select group '[ProxyNode]; best member now '[ProxyNode] (189ms)
2026-09-08 16:50:36 | Watchdog | -      | ACTION      | Re-tested auto-select group '[ProxyNode]; best member now '[ProxyNode] (162ms)
2026-09-08 16:50:41 | Watchdog | -      | ACTION      | Re-tested auto-select group '[ProxyNode]; best member now '[ProxyNode] (162ms)
2026-09-08 16:50:57 | Watchdog | -      | DIAG        | 4 proxy group(s) need a node switch: 故障转移, 🇪🇺欧洲自动选择, 🇺🇸美国自动选择, 🌍自动选择. Re-testing and switching, not touching the NIC or restarting processes.
2026-09-08 16:50:57 | Watchdog | -      | WARN        | Direct WAN is fine and proxy port is open, but a real request THROUGH the proxy failed. Active node is dead (cached delay is stale-good). Forcing a re-test/switch on all groups.
2026-09-08 16:51:02 | Watchdog | -      | ACTION      | Re-tested auto-select group '[ProxyNode]; best member now '[ProxyNode] (168ms)
2026-09-08 16:51:03 | Watchdog | -      | ACTION      | Re-tested auto-select group '[ProxyNode]; best member now '[ProxyNode] (192ms)
2026-09-08 16:51:08 | Watchdog | -      | ACTION      | Re-tested auto-select group '[ProxyNode]; best member now '[ProxyNode] (161ms)
2026-09-08 16:51:13 | Watchdog | -      | ACTION      | Re-tested auto-select group '[ProxyNode]; best member now '[ProxyNode] (168ms)
2026-09-08 16:51:33 | Watchdog | -      | DIAG        | 4 proxy group(s) need a node switch: 故障转移, 🇪🇺欧洲自动选择, 🇺🇸美国自动选择, 🌍自动选择. Re-testing and switching, not touching the NIC or restarting processes.
2026-09-08 16:51:33 | Watchdog | -      | WARN        | Direct WAN is fine and proxy port is open, but a real request THROUGH the proxy failed. Active node is dead (cached delay is stale-good). Forcing a re-test/switch on all groups.
2026-09-08 16:51:38 | Watchdog | -      | ACTION      | Re-tested auto-select group '[ProxyNode]; best member now '[ProxyNode] (168ms)
2026-09-08 16:51:39 | Watchdog | -      | ACTION      | Re-tested auto-select group '[ProxyNode]; best member now '[ProxyNode] (200ms)
2026-09-08 16:51:44 | Watchdog | -      | ACTION      | Re-tested auto-select group '[ProxyNode]; best member now '[ProxyNode] (165ms)
2026-09-08 16:51:49 | Watchdog | -      | ACTION      | Re-tested auto-select group '[ProxyNode]; best member now '[ProxyNode] (166ms)
2026-09-08 16:52:04 | Watchdog | -      | WARN        | Direct WAN is fine and proxy port is open, but a real request THROUGH the proxy failed. Active node is dead (cached delay is stale-good). Forcing a re-test/switch on all groups.
2026-09-08 16:52:04 | Watchdog | -      | DIAG        | 4 proxy group(s) need a node switch: 故障转移, 🇪🇺欧洲自动选择, 🇺🇸美国自动选择, 🌍自动选择. Re-testing and switching, not touching the NIC or restarting processes.
2026-09-08 16:52:09 | Watchdog | -      | ACTION      | Re-tested auto-select group '[ProxyNode]; best member now '[ProxyNode] (167ms)
2026-09-08 16:52:12 | Watchdog | -      | ACTION      | Re-tested auto-select group '[ProxyNode]; best member now '[ProxyNode] (226ms)
2026-09-08 16:52:17 | Watchdog | -      | ACTION      | Re-tested auto-select group '[ProxyNode]; best member now '[ProxyNode] (164ms)
2026-09-08 16:52:22 | Watchdog | -      | ACTION      | Re-tested auto-select group '[ProxyNode]; best member now '[ProxyNode] (164ms)
2026-09-08 16:52:37 | Watchdog | -      | WARN        | Direct WAN is fine and proxy port is open, but a real request THROUGH the proxy failed. Active node is dead (cached delay is stale-good). Forcing a re-test/switch on all groups.
2026-09-08 16:52:37 | Watchdog | -      | DIAG        | 4 proxy group(s) need a node switch: 故障转移, 🇪🇺欧洲自动选择, 🇺🇸美国自动选择, 🌍自动选择. Re-testing and switching, not touching the NIC or restarting processes.
2026-09-08 16:52:42 | Watchdog | -      | ACTION      | Re-tested auto-select group '[ProxyNode]; best member now '[ProxyNode] (169ms)
2026-09-08 16:52:43 | Watchdog | -      | ACTION      | Re-tested auto-select group '[ProxyNode]; best member now '[ProxyNode] (189ms)
2026-09-08 16:52:48 | Watchdog | -      | ACTION      | Re-tested auto-select group '[ProxyNode]; best member now '[ProxyNode] (162ms)
2026-09-08 16:52:53 | Watchdog | -      | ACTION      | Re-tested auto-select group '[ProxyNode]; best member now '[ProxyNode] (163ms)
2026-09-08 16:53:09 | Watchdog | -      | WARN        | Direct WAN is fine and proxy port is open, but a real request THROUGH the proxy failed. Active node is dead (cached delay is stale-good). Forcing a re-test/switch on all groups.
2026-09-08 16:53:09 | Watchdog | -      | DIAG        | 4 proxy group(s) need a node switch: 故障转移, 🇪🇺欧洲自动选择, 🇺🇸美国自动选择, 🌍自动选择. Re-testing and switching, not touching the NIC or restarting processes.
2026-09-08 16:53:14 | Watchdog | -      | ACTION      | Re-tested auto-select group '[ProxyNode]; best member now '[ProxyNode] (166ms)
2026-09-08 16:53:15 | Watchdog | -      | ACTION      | Re-tested auto-select group '[ProxyNode]; best member now '[ProxyNode] (198ms)
2026-09-08 16:53:20 | Watchdog | -      | ACTION      | Re-tested auto-select group '[ProxyNode]; best member now '[ProxyNode] (165ms)
2026-09-08 16:53:25 | Watchdog | -      | ACTION      | Re-tested auto-select group '[ProxyNode]; best member now '[ProxyNode] (163ms)
2026-09-08 16:53:41 | Watchdog | -      | DIAG        | 4 proxy group(s) need a node switch: 故障转移, 🇪🇺欧洲自动选择, 🇺🇸美国自动选择, 🌍自动选择. Re-testing and switching, not touching the NIC or restarting processes.
2026-09-08 16:53:41 | Watchdog | -      | WARN        | Direct WAN is fine and proxy port is open, but a real request THROUGH the proxy failed. Active node is dead (cached delay is stale-good). Forcing a re-test/switch on all groups.
2026-09-08 16:53:46 | Watchdog | -      | ACTION      | Re-tested auto-select group '[ProxyNode]; best member now '[ProxyNode] (164ms)
2026-09-08 16:53:47 | Watchdog | -      | ACTION      | Re-tested auto-select group '[ProxyNode]; best member now '[ProxyNode] (196ms)
2026-09-08 16:53:52 | Watchdog | -      | ACTION      | Re-tested auto-select group '[ProxyNode]; best member now '[ProxyNode] (162ms)
2026-09-08 16:53:57 | Watchdog | -      | ACTION      | Re-tested auto-select group '[ProxyNode]; best member now '[ProxyNode] (159ms)
2026-09-08 16:54:13 | Watchdog | -      | WARN        | Direct WAN is fine and proxy port is open, but a real request THROUGH the proxy failed. Active node is dead (cached delay is stale-good). Forcing a re-test/switch on all groups.
2026-09-08 16:54:13 | Watchdog | -      | DIAG        | 4 proxy group(s) need a node switch: 故障转移, 🇪🇺欧洲自动选择, 🇺🇸美国自动选择, 🌍自动选择. Re-testing and switching, not touching the NIC or restarting processes.
2026-09-08 16:54:18 | Watchdog | -      | ACTION      | Re-tested auto-select group '[ProxyNode]; best member now '[ProxyNode] (163ms)
2026-09-08 16:54:19 | Watchdog | -      | ACTION      | Re-tested auto-select group '[ProxyNode]; best member now '[ProxyNode] (196ms)
2026-09-08 16:54:24 | Watchdog | -      | ACTION      | Re-tested auto-select group '[ProxyNode]; best member now '[ProxyNode] (168ms)
2026-09-08 16:54:29 | Watchdog | -      | ACTION      | Re-tested auto-select group '[ProxyNode]; best member now '[ProxyNode] (167ms)
2026-09-08 16:54:44 | Watchdog | -      | DIAG        | 4 proxy group(s) need a node switch: 故障转移, 🇪🇺欧洲自动选择, 🇺🇸美国自动选择, 🌍自动选择. Re-testing and switching, not touching the NIC or restarting processes.
2026-09-08 16:54:44 | Watchdog | -      | WARN        | Direct WAN is fine and proxy port is open, but a real request THROUGH the proxy failed. Active node is dead (cached delay is stale-good). Forcing a re-test/switch on all groups.
2026-09-08 16:54:49 | Watchdog | -      | ACTION      | Re-tested auto-select group '[ProxyNode]; best member now '[ProxyNode] (164ms)
2026-09-08 16:54:51 | Watchdog | -      | ACTION      | Re-tested auto-select group '[ProxyNode]; best member now '[ProxyNode] (189ms)
2026-09-08 16:54:56 | Watchdog | -      | ACTION      | Re-tested auto-select group '[ProxyNode]; best member now '[ProxyNode] (164ms)
2026-09-08 16:55:01 | Watchdog | -      | ACTION      | Re-tested auto-select group '[ProxyNode]; best member now '[ProxyNode] (165ms)
2026-09-08 16:55:16 | Watchdog | -      | WARN        | Direct WAN is fine and proxy port is open, but a real request THROUGH the proxy failed. Active node is dead (cached delay is stale-good). Forcing a re-test/switch on all groups.
2026-09-08 16:55:16 | Watchdog | -      | DIAG        | 4 proxy group(s) need a node switch: 故障转移, 🇪🇺欧洲自动选择, 🇺🇸美国自动选择, 🌍自动选择. Re-testing and switching, not touching the NIC or restarting processes.
2026-09-08 16:55:21 | Watchdog | -      | ACTION      | Re-tested auto-select group '[ProxyNode]; best member now '[ProxyNode] (165ms)
2026-09-08 16:55:23 | Watchdog | -      | ACTION      | Re-tested auto-select group '[ProxyNode]; best member now '[ProxyNode] (237ms)
2026-09-08 16:55:28 | Watchdog | -      | ACTION      | Re-tested auto-select group '[ProxyNode]; best member now '[ProxyNode] (164ms)
2026-09-08 16:55:33 | Watchdog | -      | ACTION      | Re-tested auto-select group '[ProxyNode]; best member now '[ProxyNode] (187ms)
2026-09-08 16:55:48 | Watchdog | -      | WARN        | Direct WAN is fine and proxy port is open, but a real request THROUGH the proxy failed. Active node is dead (cached delay is stale-good). Forcing a re-test/switch on all groups.
2026-09-08 16:55:48 | Watchdog | -      | DIAG        | 4 proxy group(s) need a node switch: 故障转移, 🇪🇺欧洲自动选择, 🇺🇸美国自动选择, 🌍自动选择. Re-testing and switching, not touching the NIC or restarting processes.
2026-09-08 16:55:53 | Watchdog | -      | ACTION      | Re-tested auto-select group '[ProxyNode]; best member now '[ProxyNode] (163ms)
2026-09-08 16:55:55 | Watchdog | -      | ACTION      | Re-tested auto-select group '[ProxyNode]; best member now '[ProxyNode] (204ms)
2026-09-08 16:56:00 | Watchdog | -      | ACTION      | Re-tested auto-select group '[ProxyNode]; best member now '[ProxyNode] (162ms)
2026-09-08 16:56:05 | Watchdog | -      | ACTION      | Re-tested auto-select group '[ProxyNode]; best member now '[ProxyNode] (166ms)
2026-09-08 16:56:20 | Watchdog | -      | DIAG        | 4 proxy group(s) need a node switch: 故障转移, 🇪🇺欧洲自动选择, 🇺🇸美国自动选择, 🌍自动选择. Re-testing and switching, not touching the NIC or restarting processes.
2026-09-08 16:56:20 | Watchdog | -      | WARN        | Direct WAN is fine and proxy port is open, but a real request THROUGH the proxy failed. Active node is dead (cached delay is stale-good). Forcing a re-test/switch on all groups.
2026-09-08 16:56:25 | Watchdog | -      | ACTION      | Re-tested auto-select group '[ProxyNode]; best member now '[ProxyNode] (161ms)
2026-09-08 16:56:26 | Watchdog | -      | ACTION      | Re-tested auto-select group '[ProxyNode]; best member now '[ProxyNode] (188ms)
2026-09-08 16:56:31 | Watchdog | -      | ACTION      | Re-tested auto-select group '[ProxyNode]; best member now '[ProxyNode] (163ms)
2026-09-08 16:56:36 | Watchdog | -      | ACTION      | Re-tested auto-select group '[ProxyNode]; best member now '[ProxyNode] (169ms)
2026-09-08 16:56:52 | Watchdog | -      | DIAG        | 4 proxy group(s) need a node switch: 故障转移, 🇪🇺欧洲自动选择, 🇺🇸美国自动选择, 🌍自动选择. Re-testing and switching, not touching the NIC or restarting processes.
2026-09-08 16:56:52 | Watchdog | -      | WARN        | Direct WAN is fine and proxy port is open, but a real request THROUGH the proxy failed. Active node is dead (cached delay is stale-good). Forcing a re-test/switch on all groups.
2026-09-08 16:56:57 | Watchdog | -      | ACTION      | Re-tested auto-select group '[ProxyNode]; best member now '[ProxyNode] (162ms)
2026-09-08 16:56:59 | Watchdog | -      | ACTION      | Re-tested auto-select group '[ProxyNode]; best member now '[ProxyNode] (194ms)
2026-09-08 16:57:04 | Watchdog | -      | ACTION      | Re-tested auto-select group '[ProxyNode]; best member now '[ProxyNode] (163ms)
2026-09-08 16:57:09 | Watchdog | -      | ACTION      | Re-tested auto-select group '[ProxyNode]; best member now '[ProxyNode] (174ms)
2026-09-08 16:57:24 | Watchdog | -      | DIAG        | 4 proxy group(s) need a node switch: 故障转移, 🇪🇺欧洲自动选择, 🇺🇸美国自动选择, 🌍自动选择. Re-testing and switching, not touching the NIC or restarting processes.
2026-09-08 16:57:24 | Watchdog | -      | WARN        | Direct WAN is fine and proxy port is open, but a real request THROUGH the proxy failed. Active node is dead (cached delay is stale-good). Forcing a re-test/switch on all groups.
2026-09-08 16:57:29 | Watchdog | -      | ACTION      | Re-tested auto-select group '[ProxyNode]; best member now '[ProxyNode] (165ms)
2026-09-08 16:57:31 | Watchdog | -      | ACTION      | Re-tested auto-select group '[ProxyNode]; best member now '[ProxyNode] (192ms)
2026-09-08 16:57:36 | Watchdog | -      | ACTION      | Re-tested auto-select group '[ProxyNode]; best member now '[ProxyNode] (166ms)
2026-09-08 16:57:41 | Watchdog | -      | ACTION      | Re-tested auto-select group '[ProxyNode]; best member now '[ProxyNode] (165ms)
2026-09-08 16:57:56 | Watchdog | -      | WARN        | Direct WAN is fine and proxy port is open, but a real request THROUGH the proxy failed. Active node is dead (cached delay is stale-good). Forcing a re-test/switch on all groups.
2026-09-08 16:57:57 | Watchdog | -      | DIAG        | 4 proxy group(s) need a node switch: 故障转移, 🇪🇺欧洲自动选择, 🇺🇸美国自动选择, 🌍自动选择. Re-testing and switching, not touching the NIC or restarting processes.
2026-09-08 16:58:02 | Watchdog | -      | ACTION      | Re-tested auto-select group '[ProxyNode]; best member now '[ProxyNode] (163ms)
2026-09-08 16:58:03 | Watchdog | -      | ACTION      | Re-tested auto-select group '[ProxyNode]; best member now '[ProxyNode] (189ms)
2026-09-08 16:58:08 | Watchdog | -      | ACTION      | Re-tested auto-select group '[ProxyNode]; best member now '[ProxyNode] (161ms)
2026-09-08 16:58:13 | Watchdog | -      | ACTION      | Re-tested auto-select group '[ProxyNode]; best member now '[ProxyNode] (166ms)
2026-09-08 16:58:28 | Watchdog | -      | DIAG        | 4 proxy group(s) need a node switch: 故障转移, 🇪🇺欧洲自动选择, 🇺🇸美国自动选择, 🌍自动选择. Re-testing and switching, not touching the NIC or restarting processes.
2026-09-08 16:58:28 | Watchdog | -      | WARN        | Direct WAN is fine and proxy port is open, but a real request THROUGH the proxy failed. Active node is dead (cached delay is stale-good). Forcing a re-test/switch on all groups.
2026-09-08 16:58:33 | Watchdog | -      | ACTION      | Re-tested auto-select group '[ProxyNode]; best member now '[ProxyNode] (163ms)
2026-09-08 16:58:35 | Watchdog | -      | ACTION      | Re-tested auto-select group '[ProxyNode]; best member now '[ProxyNode] (189ms)
2026-09-08 16:58:40 | Watchdog | -      | ACTION      | Re-tested auto-select group '[ProxyNode]; best member now '[ProxyNode] (201ms)
2026-09-08 16:58:45 | Watchdog | -      | ACTION      | Re-tested auto-select group '[ProxyNode]; best member now '[ProxyNode] (164ms)
2026-09-08 16:59:00 | Watchdog | -      | DIAG        | 4 proxy group(s) need a node switch: 故障转移, 🇪🇺欧洲自动选择, 🇺🇸美国自动选择, 🌍自动选择. Re-testing and switching, not touching the NIC or restarting processes.
2026-09-08 16:59:00 | Watchdog | -      | WARN        | Direct WAN is fine and proxy port is open, but a real request THROUGH the proxy failed. Active node is dead (cached delay is stale-good). Forcing a re-test/switch on all groups.
2026-09-08 16:59:05 | Watchdog | -      | ACTION      | Re-tested auto-select group '[ProxyNode]; best member now '[ProxyNode] (162ms)
2026-09-08 16:59:06 | Watchdog | -      | ACTION      | Re-tested auto-select group '[ProxyNode]; best member now '[ProxyNode] (197ms)
2026-09-08 16:59:11 | Watchdog | -      | ACTION      | Re-tested auto-select group '[ProxyNode]; best member now '[ProxyNode] (159ms)
2026-09-08 16:59:16 | Watchdog | -      | ACTION      | Re-tested auto-select group '[ProxyNode]; best member now '[ProxyNode] (162ms)
2026-09-08 16:59:32 | Watchdog | -      | DIAG        | 4 proxy group(s) need a node switch: 故障转移, 🇪🇺欧洲自动选择, 🇺🇸美国自动选择, 🌍自动选择. Re-testing and switching, not touching the NIC or restarting processes.
2026-09-08 16:59:32 | Watchdog | -      | WARN        | Direct WAN is fine and proxy port is open, but a real request THROUGH the proxy failed. Active node is dead (cached delay is stale-good). Forcing a re-test/switch on all groups.
2026-09-08 16:59:37 | Watchdog | -      | ACTION      | Re-tested auto-select group '[ProxyNode]; best member now '[ProxyNode] (161ms)
2026-09-08 16:59:38 | Watchdog | -      | ACTION      | Re-tested auto-select group '[ProxyNode]; best member now '[ProxyNode] (226ms)
2026-09-08 16:59:43 | Watchdog | -      | ACTION      | Re-tested auto-select group '[ProxyNode]; best member now '[ProxyNode] (167ms)
2026-09-08 16:59:48 | Watchdog | -      | ACTION      | Re-tested auto-select group '[ProxyNode]; best member now '[ProxyNode] (158ms)
2026-09-08 17:00:04 | Watchdog | -      | DIAG        | 4 proxy group(s) need a node switch: 故障转移, 🇪🇺欧洲自动选择, 🇺🇸美国自动选择, 🌍自动选择. Re-testing and switching, not touching the NIC or restarting processes.
2026-09-08 17:00:04 | Watchdog | -      | WARN        | Direct WAN is fine and proxy port is open, but a real request THROUGH the proxy failed. Active node is dead (cached delay is stale-good). Forcing a re-test/switch on all groups.
2026-09-08 17:00:09 | Watchdog | -      | ACTION      | Re-tested auto-select group '[ProxyNode]; best member now '[ProxyNode] (161ms)
2026-09-08 17:00:10 | Watchdog | -      | ACTION      | Re-tested auto-select group '[ProxyNode]; best member now '[ProxyNode] (194ms)
2026-09-08 17:00:15 | Watchdog | -      | ACTION      | Re-tested auto-select group '[ProxyNode]; best member now '[ProxyNode] (163ms)
2026-09-08 17:00:20 | Watchdog | -      | ACTION      | Re-tested auto-select group '[ProxyNode]; best member now '[ProxyNode] (161ms)
2026-09-08 17:00:35 | Watchdog | -      | DIAG        | 4 proxy group(s) need a node switch: 故障转移, 🇪🇺欧洲自动选择, 🇺🇸美国自动选择, 🌍自动选择. Re-testing and switching, not touching the NIC or restarting processes.
2026-09-08 17:00:35 | Watchdog | -      | WARN        | Direct WAN is fine and proxy port is open, but a real request THROUGH the proxy failed. Active node is dead (cached delay is stale-good). Forcing a re-test/switch on all groups.
2026-09-08 17:00:40 | Watchdog | -      | ACTION      | Re-tested auto-select group '[ProxyNode]; best member now '[ProxyNode] (168ms)
2026-09-08 17:00:42 | Watchdog | -      | ACTION      | Re-tested auto-select group '[ProxyNode]; best member now '[ProxyNode] (191ms)
2026-09-08 17:00:47 | Watchdog | -      | ACTION      | Re-tested auto-select group '[ProxyNode]; best member now '[ProxyNode] (164ms)
2026-09-08 17:00:52 | Watchdog | -      | ACTION      | Re-tested auto-select group '[ProxyNode]; best member now '[ProxyNode] (160ms)
2026-09-08 17:01:08 | Watchdog | -      | DIAG        | 4 proxy group(s) need a node switch: 故障转移, 🇪🇺欧洲自动选择, 🇺🇸美国自动选择, 🌍自动选择. Re-testing and switching, not touching the NIC or restarting processes.
2026-09-08 17:01:08 | Watchdog | -      | WARN        | Direct WAN is fine and proxy port is open, but a real request THROUGH the proxy failed. Active node is dead (cached delay is stale-good). Forcing a re-test/switch on all groups.
2026-09-08 17:01:13 | Watchdog | -      | ACTION      | Re-tested auto-select group '[ProxyNode]; best member now '[ProxyNode] (160ms)
2026-09-08 17:01:14 | Watchdog | -      | ACTION      | Re-tested auto-select group '[ProxyNode]; best member now '[ProxyNode] (186ms)
2026-09-08 17:01:19 | Watchdog | -      | ACTION      | Re-tested auto-select group '[ProxyNode]; best member now '[ProxyNode] (166ms)
2026-09-08 17:01:24 | Watchdog | -      | ACTION      | Re-tested auto-select group '[ProxyNode]; best member now '[ProxyNode] (161ms)
2026-09-08 17:01:39 | Watchdog | -      | DIAG        | 4 proxy group(s) need a node switch: 故障转移, 🇪🇺欧洲自动选择, 🇺🇸美国自动选择, 🌍自动选择. Re-testing and switching, not touching the NIC or restarting processes.
2026-09-08 17:01:39 | Watchdog | -      | WARN        | Direct WAN is fine and proxy port is open, but a real request THROUGH the proxy failed. Active node is dead (cached delay is stale-good). Forcing a re-test/switch on all groups.
2026-09-08 17:01:44 | Watchdog | -      | ACTION      | Re-tested auto-select group '[ProxyNode]; best member now '[ProxyNode] (193ms)
2026-09-08 17:01:46 | Watchdog | -      | ACTION      | Re-tested auto-select group '[ProxyNode]; best member now '[ProxyNode] (190ms)
2026-09-08 17:01:51 | Watchdog | -      | ACTION      | Re-tested auto-select group '[ProxyNode]; best member now '[ProxyNode] (163ms)
2026-09-08 17:01:56 | Watchdog | -      | ACTION      | Re-tested auto-select group '[ProxyNode]; best member now '[ProxyNode] (163ms)
2026-09-08 17:02:11 | Watchdog | -      | DIAG        | 4 proxy group(s) need a node switch: 故障转移, 🇪🇺欧洲自动选择, 🇺🇸美国自动选择, 🌍自动选择. Re-testing and switching, not touching the NIC or restarting processes.
2026-09-08 17:02:11 | Watchdog | -      | WARN        | Direct WAN is fine and proxy port is open, but a real request THROUGH the proxy failed. Active node is dead (cached delay is stale-good). Forcing a re-test/switch on all groups.
2026-09-08 17:02:16 | Watchdog | -      | ACTION      | Re-tested auto-select group '[ProxyNode]; best member now '[ProxyNode] (160ms)
2026-09-08 17:02:18 | Watchdog | -      | ACTION      | Re-tested auto-select group '[ProxyNode]; best member now '[ProxyNode] (190ms)
2026-09-08 17:02:23 | Watchdog | -      | ACTION      | Re-tested auto-select group '[ProxyNode]; best member now '[ProxyNode] (163ms)
2026-09-08 17:02:28 | Watchdog | -      | ACTION      | Re-tested auto-select group '[ProxyNode]; best member now '[ProxyNode] (165ms)
2026-09-08 17:02:43 | Watchdog | -      | DIAG        | 4 proxy group(s) need a node switch: 故障转移, 🇪🇺欧洲自动选择, 🇺🇸美国自动选择, 🌍自动选择. Re-testing and switching, not touching the NIC or restarting processes.
2026-09-08 17:02:43 | Watchdog | -      | WARN        | Direct WAN is fine and proxy port is open, but a real request THROUGH the proxy failed. Active node is dead (cached delay is stale-good). Forcing a re-test/switch on all groups.
2026-09-08 17:02:48 | Watchdog | -      | ACTION      | Re-tested auto-select group '[ProxyNode]; best member now '[ProxyNode] (163ms)
2026-09-08 17:02:49 | Watchdog | -      | ACTION      | Re-tested auto-select group '[ProxyNode]; best member now '[ProxyNode] (228ms)
2026-09-08 17:02:54 | Watchdog | -      | ACTION      | Re-tested auto-select group '[ProxyNode]; best member now '[ProxyNode] (162ms)
2026-09-08 17:02:59 | Watchdog | -      | ACTION      | Re-tested auto-select group '[ProxyNode]; best member now '[ProxyNode] (160ms)
2026-09-08 17:03:15 | Watchdog | -      | DIAG        | 4 proxy group(s) need a node switch: 故障转移, 🇪🇺欧洲自动选择, 🇺🇸美国自动选择, 🌍自动选择. Re-testing and switching, not touching the NIC or restarting processes.
2026-09-08 17:03:15 | Watchdog | -      | WARN        | Direct WAN is fine and proxy port is open, but a real request THROUGH the proxy failed. Active node is dead (cached delay is stale-good). Forcing a re-test/switch on all groups.
2026-09-08 17:03:20 | Watchdog | -      | ACTION      | Re-tested auto-select group '[ProxyNode]; best member now '[ProxyNode] (164ms)
2026-09-08 17:03:21 | Watchdog | -      | ACTION      | Re-tested auto-select group '[ProxyNode]; best member now '[ProxyNode] (187ms)
2026-09-08 17:03:26 | Watchdog | -      | ACTION      | Re-tested auto-select group '[ProxyNode]; best member now '[ProxyNode] (160ms)
2026-09-08 17:03:31 | Watchdog | -      | ACTION      | Re-tested auto-select group '[ProxyNode]; best member now '[ProxyNode] (158ms)
2026-09-08 17:03:47 | Watchdog | -      | DIAG        | 4 proxy group(s) need a node switch: 故障转移, 🇪🇺欧洲自动选择, 🇺🇸美国自动选择, 🌍自动选择. Re-testing and switching, not touching the NIC or restarting processes.
2026-09-08 17:03:47 | Watchdog | -      | WARN        | Direct WAN is fine and proxy port is open, but a real request THROUGH the proxy failed. Active node is dead (cached delay is stale-good). Forcing a re-test/switch on all groups.
2026-09-08 17:03:52 | Watchdog | -      | ACTION      | Re-tested auto-select group '[ProxyNode]; best member now '[ProxyNode] (166ms)
2026-09-08 17:03:53 | Watchdog | -      | ACTION      | Re-tested auto-select group '[ProxyNode]; best member now '[ProxyNode] (194ms)
2026-09-08 17:03:58 | Watchdog | -      | ACTION      | Re-tested auto-select group '[ProxyNode]; best member now '[ProxyNode] (161ms)
2026-09-08 17:04:03 | Watchdog | -      | ACTION      | Re-tested auto-select group '[ProxyNode]; best member now '[ProxyNode] (164ms)
2026-09-08 17:04:19 | Watchdog | -      | DIAG        | 4 proxy group(s) need a node switch: 故障转移, 🇪🇺欧洲自动选择, 🇺🇸美国自动选择, 🌍自动选择. Re-testing and switching, not touching the NIC or restarting processes.
2026-09-08 17:04:19 | Watchdog | -      | WARN        | Direct WAN is fine and proxy port is open, but a real request THROUGH the proxy failed. Active node is dead (cached delay is stale-good). Forcing a re-test/switch on all groups.
2026-09-08 17:04:24 | Watchdog | -      | ACTION      | Re-tested auto-select group '[ProxyNode]; best member now '[ProxyNode] (162ms)
2026-09-08 17:04:29 | Watchdog | -      | ACTION      | Re-tested auto-select group '[ProxyNode]; best member now '[ProxyNode] (232ms)
2026-09-08 17:04:34 | Watchdog | -      | ACTION      | Re-tested auto-select group '[ProxyNode]; best member now '[ProxyNode] (162ms)
2026-09-08 17:04:39 | Watchdog | -      | ACTION      | Re-tested auto-select group '[ProxyNode]; best member now '[ProxyNode] (160ms)
2026-09-08 17:04:55 | Watchdog | -      | DIAG        | 4 proxy group(s) need a node switch: 故障转移, 🇪🇺欧洲自动选择, 🇺🇸美国自动选择, 🌍自动选择. Re-testing and switching, not touching the NIC or restarting processes.
2026-09-08 17:04:55 | Watchdog | -      | WARN        | Direct WAN is fine and proxy port is open, but a real request THROUGH the proxy failed. Active node is dead (cached delay is stale-good). Forcing a re-test/switch on all groups.
2026-09-08 17:05:00 | Watchdog | -      | ACTION      | Re-tested auto-select group '[ProxyNode]; best member now '[ProxyNode] (170ms)
2026-09-08 17:05:01 | Watchdog | -      | ACTION      | Re-tested auto-select group '[ProxyNode]; best member now '[ProxyNode] (198ms)
2026-09-08 17:05:06 | Watchdog | -      | ACTION      | Re-tested auto-select group '[ProxyNode]; best member now '[ProxyNode] (173ms)
2026-09-08 17:05:11 | Watchdog | -      | ACTION      | Re-tested auto-select group '[ProxyNode]; best member now '[ProxyNode] (159ms)
2026-09-08 17:05:27 | Watchdog | -      | DIAG        | 4 proxy group(s) need a node switch: 故障转移, 🇪🇺欧洲自动选择, 🇺🇸美国自动选择, 🌍自动选择. Re-testing and switching, not touching the NIC or restarting processes.
2026-09-08 17:05:27 | Watchdog | -      | WARN        | Direct WAN is fine and proxy port is open, but a real request THROUGH the proxy failed. Active node is dead (cached delay is stale-good). Forcing a re-test/switch on all groups.
2026-09-08 17:05:32 | Watchdog | -      | ACTION      | Re-tested auto-select group '[ProxyNode]; best member now '[ProxyNode] (169ms)
2026-09-08 17:05:33 | Watchdog | -      | ACTION      | Re-tested auto-select group '[ProxyNode]; best member now '[ProxyNode] (193ms)
2026-09-08 17:05:38 | Watchdog | -      | ACTION      | Re-tested auto-select group '[ProxyNode]; best member now '[ProxyNode] (172ms)
2026-09-08 17:05:43 | Watchdog | -      | ACTION      | Re-tested auto-select group '[ProxyNode]; best member now '[ProxyNode] (160ms)
2026-09-08 17:05:59 | Watchdog | -      | DIAG        | 4 proxy group(s) need a node switch: 故障转移, 🇪🇺欧洲自动选择, 🇺🇸美国自动选择, 🌍自动选择. Re-testing and switching, not touching the NIC or restarting processes.
2026-09-08 17:05:59 | Watchdog | -      | WARN        | Direct WAN is fine and proxy port is open, but a real request THROUGH the proxy failed. Active node is dead (cached delay is stale-good). Forcing a re-test/switch on all groups.
2026-09-08 17:06:04 | Watchdog | -      | ACTION      | Re-tested auto-select group '[ProxyNode]; best member now '[ProxyNode] (166ms)
2026-09-08 17:06:05 | Watchdog | -      | ACTION      | Re-tested auto-select group '[ProxyNode]; best member now '[ProxyNode] (188ms)
2026-09-08 17:06:10 | Watchdog | -      | ACTION      | Re-tested auto-select group '[ProxyNode]; best member now '[ProxyNode] (161ms)
2026-09-08 17:06:15 | Watchdog | -      | ACTION      | Re-tested auto-select group '[ProxyNode]; best member now '[ProxyNode] (158ms)
2026-09-08 17:06:30 | Watchdog | -      | DIAG        | 4 proxy group(s) need a node switch: 故障转移, 🇪🇺欧洲自动选择, 🇺🇸美国自动选择, 🌍自动选择. Re-testing and switching, not touching the NIC or restarting processes.
2026-09-08 17:06:30 | Watchdog | -      | WARN        | Direct WAN is fine and proxy port is open, but a real request THROUGH the proxy failed. Active node is dead (cached delay is stale-good). Forcing a re-test/switch on all groups.
2026-09-08 17:06:35 | Watchdog | -      | ACTION      | Re-tested auto-select group '[ProxyNode]; best member now '[ProxyNode] (158ms)
2026-09-08 17:06:36 | Watchdog | -      | ACTION      | Re-tested auto-select group '[ProxyNode]; best member now '[ProxyNode] (189ms)
2026-09-08 17:06:41 | Watchdog | -      | ACTION      | Re-tested auto-select group '[ProxyNode]; best member now '[ProxyNode] (162ms)
2026-09-08 17:06:46 | Watchdog | -      | ACTION      | Re-tested auto-select group '[ProxyNode]; best member now '[ProxyNode] (173ms)
2026-09-08 17:07:02 | Watchdog | -      | DIAG        | 4 proxy group(s) need a node switch: 故障转移, 🇪🇺欧洲自动选择, 🇺🇸美国自动选择, 🌍自动选择. Re-testing and switching, not touching the NIC or restarting processes.
2026-09-08 17:07:02 | Watchdog | -      | WARN        | Direct WAN is fine and proxy port is open, but a real request THROUGH the proxy failed. Active node is dead (cached delay is stale-good). Forcing a re-test/switch on all groups.
2026-09-08 17:07:07 | Watchdog | -      | ACTION      | Re-tested auto-select group '[ProxyNode]; best member now '[ProxyNode] (164ms)
2026-09-08 17:07:09 | Watchdog | -      | ACTION      | Re-tested auto-select group '[ProxyNode]; best member now '[ProxyNode] (190ms)
2026-09-08 17:07:14 | Watchdog | -      | ACTION      | Re-tested auto-select group '[ProxyNode]; best member now '[ProxyNode] (162ms)
2026-09-08 17:07:19 | Watchdog | -      | ACTION      | Re-tested auto-select group '[ProxyNode]; best member now '[ProxyNode] (166ms)
2026-09-08 17:07:35 | Watchdog | -      | DIAG        | 4 proxy group(s) need a node switch: 故障转移, 🇪🇺欧洲自动选择, 🇺🇸美国自动选择, 🌍自动选择. Re-testing and switching, not touching the NIC or restarting processes.
2026-09-08 17:07:35 | Watchdog | -      | WARN        | Direct WAN is fine and proxy port is open, but a real request THROUGH the proxy failed. Active node is dead (cached delay is stale-good). Forcing a re-test/switch on all groups.
2026-09-08 17:07:40 | Watchdog | -      | ACTION      | Re-tested auto-select group '[ProxyNode]; best member now '[ProxyNode] (161ms)
2026-09-08 17:07:41 | Watchdog | -      | ACTION      | Re-tested auto-select group '[ProxyNode]; best member now '[ProxyNode] (198ms)
2026-09-08 17:07:46 | Watchdog | -      | ACTION      | Re-tested auto-select group '[ProxyNode]; best member now '[ProxyNode] (171ms)
2026-09-08 17:07:51 | Watchdog | -      | ACTION      | Re-tested auto-select group '[ProxyNode]; best member now '[ProxyNode] (172ms)
2026-09-08 17:08:06 | Watchdog | -      | WARN        | Direct WAN is fine and proxy port is open, but a real request THROUGH the proxy failed. Active node is dead (cached delay is stale-good). Forcing a re-test/switch on all groups.
2026-09-08 17:08:07 | Watchdog | -      | DIAG        | 4 proxy group(s) need a node switch: 故障转移, 🇪🇺欧洲自动选择, 🇺🇸美国自动选择, 🌍自动选择. Re-testing and switching, not touching the NIC or restarting processes.
2026-09-08 17:08:12 | Watchdog | -      | ACTION      | Re-tested auto-select group '[ProxyNode]; best member now '[ProxyNode] (162ms)
2026-09-08 17:08:13 | Watchdog | -      | ACTION      | Re-tested auto-select group '[ProxyNode]; best member now '[ProxyNode] (206ms)
2026-09-08 17:08:18 | Watchdog | -      | ACTION      | Re-tested auto-select group '[ProxyNode]; best member now '[ProxyNode] (162ms)
2026-09-08 17:08:23 | Watchdog | -      | ACTION      | Re-tested auto-select group '[ProxyNode]; best member now '[ProxyNode] (164ms)
2026-09-08 17:08:54 | Watchdog | -      | DIAG        | 4 proxy group(s) need a node switch: 故障转移, 🇪🇺欧洲自动选择, 🇺🇸美国自动选择, 🌍自动选择. Re-testing and switching, not touching the NIC or restarting processes.
2026-09-08 17:08:54 | Watchdog | -      | WARN        | Direct WAN is fine and proxy port is open, but a real request THROUGH the proxy failed. Active node is dead (cached delay is stale-good). Forcing a re-test/switch on all groups.
2026-09-08 17:08:59 | Watchdog | -      | ACTION      | Re-tested auto-select group '[ProxyNode]; best member now '[ProxyNode] (163ms)
2026-09-08 17:09:00 | Watchdog | -      | ACTION      | Re-tested auto-select group '[ProxyNode]; best member now '[ProxyNode] (188ms)
2026-09-08 17:09:05 | Watchdog | -      | ACTION      | Re-tested auto-select group '[ProxyNode]; best member now '[ProxyNode] (165ms)
2026-09-08 17:09:10 | Watchdog | -      | ACTION      | Re-tested auto-select group '[ProxyNode]; best member now '[ProxyNode] (164ms)
2026-09-08 17:09:25 | Watchdog | -      | DIAG        | 4 proxy group(s) need a node switch: 故障转移, 🇪🇺欧洲自动选择, 🇺🇸美国自动选择, 🌍自动选择. Re-testing and switching, not touching the NIC or restarting processes.
2026-09-08 17:09:25 | Watchdog | -      | WARN        | Direct WAN is fine and proxy port is open, but a real request THROUGH the proxy failed. Active node is dead (cached delay is stale-good). Forcing a re-test/switch on all groups.
2026-09-08 17:09:30 | Watchdog | -      | ACTION      | Re-tested auto-select group '[ProxyNode]; best member now '[ProxyNode] (159ms)
2026-09-08 17:09:32 | Watchdog | -      | ACTION      | Re-tested auto-select group '[ProxyNode]; best member now '[ProxyNode] (219ms)
2026-09-08 17:09:37 | Watchdog | -      | ACTION      | Re-tested auto-select group '[ProxyNode]; best member now '[ProxyNode] (163ms)
2026-09-08 17:09:42 | Watchdog | -      | ACTION      | Re-tested auto-select group '[ProxyNode]; best member now '[ProxyNode] (166ms)
2026-09-08 17:09:57 | Watchdog | -      | DIAG        | 4 proxy group(s) need a node switch: 故障转移, 🇪🇺欧洲自动选择, 🇺🇸美国自动选择, 🌍自动选择. Re-testing and switching, not touching the NIC or restarting processes.
2026-09-08 17:09:57 | Watchdog | -      | WARN        | Direct WAN is fine and proxy port is open, but a real request THROUGH the proxy failed. Active node is dead (cached delay is stale-good). Forcing a re-test/switch on all groups.
2026-09-08 17:10:02 | Watchdog | -      | ACTION      | Re-tested auto-select group '[ProxyNode]; best member now '[ProxyNode] (172ms)
2026-09-08 17:10:05 | Watchdog | -      | ACTION      | Re-tested auto-select group '[ProxyNode]; best member now '[ProxyNode] (188ms)
2026-09-08 17:10:10 | Watchdog | -      | ACTION      | Re-tested auto-select group '[ProxyNode]; best member now '[ProxyNode] (160ms)
2026-09-08 17:10:15 | Watchdog | -      | ACTION      | Re-tested auto-select group '[ProxyNode]; best member now '[ProxyNode] (171ms)
2026-09-08 17:10:30 | Watchdog | -      | WARN        | Direct WAN is fine and proxy port is open, but a real request THROUGH the proxy failed. Active node is dead (cached delay is stale-good). Forcing a re-test/switch on all groups.
2026-09-08 17:10:31 | Watchdog | -      | DIAG        | 4 proxy group(s) need a node switch: 故障转移, 🇪🇺欧洲自动选择, 🇺🇸美国自动选择, 🌍自动选择. Re-testing and switching, not touching the NIC or restarting processes.
2026-09-08 17:10:36 | Watchdog | -      | ACTION      | Re-tested auto-select group '[ProxyNode]; best member now '[ProxyNode] (159ms)
2026-09-08 17:10:37 | Watchdog | -      | ACTION      | Re-tested auto-select group '[ProxyNode]; best member now '[ProxyNode] (196ms)
2026-09-08 17:10:42 | Watchdog | -      | ACTION      | Re-tested auto-select group '[ProxyNode]; best member now '[ProxyNode] (164ms)
2026-09-08 17:10:47 | Watchdog | -      | ACTION      | Re-tested auto-select group '[ProxyNode]; best member now '[ProxyNode] (163ms)
2026-09-08 17:11:02 | Watchdog | -      | DIAG        | 4 proxy group(s) need a node switch: 故障转移, 🇪🇺欧洲自动选择, 🇺🇸美国自动选择, 🌍自动选择. Re-testing and switching, not touching the NIC or restarting processes.
2026-09-08 17:11:02 | Watchdog | -      | WARN        | Direct WAN is fine and proxy port is open, but a real request THROUGH the proxy failed. Active node is dead (cached delay is stale-good). Forcing a re-test/switch on all groups.
2026-09-08 17:11:07 | Watchdog | -      | ACTION      | Re-tested auto-select group '[ProxyNode]; best member now '[ProxyNode] (162ms)
2026-09-08 17:11:09 | Watchdog | -      | ACTION      | Re-tested auto-select group '[ProxyNode]; best member now '[ProxyNode] (193ms)
2026-09-08 17:11:14 | Watchdog | -      | ACTION      | Re-tested auto-select group '[ProxyNode]; best member now '[ProxyNode] (162ms)
2026-09-08 17:11:19 | Watchdog | -      | ACTION      | Re-tested auto-select group '[ProxyNode]; best member now '[ProxyNode] (164ms)
2026-09-08 17:11:34 | Watchdog | -      | DIAG        | 4 proxy group(s) need a node switch: 故障转移, 🇪🇺欧洲自动选择, 🇺🇸美国自动选择, 🌍自动选择. Re-testing and switching, not touching the NIC or restarting processes.
2026-09-08 17:11:34 | Watchdog | -      | WARN        | Direct WAN is fine and proxy port is open, but a real request THROUGH the proxy failed. Active node is dead (cached delay is stale-good). Forcing a re-test/switch on all groups.
2026-09-08 17:11:39 | Watchdog | -      | ACTION      | Re-tested auto-select group '[ProxyNode]; best member now '[ProxyNode] (158ms)
2026-09-08 17:11:41 | Watchdog | -      | ACTION      | Re-tested auto-select group '[ProxyNode]; best member now '[ProxyNode] (201ms)
2026-09-08 17:11:46 | Watchdog | -      | ACTION      | Re-tested auto-select group '[ProxyNode]; best member now '[ProxyNode] (172ms)
2026-09-08 17:11:51 | Watchdog | -      | ACTION      | Re-tested auto-select group '[ProxyNode]; best member now '[ProxyNode] (161ms)
2026-09-08 17:12:06 | Watchdog | -      | WARN        | Direct WAN is fine and proxy port is open, but a real request THROUGH the proxy failed. Active node is dead (cached delay is stale-good). Forcing a re-test/switch on all groups.
2026-09-08 17:12:06 | Watchdog | -      | DIAG        | 4 proxy group(s) need a node switch: 故障转移, 🇪🇺欧洲自动选择, 🇺🇸美国自动选择, 🌍自动选择. Re-testing and switching, not touching the NIC or restarting processes.
2026-09-08 17:12:11 | Watchdog | -      | ACTION      | Re-tested auto-select group '[ProxyNode]; best member now '[ProxyNode] (162ms)
2026-09-08 17:12:13 | Watchdog | -      | ACTION      | Re-tested auto-select group '[ProxyNode]; best member now '[ProxyNode] (188ms)
2026-09-08 17:12:18 | Watchdog | -      | ACTION      | Re-tested auto-select group '[ProxyNode]; best member now '[ProxyNode] (161ms)
2026-09-08 17:12:23 | Watchdog | -      | ACTION      | Re-tested auto-select group '[ProxyNode]; best member now '[ProxyNode] (179ms)
2026-09-08 17:12:38 | Watchdog | -      | WARN        | Direct WAN is fine and proxy port is open, but a real request THROUGH the proxy failed. Active node is dead (cached delay is stale-good). Forcing a re-test/switch on all groups.
2026-09-08 17:12:38 | Watchdog | -      | DIAG        | 4 proxy group(s) need a node switch: 故障转移, 🇪🇺欧洲自动选择, 🇺🇸美国自动选择, 🌍自动选择. Re-testing and switching, not touching the NIC or restarting processes.
2026-09-08 17:12:43 | Watchdog | -      | ACTION      | Re-tested auto-select group '[ProxyNode]; best member now '[ProxyNode] (175ms)
2026-09-08 17:12:45 | Watchdog | -      | ACTION      | Re-tested auto-select group '[ProxyNode]; best member now '[ProxyNode] (216ms)
2026-09-08 17:12:50 | Watchdog | -      | ACTION      | Re-tested auto-select group '[ProxyNode]; best member now '[ProxyNode] (159ms)
2026-09-08 17:12:55 | Watchdog | -      | ACTION      | Re-tested auto-select group '[ProxyNode]; best member now '[ProxyNode] (163ms)
2026-09-08 17:13:26 | Watchdog | -      | DIAG        | 4 proxy group(s) need a node switch: 故障转移, 🇪🇺欧洲自动选择, 🇺🇸美国自动选择, 🌍自动选择. Re-testing and switching, not touching the NIC or restarting processes.
2026-09-08 17:13:26 | Watchdog | -      | WARN        | Direct WAN is fine and proxy port is open, but a real request THROUGH the proxy failed. Active node is dead (cached delay is stale-good). Forcing a re-test/switch on all groups.
2026-09-08 17:13:31 | Watchdog | -      | ACTION      | Re-tested auto-select group '[ProxyNode]; best member now '[ProxyNode] (164ms)
2026-09-08 17:13:33 | Watchdog | -      | ACTION      | Re-tested auto-select group '[ProxyNode]; best member now '[ProxyNode] (197ms)
2026-09-08 17:13:38 | Watchdog | -      | ACTION      | Re-tested auto-select group '[ProxyNode]; best member now '[ProxyNode] (161ms)
2026-09-08 17:13:43 | Watchdog | -      | ACTION      | Re-tested auto-select group '[ProxyNode]; best member now '[ProxyNode] (162ms)
2026-09-08 17:13:58 | Watchdog | -      | DIAG        | 4 proxy group(s) need a node switch: 故障转移, 🇪🇺欧洲自动选择, 🇺🇸美国自动选择, 🌍自动选择. Re-testing and switching, not touching the NIC or restarting processes.
2026-09-08 17:13:58 | Watchdog | -      | WARN        | Direct WAN is fine and proxy port is open, but a real request THROUGH the proxy failed. Active node is dead (cached delay is stale-good). Forcing a re-test/switch on all groups.
2026-09-08 17:14:04 | Watchdog | -      | ACTION      | Re-tested auto-select group '[ProxyNode]; best member now '[ProxyNode] (158ms)
2026-09-08 17:14:06 | Watchdog | -      | ACTION      | Re-tested auto-select group '[ProxyNode]; best member now '[ProxyNode] (220ms)
2026-09-08 17:14:11 | Watchdog | -      | ACTION      | Re-tested auto-select group '[ProxyNode]; best member now '[ProxyNode] (164ms)
2026-09-08 17:14:16 | Watchdog | -      | ACTION      | Re-tested auto-select group '[ProxyNode]; best member now '[ProxyNode] (163ms)
2026-09-08 17:14:51 | Watchdog | -      | WARN        | Direct WAN is fine and proxy port is open, but a real request THROUGH the proxy failed. Active node is dead (cached delay is stale-good). Forcing a re-test/switch on all groups.
2026-09-08 17:14:51 | Watchdog | -      | DIAG        | 4 proxy group(s) need a node switch: 故障转移, 🇪🇺欧洲自动选择, 🇺🇸美国自动选择, 🌍自动选择. Re-testing and switching, not touching the NIC or restarting processes.
2026-09-08 17:14:56 | Watchdog | -      | ACTION      | Re-tested auto-select group '[ProxyNode]; best member now '[ProxyNode] (163ms)
2026-09-08 17:14:57 | Watchdog | -      | ACTION      | Re-tested auto-select group '[ProxyNode]; best member now '[ProxyNode] (189ms)
2026-09-08 17:15:02 | Watchdog | -      | ACTION      | Re-tested auto-select group '[ProxyNode]; best member now '[ProxyNode] (162ms)
2026-09-08 17:15:07 | Watchdog | -      | ACTION      | Re-tested auto-select group '[ProxyNode]; best member now '[ProxyNode] (164ms)
2026-09-08 17:15:22 | Watchdog | -      | DIAG        | 4 proxy group(s) need a node switch: 故障转移, 🇪🇺欧洲自动选择, 🇺🇸美国自动选择, 🌍自动选择. Re-testing and switching, not touching the NIC or restarting processes.
2026-09-08 17:15:22 | Watchdog | -      | WARN        | Direct WAN is fine and proxy port is open, but a real request THROUGH the proxy failed. Active node is dead (cached delay is stale-good). Forcing a re-test/switch on all groups.
2026-09-08 17:15:27 | Watchdog | -      | ACTION      | Re-tested auto-select group '[ProxyNode]; best member now '[ProxyNode] (163ms)
2026-09-08 17:15:29 | Watchdog | -      | ACTION      | Re-tested auto-select group '[ProxyNode]; best member now '[ProxyNode] (194ms)
2026-09-08 17:15:34 | Watchdog | -      | ACTION      | Re-tested auto-select group '[ProxyNode]; best member now '[ProxyNode] (165ms)
2026-09-08 17:15:39 | Watchdog | -      | ACTION      | Re-tested auto-select group '[ProxyNode]; best member now '[ProxyNode] (162ms)
2026-09-08 17:16:10 | Watchdog | -      | WARN        | Direct WAN is fine and proxy port is open, but a real request THROUGH the proxy failed. Active node is dead (cached delay is stale-good). Forcing a re-test/switch on all groups.
2026-09-08 17:16:10 | Watchdog | -      | DIAG        | 4 proxy group(s) need a node switch: 故障转移, 🇪🇺欧洲自动选择, 🇺🇸美国自动选择, 🌍自动选择. Re-testing and switching, not touching the NIC or restarting processes.
2026-09-08 17:16:15 | Watchdog | -      | ACTION      | Re-tested auto-select group '[ProxyNode]; best member now '[ProxyNode] (168ms)
2026-09-08 17:16:16 | Watchdog | -      | ACTION      | Re-tested auto-select group '[ProxyNode]; best member now '[ProxyNode] (225ms)
2026-09-08 17:16:21 | Watchdog | -      | ACTION      | Re-tested auto-select group '[ProxyNode]; best member now '[ProxyNode] (159ms)
2026-09-08 17:16:26 | Watchdog | -      | ACTION      | Re-tested auto-select group '[ProxyNode]; best member now '[ProxyNode] (160ms)
2026-09-08 17:16:41 | Watchdog | -      | DIAG        | 4 proxy group(s) need a node switch: 故障转移, 🇪🇺欧洲自动选择, 🇺🇸美国自动选择, 🌍自动选择. Re-testing and switching, not touching the NIC or restarting processes.
2026-09-08 17:16:41 | Watchdog | -      | WARN        | Direct WAN is fine and proxy port is open, but a real request THROUGH the proxy failed. Active node is dead (cached delay is stale-good). Forcing a re-test/switch on all groups.
2026-09-08 17:16:46 | Watchdog | -      | ACTION      | Re-tested auto-select group '[ProxyNode]; best member now '[ProxyNode] (165ms)
2026-09-08 17:16:48 | Watchdog | -      | ACTION      | Re-tested auto-select group '[ProxyNode]; best member now '[ProxyNode] (186ms)
2026-09-08 17:16:53 | Watchdog | -      | ACTION      | Re-tested auto-select group '[ProxyNode]; best member now '[ProxyNode] (161ms)
2026-09-08 17:16:58 | Watchdog | -      | ACTION      | Re-tested auto-select group '[ProxyNode]; best member now '[ProxyNode] (158ms)
2026-09-08 17:17:13 | Watchdog | -      | WARN        | Direct WAN is fine and proxy port is open, but a real request THROUGH the proxy failed. Active node is dead (cached delay is stale-good). Forcing a re-test/switch on all groups.
2026-09-08 17:17:13 | Watchdog | -      | DIAG        | 4 proxy group(s) need a node switch: 故障转移, 🇪🇺欧洲自动选择, 🇺🇸美国自动选择, 🌍自动选择. Re-testing and switching, not touching the NIC or restarting processes.
2026-09-08 17:17:18 | Watchdog | -      | ACTION      | Re-tested auto-select group '[ProxyNode]; best member now '[ProxyNode] (174ms)
2026-09-08 17:17:20 | Watchdog | -      | ACTION      | Re-tested auto-select group '[ProxyNode]; best member now '[ProxyNode] (202ms)
2026-09-08 17:17:25 | Watchdog | -      | ACTION      | Re-tested auto-select group '[ProxyNode]; best member now '[ProxyNode] (162ms)
2026-09-08 17:17:30 | Watchdog | -      | ACTION      | Re-tested auto-select group '[ProxyNode]; best member now '[ProxyNode] (160ms)
2026-09-08 17:17:45 | Watchdog | -      | WARN        | Direct WAN is fine and proxy port is open, but a real request THROUGH the proxy failed. Active node is dead (cached delay is stale-good). Forcing a re-test/switch on all groups.
2026-09-08 17:17:45 | Watchdog | -      | DIAG        | 4 proxy group(s) need a node switch: 故障转移, 🇪🇺欧洲自动选择, 🇺🇸美国自动选择, 🌍自动选择. Re-testing and switching, not touching the NIC or restarting processes.
2026-09-08 17:17:50 | Watchdog | -      | ACTION      | Re-tested auto-select group '[ProxyNode]; best member now '[ProxyNode] (160ms)
2026-09-08 17:17:52 | Watchdog | -      | ACTION      | Re-tested auto-select group '[ProxyNode]; best member now '[ProxyNode] (189ms)
2026-09-08 17:17:57 | Watchdog | -      | ACTION      | Re-tested auto-select group '[ProxyNode]; best member now '[ProxyNode] (164ms)
2026-09-08 17:18:02 | Watchdog | -      | ACTION      | Re-tested auto-select group '[ProxyNode]; best member now '[ProxyNode] (169ms)
2026-09-08 17:18:17 | Watchdog | -      | WARN        | Direct WAN is fine and proxy port is open, but a real request THROUGH the proxy failed. Active node is dead (cached delay is stale-good). Forcing a re-test/switch on all groups.
2026-09-08 17:18:17 | Watchdog | -      | DIAG        | 4 proxy group(s) need a node switch: 故障转移, 🇪🇺欧洲自动选择, 🇺🇸美国自动选择, 🌍自动选择. Re-testing and switching, not touching the NIC or restarting processes.
2026-09-08 17:18:22 | Watchdog | -      | ACTION      | Re-tested auto-select group '[ProxyNode]; best member now '[ProxyNode] (162ms)
2026-09-08 17:18:24 | Watchdog | -      | ACTION      | Re-tested auto-select group '[ProxyNode]; best member now '[ProxyNode] (205ms)
2026-09-08 17:18:29 | Watchdog | -      | ACTION      | Re-tested auto-select group '[ProxyNode]; best member now '[ProxyNode] (168ms)
2026-09-08 17:18:34 | Watchdog | -      | ACTION      | Re-tested auto-select group '[ProxyNode]; best member now '[ProxyNode] (167ms)
2026-09-08 17:18:49 | Watchdog | -      | DIAG        | 4 proxy group(s) need a node switch: 故障转移, 🇪🇺欧洲自动选择, 🇺🇸美国自动选择, 🌍自动选择. Re-testing and switching, not touching the NIC or restarting processes.
2026-09-08 17:18:49 | Watchdog | -      | WARN        | Direct WAN is fine and proxy port is open, but a real request THROUGH the proxy failed. Active node is dead (cached delay is stale-good). Forcing a re-test/switch on all groups.
2026-09-08 17:18:54 | Watchdog | -      | ACTION      | Re-tested auto-select group '[ProxyNode]; best member now '[ProxyNode] (164ms)
2026-09-08 17:18:55 | Watchdog | -      | ACTION      | Re-tested auto-select group '[ProxyNode]; best member now '[ProxyNode] (189ms)
2026-09-08 17:19:00 | Watchdog | -      | ACTION      | Re-tested auto-select group '[ProxyNode]; best member now '[ProxyNode] (165ms)
2026-09-08 17:19:05 | Watchdog | -      | ACTION      | Re-tested auto-select group '[ProxyNode]; best member now '[ProxyNode] (173ms)
2026-09-08 17:19:21 | Watchdog | -      | WARN        | Direct WAN is fine and proxy port is open, but a real request THROUGH the proxy failed. Active node is dead (cached delay is stale-good). Forcing a re-test/switch on all groups.
2026-09-08 17:19:21 | Watchdog | -      | DIAG        | 4 proxy group(s) need a node switch: 故障转移, 🇪🇺欧洲自动选择, 🇺🇸美国自动选择, 🌍自动选择. Re-testing and switching, not touching the NIC or restarting processes.
2026-09-08 17:19:26 | Watchdog | -      | ACTION      | Re-tested auto-select group '[ProxyNode]; best member now '[ProxyNode] (165ms)
2026-09-08 17:19:27 | Watchdog | -      | ACTION      | Re-tested auto-select group '[ProxyNode]; best member now '[ProxyNode] (191ms)
2026-09-08 17:19:32 | Watchdog | -      | ACTION      | Re-tested auto-select group '[ProxyNode]; best member now '[ProxyNode] (172ms)
2026-09-08 17:19:37 | Watchdog | -      | ACTION      | Re-tested auto-select group '[ProxyNode]; best member now '[ProxyNode] (167ms)
2026-09-08 17:19:52 | Watchdog | -      | WARN        | Direct WAN is fine and proxy port is open, but a real request THROUGH the proxy failed. Active node is dead (cached delay is stale-good). Forcing a re-test/switch on all groups.
2026-09-08 17:19:52 | Watchdog | -      | DIAG        | 4 proxy group(s) need a node switch: 故障转移, 🇪🇺欧洲自动选择, 🇺🇸美国自动选择, 🌍自动选择. Re-testing and switching, not touching the NIC or restarting processes.
2026-09-08 17:19:57 | Watchdog | -      | ACTION      | Re-tested auto-select group '[ProxyNode]; best member now '[ProxyNode] (164ms)
2026-09-08 17:19:59 | Watchdog | -      | ACTION      | Re-tested auto-select group '[ProxyNode]; best member now '[ProxyNode] (192ms)
2026-09-08 17:20:04 | Watchdog | -      | ACTION      | Re-tested auto-select group '[ProxyNode]; best member now '[ProxyNode] (160ms)
2026-09-08 17:20:09 | Watchdog | -      | ACTION      | Re-tested auto-select group '[ProxyNode]; best member now '[ProxyNode] (161ms)
2026-09-08 17:20:24 | Watchdog | -      | DIAG        | 4 proxy group(s) need a node switch: 故障转移, 🇪🇺欧洲自动选择, 🇺🇸美国自动选择, 🌍自动选择. Re-testing and switching, not touching the NIC or restarting processes.
2026-09-08 17:20:24 | Watchdog | -      | WARN        | Direct WAN is fine and proxy port is open, but a real request THROUGH the proxy failed. Active node is dead (cached delay is stale-good). Forcing a re-test/switch on all groups.
2026-09-08 17:20:29 | Watchdog | -      | ACTION      | Re-tested auto-select group '[ProxyNode]; best member now '[ProxyNode] (166ms)
2026-09-08 17:20:30 | Watchdog | -      | ACTION      | Re-tested auto-select group '[ProxyNode]; best member now '[ProxyNode] (202ms)
2026-09-08 17:20:36 | Watchdog | -      | ACTION      | Re-tested auto-select group '[ProxyNode]; best member now '[ProxyNode] (170ms)
2026-09-08 17:20:41 | Watchdog | -      | ACTION      | Re-tested auto-select group '[ProxyNode]; best member now '[ProxyNode] (162ms)
2026-09-08 17:20:56 | Watchdog | -      | DIAG        | 4 proxy group(s) need a node switch: 故障转移, 🇪🇺欧洲自动选择, 🇺🇸美国自动选择, 🌍自动选择. Re-testing and switching, not touching the NIC or restarting processes.
2026-09-08 17:20:56 | Watchdog | -      | WARN        | Direct WAN is fine and proxy port is open, but a real request THROUGH the proxy failed. Active node is dead (cached delay is stale-good). Forcing a re-test/switch on all groups.
2026-09-08 17:21:01 | Watchdog | -      | ACTION      | Re-tested auto-select group '[ProxyNode]; best member now '[ProxyNode] (170ms)
2026-09-08 17:21:02 | Watchdog | -      | ACTION      | Re-tested auto-select group '[ProxyNode]; best member now '[ProxyNode] (186ms)
2026-09-08 17:21:07 | Watchdog | -      | ACTION      | Re-tested auto-select group '[ProxyNode]; best member now '[ProxyNode] (158ms)
2026-09-08 17:21:12 | Watchdog | -      | ACTION      | Re-tested auto-select group '[ProxyNode]; best member now '[ProxyNode] (164ms)
2026-09-08 17:22:14 | Watchdog | -      | DIAG        | 4 proxy group(s) need a node switch: 故障转移, 🇪🇺欧洲自动选择, 🇺🇸美国自动选择, 🌍自动选择. Re-testing and switching, not touching the NIC or restarting processes.
2026-09-08 17:22:14 | Watchdog | -      | WARN        | Direct WAN is fine and proxy port is open, but a real request THROUGH the proxy failed. Active node is dead (cached delay is stale-good). Forcing a re-test/switch on all groups.
2026-09-08 17:22:19 | Watchdog | -      | ACTION      | Re-tested auto-select group '[ProxyNode]; best member now '[ProxyNode] (172ms)
2026-09-08 17:22:20 | Watchdog | -      | ACTION      | Re-tested auto-select group '[ProxyNode]; best member now '[ProxyNode] (192ms)
2026-09-08 17:22:25 | Watchdog | -      | ACTION      | Re-tested auto-select group '[ProxyNode]; best member now '[ProxyNode] (169ms)
2026-09-08 17:22:30 | Watchdog | -      | ACTION      | Re-tested auto-select group '[ProxyNode]; best member now '[ProxyNode] (160ms)
2026-09-08 17:22:46 | Watchdog | -      | DIAG        | 4 proxy group(s) need a node switch: 故障转移, 🇪🇺欧洲自动选择, 🇺🇸美国自动选择, 🌍自动选择. Re-testing and switching, not touching the NIC or restarting processes.
2026-09-08 17:22:46 | Watchdog | -      | WARN        | Direct WAN is fine and proxy port is open, but a real request THROUGH the proxy failed. Active node is dead (cached delay is stale-good). Forcing a re-test/switch on all groups.
2026-09-08 17:22:51 | Watchdog | -      | ACTION      | Re-tested auto-select group '[ProxyNode]; best member now '[ProxyNode] (166ms)
2026-09-08 17:22:52 | Watchdog | -      | ACTION      | Re-tested auto-select group '[ProxyNode]; best member now '[ProxyNode] (200ms)
2026-09-08 17:22:57 | Watchdog | -      | ACTION      | Re-tested auto-select group '[ProxyNode]; best member now '[ProxyNode] (164ms)
2026-09-08 17:23:02 | Watchdog | -      | ACTION      | Re-tested auto-select group '[ProxyNode]; best member now '[ProxyNode] (162ms)
2026-09-08 17:23:18 | Watchdog | -      | DIAG        | 4 proxy group(s) need a node switch: 故障转移, 🇪🇺欧洲自动选择, 🇺🇸美国自动选择, 🌍自动选择. Re-testing and switching, not touching the NIC or restarting processes.
2026-09-08 17:23:18 | Watchdog | -      | WARN        | Direct WAN is fine and proxy port is open, but a real request THROUGH the proxy failed. Active node is dead (cached delay is stale-good). Forcing a re-test/switch on all groups.
2026-09-08 17:23:23 | Watchdog | -      | ACTION      | Re-tested auto-select group '[ProxyNode]; best member now '[ProxyNode] (164ms)
2026-09-08 17:23:24 | Watchdog | -      | ACTION      | Re-tested auto-select group '[ProxyNode]; best member now '[ProxyNode] (188ms)
2026-09-08 17:23:29 | Watchdog | -      | ACTION      | Re-tested auto-select group '[ProxyNode]; best member now '[ProxyNode] (165ms)
2026-09-08 17:23:34 | Watchdog | -      | ACTION      | Re-tested auto-select group '[ProxyNode]; best member now '[ProxyNode] (165ms)
2026-09-08 17:23:49 | Watchdog | -      | DIAG        | 4 proxy group(s) need a node switch: 故障转移, 🇪🇺欧洲自动选择, 🇺🇸美国自动选择, 🌍自动选择. Re-testing and switching, not touching the NIC or restarting processes.
2026-09-08 17:23:49 | Watchdog | -      | WARN        | Direct WAN is fine and proxy port is open, but a real request THROUGH the proxy failed. Active node is dead (cached delay is stale-good). Forcing a re-test/switch on all groups.
2026-09-08 17:23:55 | Watchdog | -      | ACTION      | Re-tested auto-select group '[ProxyNode]; best member now '[ProxyNode] (162ms)
2026-09-08 17:23:56 | Watchdog | -      | ACTION      | Re-tested auto-select group '[ProxyNode]; best member now '[ProxyNode] (219ms)
2026-09-08 17:24:01 | Watchdog | -      | ACTION      | Re-tested auto-select group '[ProxyNode]; best member now '[ProxyNode] (162ms)
2026-09-08 17:24:06 | Watchdog | -      | ACTION      | Re-tested auto-select group '[ProxyNode]; best member now '[ProxyNode] (167ms)
2026-09-08 17:24:22 | Watchdog | -      | DIAG        | 4 proxy group(s) need a node switch: 故障转移, 🇪🇺欧洲自动选择, 🇺🇸美国自动选择, 🌍自动选择. Re-testing and switching, not touching the NIC or restarting processes.
2026-09-08 17:24:22 | Watchdog | -      | WARN        | Direct WAN is fine and proxy port is open, but a real request THROUGH the proxy failed. Active node is dead (cached delay is stale-good). Forcing a re-test/switch on all groups.
2026-09-08 17:24:27 | Watchdog | -      | ACTION      | Re-tested auto-select group '[ProxyNode]; best member now '[ProxyNode] (165ms)
2026-09-08 17:24:28 | Watchdog | -      | ACTION      | Re-tested auto-select group '[ProxyNode]; best member now '[ProxyNode] (186ms)
2026-09-08 17:24:33 | Watchdog | -      | ACTION      | Re-tested auto-select group '[ProxyNode]; best member now '[ProxyNode] (168ms)
2026-09-08 17:24:38 | Watchdog | -      | ERROR       | Repair-MihomoGroup('🌍自动选择') failed: 远程服务器返回错误: (504) 网关超时。
2026-09-08 17:24:54 | Watchdog | -      | DIAG        | 4 proxy group(s) need a node switch: 故障转移, 🇪🇺欧洲自动选择, 🇺🇸美国自动选择, 🌍自动选择. Re-testing and switching, not touching the NIC or restarting processes.
2026-09-08 17:24:54 | Watchdog | -      | WARN        | Direct WAN is fine and proxy port is open, but a real request THROUGH the proxy failed. Active node is dead (cached delay is stale-good). Forcing a re-test/switch on all groups.
2026-09-08 17:24:59 | Watchdog | -      | ACTION      | Re-tested auto-select group '[ProxyNode]; best member now '[ProxyNode] (165ms)
2026-09-08 17:25:00 | Watchdog | -      | ACTION      | Re-tested auto-select group '[ProxyNode]; best member now '[ProxyNode] (188ms)
2026-09-08 17:25:05 | Watchdog | -      | ACTION      | Re-tested auto-select group '[ProxyNode]; best member now '[ProxyNode] (175ms)
2026-09-08 17:25:10 | Watchdog | -      | ACTION      | Re-tested auto-select group '[ProxyNode]; best member now '[ProxyNode] (169ms)
2026-09-08 17:25:41 | Watchdog | -      | DIAG        | 4 proxy group(s) need a node switch: 故障转移, 🇪🇺欧洲自动选择, 🇺🇸美国自动选择, 🌍自动选择. Re-testing and switching, not touching the NIC or restarting processes.
2026-09-08 17:25:41 | Watchdog | -      | WARN        | Direct WAN is fine and proxy port is open, but a real request THROUGH the proxy failed. Active node is dead (cached delay is stale-good). Forcing a re-test/switch on all groups.
2026-09-08 17:25:46 | Watchdog | -      | ACTION      | Re-tested auto-select group '[ProxyNode]; best member now '[ProxyNode] (164ms)
2026-09-08 17:25:47 | Watchdog | -      | ACTION      | Re-tested auto-select group '[ProxyNode]; best member now '[ProxyNode] (191ms)
2026-09-08 17:25:52 | Watchdog | -      | ACTION      | Re-tested auto-select group '[ProxyNode]; best member now '[ProxyNode] (159ms)
2026-09-08 17:25:57 | Watchdog | -      | ACTION      | Re-tested auto-select group '[ProxyNode]; best member now '[ProxyNode] (162ms)
2026-09-08 17:26:13 | Watchdog | -      | DIAG        | 4 proxy group(s) need a node switch: 故障转移, 🇪🇺欧洲自动选择, 🇺🇸美国自动选择, 🌍自动选择. Re-testing and switching, not touching the NIC or restarting processes.
2026-09-08 17:26:13 | Watchdog | -      | WARN        | Direct WAN is fine and proxy port is open, but a real request THROUGH the proxy failed. Active node is dead (cached delay is stale-good). Forcing a re-test/switch on all groups.
2026-09-08 17:26:18 | Watchdog | -      | ACTION      | Re-tested auto-select group '[ProxyNode]; best member now '[ProxyNode] (164ms)
2026-09-08 17:26:19 | Watchdog | -      | ACTION      | Re-tested auto-select group '[ProxyNode]; best member now '[ProxyNode] (193ms)
2026-09-08 17:26:24 | Watchdog | -      | ACTION      | Re-tested auto-select group '[ProxyNode]; best member now '[ProxyNode] (169ms)
2026-09-08 17:26:29 | Watchdog | -      | ACTION      | Re-tested auto-select group '[ProxyNode]; best member now '[ProxyNode] (162ms)
2026-09-08 17:27:00 | Watchdog | -      | DIAG        | 4 proxy group(s) need a node switch: 故障转移, 🇪🇺欧洲自动选择, 🇺🇸美国自动选择, 🌍自动选择. Re-testing and switching, not touching the NIC or restarting processes.
2026-09-08 17:27:00 | Watchdog | -      | WARN        | Direct WAN is fine and proxy port is open, but a real request THROUGH the proxy failed. Active node is dead (cached delay is stale-good). Forcing a re-test/switch on all groups.
2026-09-08 17:27:05 | Watchdog | -      | ACTION      | Re-tested auto-select group '[ProxyNode]; best member now '[ProxyNode] (164ms)
2026-09-08 17:27:06 | Watchdog | -      | ACTION      | Re-tested auto-select group '[ProxyNode]; best member now '[ProxyNode] (189ms)
2026-09-08 17:27:11 | Watchdog | -      | ACTION      | Re-tested auto-select group '[ProxyNode]; best member now '[ProxyNode] (160ms)
2026-09-08 17:27:16 | Watchdog | -      | ACTION      | Re-tested auto-select group '[ProxyNode]; best member now '[ProxyNode] (163ms)
2026-09-08 17:27:32 | Watchdog | -      | DIAG        | 4 proxy group(s) need a node switch: 故障转移, 🇪🇺欧洲自动选择, 🇺🇸美国自动选择, 🌍自动选择. Re-testing and switching, not touching the NIC or restarting processes.
2026-09-08 17:27:32 | Watchdog | -      | WARN        | Direct WAN is fine and proxy port is open, but a real request THROUGH the proxy failed. Active node is dead (cached delay is stale-good). Forcing a re-test/switch on all groups.
2026-09-08 17:27:37 | Watchdog | -      | ACTION      | Re-tested auto-select group '[ProxyNode]; best member now '[ProxyNode] (165ms)
2026-09-08 17:27:38 | Watchdog | -      | ACTION      | Re-tested auto-select group '[ProxyNode]; best member now '[ProxyNode] (192ms)
2026-09-08 17:27:43 | Watchdog | -      | ACTION      | Re-tested auto-select group '[ProxyNode]; best member now '[ProxyNode] (161ms)
2026-09-08 17:27:48 | Watchdog | -      | ACTION      | Re-tested auto-select group '[ProxyNode]; best member now '[ProxyNode] (164ms)
2026-09-08 17:28:19 | Watchdog | -      | DIAG        | 4 proxy group(s) need a node switch: 故障转移, 🇪🇺欧洲自动选择, 🇺🇸美国自动选择, 🌍自动选择. Re-testing and switching, not touching the NIC or restarting processes.
2026-09-08 17:28:19 | Watchdog | -      | WARN        | Direct WAN is fine and proxy port is open, but a real request THROUGH the proxy failed. Active node is dead (cached delay is stale-good). Forcing a re-test/switch on all groups.
2026-09-08 17:28:24 | Watchdog | -      | ACTION      | Re-tested auto-select group '[ProxyNode]; best member now '[ProxyNode] (164ms)
2026-09-08 17:28:26 | Watchdog | -      | ACTION      | Re-tested auto-select group '[ProxyNode]; best member now '[ProxyNode] (200ms)
2026-09-08 17:28:31 | Watchdog | -      | ACTION      | Re-tested auto-select group '[ProxyNode]; best member now '[ProxyNode] (163ms)
2026-09-08 17:28:36 | Watchdog | -      | ACTION      | Re-tested auto-select group '[ProxyNode]; best member now '[ProxyNode] (161ms)
2026-09-08 17:28:51 | Watchdog | -      | DIAG        | 4 proxy group(s) need a node switch: 故障转移, 🇪🇺欧洲自动选择, 🇺🇸美国自动选择, 🌍自动选择. Re-testing and switching, not touching the NIC or restarting processes.
2026-09-08 17:28:51 | Watchdog | -      | WARN        | Direct WAN is fine and proxy port is open, but a real request THROUGH the proxy failed. Active node is dead (cached delay is stale-good). Forcing a re-test/switch on all groups.
2026-09-08 17:28:56 | Watchdog | -      | ACTION      | Re-tested auto-select group '[ProxyNode]; best member now '[ProxyNode] (163ms)
2026-09-08 17:28:58 | Watchdog | -      | ACTION      | Re-tested auto-select group '[ProxyNode]; best member now '[ProxyNode] (194ms)
2026-09-08 17:29:03 | Watchdog | -      | ACTION      | Re-tested auto-select group '[ProxyNode]; best member now '[ProxyNode] (162ms)
2026-09-08 17:29:08 | Watchdog | -      | ACTION      | Re-tested auto-select group '[ProxyNode]; best member now '[ProxyNode] (191ms)
2026-09-08 17:29:23 | Watchdog | -      | WARN        | Direct WAN is fine and proxy port is open, but a real request THROUGH the proxy failed. Active node is dead (cached delay is stale-good). Forcing a re-test/switch on all groups.
2026-09-08 17:29:23 | Watchdog | -      | DIAG        | 4 proxy group(s) need a node switch: 故障转移, 🇪🇺欧洲自动选择, 🇺🇸美国自动选择, 🌍自动选择. Re-testing and switching, not touching the NIC or restarting processes.
2026-09-08 17:29:28 | Watchdog | -      | ACTION      | Re-tested auto-select group '[ProxyNode]; best member now '[ProxyNode] (163ms)
2026-09-08 17:29:30 | Watchdog | -      | ACTION      | Re-tested auto-select group '[ProxyNode]; best member now '[ProxyNode] (190ms)
2026-09-08 17:29:35 | Watchdog | -      | ACTION      | Re-tested auto-select group '[ProxyNode]; best member now '[ProxyNode] (168ms)
2026-09-08 17:29:40 | Watchdog | -      | ACTION      | Re-tested auto-select group '[ProxyNode]; best member now '[ProxyNode] (167ms)
2026-09-08 17:29:55 | Watchdog | -      | DIAG        | 4 proxy group(s) need a node switch: 故障转移, 🇪🇺欧洲自动选择, 🇺🇸美国自动选择, 🌍自动选择. Re-testing and switching, not touching the NIC or restarting processes.
2026-09-08 17:29:55 | Watchdog | -      | WARN        | Direct WAN is fine and proxy port is open, but a real request THROUGH the proxy failed. Active node is dead (cached delay is stale-good). Forcing a re-test/switch on all groups.
2026-09-08 17:30:00 | Watchdog | -      | ACTION      | Re-tested auto-select group '[ProxyNode]; best member now '[ProxyNode] (164ms)
2026-09-08 17:30:01 | Watchdog | -      | ACTION      | Re-tested auto-select group '[ProxyNode]; best member now '[ProxyNode] (190ms)
2026-09-08 17:30:06 | Watchdog | -      | ACTION      | Re-tested auto-select group '[ProxyNode]; best member now '[ProxyNode] (164ms)
2026-09-08 17:30:11 | Watchdog | -      | ACTION      | Re-tested auto-select group '[ProxyNode]; best member now '[ProxyNode] (162ms)
2026-09-08 17:30:27 | Watchdog | -      | DIAG        | 4 proxy group(s) need a node switch: 故障转移, 🇪🇺欧洲自动选择, 🇺🇸美国自动选择, 🌍自动选择. Re-testing and switching, not touching the NIC or restarting processes.
2026-09-08 17:30:27 | Watchdog | -      | WARN        | Direct WAN is fine and proxy port is open, but a real request THROUGH the proxy failed. Active node is dead (cached delay is stale-good). Forcing a re-test/switch on all groups.
2026-09-08 17:30:32 | Watchdog | -      | ACTION      | Re-tested auto-select group '[ProxyNode]; best member now '[ProxyNode] (164ms)
2026-09-08 17:30:34 | Watchdog | -      | ACTION      | Re-tested auto-select group '[ProxyNode]; best member now '[ProxyNode] (187ms)
2026-09-08 17:30:39 | Watchdog | -      | ACTION      | Re-tested auto-select group '[ProxyNode]; best member now '[ProxyNode] (166ms)
2026-09-08 17:30:44 | Watchdog | -      | ACTION      | Re-tested auto-select group '[ProxyNode]; best member now '[ProxyNode] (160ms)
2026-09-08 17:30:59 | Watchdog | -      | WARN        | Direct WAN is fine and proxy port is open, but a real request THROUGH the proxy failed. Active node is dead (cached delay is stale-good). Forcing a re-test/switch on all groups.
2026-09-08 17:30:59 | Watchdog | -      | DIAG        | 4 proxy group(s) need a node switch: 故障转移, 🇪🇺欧洲自动选择, 🇺🇸美国自动选择, 🌍自动选择. Re-testing and switching, not touching the NIC or restarting processes.
2026-09-08 17:31:04 | Watchdog | -      | ACTION      | Re-tested auto-select group '[ProxyNode]; best member now '[ProxyNode] (164ms)
2026-09-08 17:31:06 | Watchdog | -      | ACTION      | Re-tested auto-select group '[ProxyNode]; best member now '[ProxyNode] (186ms)
2026-09-08 17:31:11 | Watchdog | -      | ACTION      | Re-tested auto-select group '[ProxyNode]; best member now '[ProxyNode] (158ms)
2026-09-08 17:31:16 | Watchdog | -      | ACTION      | Re-tested auto-select group '[ProxyNode]; best member now '[ProxyNode] (161ms)
2026-09-08 17:31:31 | Watchdog | -      | WARN        | Direct WAN is fine and proxy port is open, but a real request THROUGH the proxy failed. Active node is dead (cached delay is stale-good). Forcing a re-test/switch on all groups.
2026-09-08 17:31:31 | Watchdog | -      | DIAG        | 4 proxy group(s) need a node switch: 故障转移, 🇪🇺欧洲自动选择, 🇺🇸美国自动选择, 🌍自动选择. Re-testing and switching, not touching the NIC or restarting processes.
2026-09-08 17:31:36 | Watchdog | -      | ACTION      | Re-tested auto-select group '[ProxyNode]; best member now '[ProxyNode] (167ms)
2026-09-08 17:31:38 | Watchdog | -      | ACTION      | Re-tested auto-select group '[ProxyNode]; best member now '[ProxyNode] (186ms)
2026-09-08 17:31:43 | Watchdog | -      | ACTION      | Re-tested auto-select group '[ProxyNode]; best member now '[ProxyNode] (169ms)
2026-09-08 17:31:48 | Watchdog | -      | ACTION      | Re-tested auto-select group '[ProxyNode]; best member now '[ProxyNode] (160ms)
2026-09-08 17:32:04 | Watchdog | -      | DIAG        | 4 proxy group(s) need a node switch: 故障转移, 🇪🇺欧洲自动选择, 🇺🇸美国自动选择, 🌍自动选择. Re-testing and switching, not touching the NIC or restarting processes.
2026-09-08 17:32:04 | Watchdog | -      | WARN        | Direct WAN is fine and proxy port is open, but a real request THROUGH the proxy failed. Active node is dead (cached delay is stale-good). Forcing a re-test/switch on all groups.
2026-09-08 17:32:09 | Watchdog | -      | ACTION      | Re-tested auto-select group '[ProxyNode]; best member now '[ProxyNode] (161ms)
2026-09-08 17:32:10 | Watchdog | -      | ACTION      | Re-tested auto-select group '[ProxyNode]; best member now '[ProxyNode] (193ms)
2026-09-08 17:32:15 | Watchdog | -      | ACTION      | Re-tested auto-select group '[ProxyNode]; best member now '[ProxyNode] (164ms)
2026-09-08 17:32:20 | Watchdog | -      | ACTION      | Re-tested auto-select group '[ProxyNode]; best member now '[ProxyNode] (168ms)
2026-09-08 17:32:35 | Watchdog | -      | WARN        | Direct WAN is fine and proxy port is open, but a real request THROUGH the proxy failed. Active node is dead (cached delay is stale-good). Forcing a re-test/switch on all groups.
2026-09-08 17:32:35 | Watchdog | -      | DIAG        | 4 proxy group(s) need a node switch: 故障转移, 🇪🇺欧洲自动选择, 🇺🇸美国自动选择, 🌍自动选择. Re-testing and switching, not touching the NIC or restarting processes.
2026-09-08 17:32:40 | Watchdog | -      | ACTION      | Re-tested auto-select group '[ProxyNode]; best member now '[ProxyNode] (167ms)
2026-09-08 17:32:42 | Watchdog | -      | ACTION      | Re-tested auto-select group '[ProxyNode]; best member now '[ProxyNode] (188ms)
2026-09-08 17:32:47 | Watchdog | -      | ACTION      | Re-tested auto-select group '[ProxyNode]; best member now '[ProxyNode] (162ms)
2026-09-08 17:32:52 | Watchdog | -      | ACTION      | Re-tested auto-select group '[ProxyNode]; best member now '[ProxyNode] (167ms)
2026-09-08 17:33:07 | Watchdog | -      | WARN        | Direct WAN is fine and proxy port is open, but a real request THROUGH the proxy failed. Active node is dead (cached delay is stale-good). Forcing a re-test/switch on all groups.
2026-09-08 17:33:07 | Watchdog | -      | DIAG        | 4 proxy group(s) need a node switch: 故障转移, 🇪🇺欧洲自动选择, 🇺🇸美国自动选择, 🌍自动选择. Re-testing and switching, not touching the NIC or restarting processes.
2026-09-08 17:33:12 | Watchdog | -      | ACTION      | Re-tested auto-select group '[ProxyNode]; best member now '[ProxyNode] (175ms)
2026-09-08 17:33:13 | Watchdog | -      | ACTION      | Re-tested auto-select group '[ProxyNode]; best member now '[ProxyNode] (190ms)
2026-09-08 17:33:18 | Watchdog | -      | ACTION      | Re-tested auto-select group '[ProxyNode]; best member now '[ProxyNode] (159ms)
2026-09-08 17:33:23 | Watchdog | -      | ACTION      | Re-tested auto-select group '[ProxyNode]; best member now '[ProxyNode] (163ms)
2026-09-08 17:33:39 | Watchdog | -      | WARN        | Direct WAN is fine and proxy port is open, but a real request THROUGH the proxy failed. Active node is dead (cached delay is stale-good). Forcing a re-test/switch on all groups.
2026-09-08 17:33:39 | Watchdog | -      | DIAG        | 4 proxy group(s) need a node switch: 故障转移, 🇪🇺欧洲自动选择, 🇺🇸美国自动选择, 🌍自动选择. Re-testing and switching, not touching the NIC or restarting processes.
2026-09-08 17:33:44 | Watchdog | -      | ACTION      | Re-tested auto-select group '[ProxyNode]; best member now '[ProxyNode] (172ms)
2026-09-08 17:33:45 | Watchdog | -      | ACTION      | Re-tested auto-select group '[ProxyNode]; best member now '[ProxyNode] (188ms)
2026-09-08 17:33:50 | Watchdog | -      | ACTION      | Re-tested auto-select group '[ProxyNode]; best member now '[ProxyNode] (159ms)
2026-09-08 17:33:55 | Watchdog | -      | ACTION      | Re-tested auto-select group '[ProxyNode]; best member now '[ProxyNode] (164ms)
2026-09-08 17:34:11 | Watchdog | -      | WARN        | Direct WAN is fine and proxy port is open, but a real request THROUGH the proxy failed. Active node is dead (cached delay is stale-good). Forcing a re-test/switch on all groups.
2026-09-08 17:34:11 | Watchdog | -      | DIAG        | 4 proxy group(s) need a node switch: 故障转移, 🇪🇺欧洲自动选择, 🇺🇸美国自动选择, 🌍自动选择. Re-testing and switching, not touching the NIC or restarting processes.
2026-09-08 17:34:16 | Watchdog | -      | ACTION      | Re-tested auto-select group '[ProxyNode]; best member now '[ProxyNode] (165ms)
2026-09-08 17:34:17 | Watchdog | -      | ACTION      | Re-tested auto-select group '[ProxyNode]; best member now '[ProxyNode] (188ms)
2026-09-08 17:34:22 | Watchdog | -      | ACTION      | Re-tested auto-select group '[ProxyNode]; best member now '[ProxyNode] (168ms)
2026-09-08 17:34:27 | Watchdog | -      | ACTION      | Re-tested auto-select group '[ProxyNode]; best member now '[ProxyNode] (164ms)
2026-09-08 17:34:43 | Watchdog | -      | DIAG        | 4 proxy group(s) need a node switch: 故障转移, 🇪🇺欧洲自动选择, 🇺🇸美国自动选择, 🌍自动选择. Re-testing and switching, not touching the NIC or restarting processes.
2026-09-08 17:34:43 | Watchdog | -      | WARN        | Direct WAN is fine and proxy port is open, but a real request THROUGH the proxy failed. Active node is dead (cached delay is stale-good). Forcing a re-test/switch on all groups.
2026-09-08 17:34:48 | Watchdog | -      | ACTION      | Re-tested auto-select group '[ProxyNode]; best member now '[ProxyNode] (165ms)
2026-09-08 17:34:49 | Watchdog | -      | ACTION      | Re-tested auto-select group '[ProxyNode]; best member now '[ProxyNode] (192ms)
2026-09-08 17:34:54 | Watchdog | -      | ACTION      | Re-tested auto-select group '[ProxyNode]; best member now '[ProxyNode] (163ms)
2026-09-08 17:35:00 | Watchdog | -      | ACTION      | Re-tested auto-select group '[ProxyNode]; best member now '[ProxyNode] (160ms)
2026-09-08 17:35:16 | Watchdog | -      | WARN        | Direct WAN is fine and proxy port is open, but a real request THROUGH the proxy failed. Active node is dead (cached delay is stale-good). Forcing a re-test/switch on all groups.
2026-09-08 17:35:16 | Watchdog | -      | DIAG        | 4 proxy group(s) need a node switch: 故障转移, 🇪🇺欧洲自动选择, 🇺🇸美国自动选择, 🌍自动选择. Re-testing and switching, not touching the NIC or restarting processes.
2026-09-08 17:35:21 | Watchdog | -      | ACTION      | Re-tested auto-select group '[ProxyNode]; best member now '[ProxyNode] (164ms)
2026-09-08 17:35:23 | Watchdog | -      | ACTION      | Re-tested auto-select group '[ProxyNode]; best member now '[ProxyNode] (204ms)
2026-09-08 17:35:28 | Watchdog | -      | ACTION      | Re-tested auto-select group '[ProxyNode]; best member now '[ProxyNode] (166ms)
2026-09-08 17:35:33 | Watchdog | -      | ACTION      | Re-tested auto-select group '[ProxyNode]; best member now '[ProxyNode] (168ms)
2026-09-08 17:36:04 | Watchdog | -      | DIAG        | 4 proxy group(s) need a node switch: 故障转移, 🇪🇺欧洲自动选择, 🇺🇸美国自动选择, 🌍自动选择. Re-testing and switching, not touching the NIC or restarting processes.
2026-09-08 17:36:04 | Watchdog | -      | WARN        | Direct WAN is fine and proxy port is open, but a real request THROUGH the proxy failed. Active node is dead (cached delay is stale-good). Forcing a re-test/switch on all groups.
2026-09-08 17:36:09 | Watchdog | -      | ACTION      | Re-tested auto-select group '[ProxyNode]; best member now '[ProxyNode] (163ms)
2026-09-08 17:36:10 | Watchdog | -      | ACTION      | Re-tested auto-select group '[ProxyNode]; best member now '[ProxyNode] (191ms)
2026-09-08 17:36:15 | Watchdog | -      | ACTION      | Re-tested auto-select group '[ProxyNode]; best member now '[ProxyNode] (162ms)
2026-09-08 17:36:20 | Watchdog | -      | ACTION      | Re-tested auto-select group '[ProxyNode]; best member now '[ProxyNode] (161ms)
2026-09-08 17:36:35 | Watchdog | -      | WARN        | Direct WAN is fine and proxy port is open, but a real request THROUGH the proxy failed. Active node is dead (cached delay is stale-good). Forcing a re-test/switch on all groups.
2026-09-08 17:36:36 | Watchdog | -      | DIAG        | 4 proxy group(s) need a node switch: 故障转移, 🇪🇺欧洲自动选择, 🇺🇸美国自动选择, 🌍自动选择. Re-testing and switching, not touching the NIC or restarting processes.
2026-09-08 17:36:41 | Watchdog | -      | ACTION      | Re-tested auto-select group '[ProxyNode]; best member now '[ProxyNode] (167ms)
2026-09-08 17:36:42 | Watchdog | -      | ACTION      | Re-tested auto-select group '[ProxyNode]; best member now '[ProxyNode] (200ms)
2026-09-08 17:36:47 | Watchdog | -      | ACTION      | Re-tested auto-select group '[ProxyNode]; best member now '[ProxyNode] (162ms)
2026-09-08 17:36:52 | Watchdog | -      | ACTION      | Re-tested auto-select group '[ProxyNode]; best member now '[ProxyNode] (170ms)
2026-09-08 17:37:07 | Watchdog | -      | WARN        | Direct WAN is fine and proxy port is open, but a real request THROUGH the proxy failed. Active node is dead (cached delay is stale-good). Forcing a re-test/switch on all groups.
2026-09-08 17:37:07 | Watchdog | -      | DIAG        | 4 proxy group(s) need a node switch: 故障转移, 🇪🇺欧洲自动选择, 🇺🇸美国自动选择, 🌍自动选择. Re-testing and switching, not touching the NIC or restarting processes.
2026-09-08 17:37:12 | Watchdog | -      | ACTION      | Re-tested auto-select group '[ProxyNode]; best member now '[ProxyNode] (168ms)
2026-09-08 17:37:14 | Watchdog | -      | ACTION      | Re-tested auto-select group '[ProxyNode]; best member now '[ProxyNode] (189ms)
2026-09-08 17:37:19 | Watchdog | -      | ACTION      | Re-tested auto-select group '[ProxyNode]; best member now '[ProxyNode] (167ms)
2026-09-08 17:37:24 | Watchdog | -      | ACTION      | Re-tested auto-select group '[ProxyNode]; best member now '[ProxyNode] (159ms)
2026-09-08 17:37:40 | Watchdog | -      | WARN        | Direct WAN is fine and proxy port is open, but a real request THROUGH the proxy failed. Active node is dead (cached delay is stale-good). Forcing a re-test/switch on all groups.
2026-09-08 17:37:40 | Watchdog | -      | DIAG        | 4 proxy group(s) need a node switch: 故障转移, 🇪🇺欧洲自动选择, 🇺🇸美国自动选择, 🌍自动选择. Re-testing and switching, not touching the NIC or restarting processes.
2026-09-08 17:37:45 | Watchdog | -      | ACTION      | Re-tested auto-select group '[ProxyNode]; best member now '[ProxyNode] (168ms)
2026-09-08 17:37:47 | Watchdog | -      | ACTION      | Re-tested auto-select group '[ProxyNode]; best member now '[ProxyNode] (191ms)
2026-09-08 17:37:52 | Watchdog | -      | ACTION      | Re-tested auto-select group '[ProxyNode]; best member now '[ProxyNode] (159ms)
2026-09-08 17:37:57 | Watchdog | -      | ACTION      | Re-tested auto-select group '[ProxyNode]; best member now '[ProxyNode] (168ms)
2026-09-08 17:38:44 | Watchdog | -      | WARN        | Direct WAN is fine and proxy port is open, but a real request THROUGH the proxy failed. Active node is dead (cached delay is stale-good). Forcing a re-test/switch on all groups.
2026-09-08 17:38:44 | Watchdog | -      | DIAG        | 4 proxy group(s) need a node switch: 故障转移, 🇪🇺欧洲自动选择, 🇺🇸美国自动选择, 🌍自动选择. Re-testing and switching, not touching the NIC or restarting processes.
2026-09-08 17:38:49 | Watchdog | -      | ACTION      | Re-tested auto-select group '[ProxyNode]; best member now '[ProxyNode] (167ms)
2026-09-08 17:38:50 | Watchdog | -      | ACTION      | Re-tested auto-select group '[ProxyNode]; best member now '[ProxyNode] (189ms)
2026-09-08 17:38:55 | Watchdog | -      | ACTION      | Re-tested auto-select group '[ProxyNode]; best member now '[ProxyNode] (162ms)
2026-09-08 17:39:00 | Watchdog | -      | ACTION      | Re-tested auto-select group '[ProxyNode]; best member now '[ProxyNode] (167ms)
2026-09-08 17:39:15 | Watchdog | -      | WARN        | Direct WAN is fine and proxy port is open, but a real request THROUGH the proxy failed. Active node is dead (cached delay is stale-good). Forcing a re-test/switch on all groups.
2026-09-08 17:39:15 | Watchdog | -      | DIAG        | 4 proxy group(s) need a node switch: 故障转移, 🇪🇺欧洲自动选择, 🇺🇸美国自动选择, 🌍自动选择. Re-testing and switching, not touching the NIC or restarting processes.
2026-09-08 17:39:20 | Watchdog | -      | ACTION      | Re-tested auto-select group '[ProxyNode]; best member now '[ProxyNode] (168ms)
2026-09-08 17:39:22 | Watchdog | -      | ACTION      | Re-tested auto-select group '[ProxyNode]; best member now '[ProxyNode] (193ms)
2026-09-08 17:39:27 | Watchdog | -      | ACTION      | Re-tested auto-select group '[ProxyNode]; best member now '[ProxyNode] (169ms)
2026-09-08 17:39:32 | Watchdog | -      | ACTION      | Re-tested auto-select group '[ProxyNode]; best member now '[ProxyNode] (163ms)
2026-09-08 17:40:02 | Watchdog | -      | DIAG        | 4 proxy group(s) need a node switch: 故障转移, 🇪🇺欧洲自动选择, 🇺🇸美国自动选择, 🌍自动选择. Re-testing and switching, not touching the NIC or restarting processes.
2026-09-08 17:40:02 | Watchdog | -      | WARN        | Direct WAN is fine and proxy port is open, but a real request THROUGH the proxy failed. Active node is dead (cached delay is stale-good). Forcing a re-test/switch on all groups.
2026-09-08 17:40:07 | Watchdog | -      | ACTION      | Re-tested auto-select group '[ProxyNode]; best member now '[ProxyNode] (160ms)
2026-09-08 17:40:10 | Watchdog | -      | ACTION      | Re-tested auto-select group '[ProxyNode]; best member now '[ProxyNode] (221ms)
2026-09-08 17:40:15 | Watchdog | -      | ACTION      | Re-tested auto-select group '[ProxyNode]; best member now '[ProxyNode] (167ms)
2026-09-08 17:40:20 | Watchdog | -      | ACTION      | Re-tested auto-select group '[ProxyNode]; best member now '[ProxyNode] (167ms)
2026-09-08 17:40:35 | Watchdog | -      | DIAG        | 4 proxy group(s) need a node switch: 故障转移, 🇪🇺欧洲自动选择, 🇺🇸美国自动选择, 🌍自动选择. Re-testing and switching, not touching the NIC or restarting processes.
2026-09-08 17:40:35 | Watchdog | -      | WARN        | Direct WAN is fine and proxy port is open, but a real request THROUGH the proxy failed. Active node is dead (cached delay is stale-good). Forcing a re-test/switch on all groups.
2026-09-08 17:40:40 | Watchdog | -      | ACTION      | Re-tested auto-select group '[ProxyNode]; best member now '[ProxyNode] (169ms)
2026-09-08 17:40:42 | Watchdog | -      | ACTION      | Re-tested auto-select group '[ProxyNode]; best member now '[ProxyNode] (190ms)
2026-09-08 17:40:47 | Watchdog | -      | ACTION      | Re-tested auto-select group '[ProxyNode]; best member now '[ProxyNode] (164ms)
2026-09-08 17:40:52 | Watchdog | -      | ACTION      | Re-tested auto-select group '[ProxyNode]; best member now '[ProxyNode] (161ms)
2026-09-08 17:41:07 | Watchdog | -      | WARN        | Direct WAN is fine and proxy port is open, but a real request THROUGH the proxy failed. Active node is dead (cached delay is stale-good). Forcing a re-test/switch on all groups.
2026-09-08 17:41:07 | Watchdog | -      | DIAG        | 4 proxy group(s) need a node switch: 故障转移, 🇪🇺欧洲自动选择, 🇺🇸美国自动选择, 🌍自动选择. Re-testing and switching, not touching the NIC or restarting processes.
2026-09-08 17:41:12 | Watchdog | -      | ACTION      | Re-tested auto-select group '[ProxyNode]; best member now '[ProxyNode] (158ms)
2026-09-08 17:41:14 | Watchdog | -      | ACTION      | Re-tested auto-select group '[ProxyNode]; best member now '[ProxyNode] (189ms)
2026-09-08 17:41:19 | Watchdog | -      | ACTION      | Re-tested auto-select group '[ProxyNode]; best member now '[ProxyNode] (161ms)
2026-09-08 17:41:24 | Watchdog | -      | ACTION      | Re-tested auto-select group '[ProxyNode]; best member now '[ProxyNode] (162ms)
2026-09-08 17:41:39 | Watchdog | -      | DIAG        | 4 proxy group(s) need a node switch: 故障转移, 🇪🇺欧洲自动选择, 🇺🇸美国自动选择, 🌍自动选择. Re-testing and switching, not touching the NIC or restarting processes.
2026-09-08 17:41:39 | Watchdog | -      | WARN        | Direct WAN is fine and proxy port is open, but a real request THROUGH the proxy failed. Active node is dead (cached delay is stale-good). Forcing a re-test/switch on all groups.
2026-09-08 17:41:44 | Watchdog | -      | ACTION      | Re-tested auto-select group '[ProxyNode]; best member now '[ProxyNode] (158ms)
2026-09-08 17:41:46 | Watchdog | -      | ACTION      | Re-tested auto-select group '[ProxyNode]; best member now '[ProxyNode] (187ms)
2026-09-08 17:41:51 | Watchdog | -      | ACTION      | Re-tested auto-select group '[ProxyNode]; best member now '[ProxyNode] (158ms)
2026-09-08 17:41:56 | Watchdog | -      | ACTION      | Re-tested auto-select group '[ProxyNode]; best member now '[ProxyNode] (158ms)
2026-09-08 17:42:42 | Watchdog | -      | WARN        | Direct WAN is fine and proxy port is open, but a real request THROUGH the proxy failed. Active node is dead (cached delay is stale-good). Forcing a re-test/switch on all groups.
2026-09-08 17:42:42 | Watchdog | -      | DIAG        | 4 proxy group(s) need a node switch: 故障转移, 🇪🇺欧洲自动选择, 🇺🇸美国自动选择, 🌍自动选择. Re-testing and switching, not touching the NIC or restarting processes.
2026-09-08 17:42:47 | Watchdog | -      | ACTION      | Re-tested auto-select group '[ProxyNode]; best member now '[ProxyNode] (190ms)
2026-09-08 17:42:49 | Watchdog | -      | ACTION      | Re-tested auto-select group '[ProxyNode]; best member now '[ProxyNode] (193ms)
2026-09-08 17:42:54 | Watchdog | -      | ACTION      | Re-tested auto-select group '[ProxyNode]; best member now '[ProxyNode] (159ms)
2026-09-08 17:42:59 | Watchdog | -      | ACTION      | Re-tested auto-select group '[ProxyNode]; best member now '[ProxyNode] (162ms)
2026-09-08 17:43:14 | Watchdog | -      | WARN        | Direct WAN is fine and proxy port is open, but a real request THROUGH the proxy failed. Active node is dead (cached delay is stale-good). Forcing a re-test/switch on all groups.
2026-09-08 17:43:14 | Watchdog | -      | DIAG        | 4 proxy group(s) need a node switch: 故障转移, 🇪🇺欧洲自动选择, 🇺🇸美国自动选择, 🌍自动选择. Re-testing and switching, not touching the NIC or restarting processes.
2026-09-08 17:43:19 | Watchdog | -      | ACTION      | Re-tested auto-select group '[ProxyNode]; best member now '[ProxyNode] (162ms)
2026-09-08 17:43:20 | Watchdog | -      | ACTION      | Re-tested auto-select group '[ProxyNode]; best member now '[ProxyNode] (220ms)
2026-09-08 17:43:25 | Watchdog | -      | ACTION      | Re-tested auto-select group '[ProxyNode]; best member now '[ProxyNode] (162ms)
2026-09-08 17:43:30 | Watchdog | -      | ACTION      | Re-tested auto-select group '[ProxyNode]; best member now '[ProxyNode] (163ms)
2026-09-08 17:43:46 | Watchdog | -      | DIAG        | 4 proxy group(s) need a node switch: 故障转移, 🇪🇺欧洲自动选择, 🇺🇸美国自动选择, 🌍自动选择. Re-testing and switching, not touching the NIC or restarting processes.
2026-09-08 17:43:46 | Watchdog | -      | WARN        | Direct WAN is fine and proxy port is open, but a real request THROUGH the proxy failed. Active node is dead (cached delay is stale-good). Forcing a re-test/switch on all groups.
2026-09-08 17:43:51 | Watchdog | -      | ACTION      | Re-tested auto-select group '[ProxyNode]; best member now '[ProxyNode] (169ms)
2026-09-08 17:43:52 | Watchdog | -      | ACTION      | Re-tested auto-select group '[ProxyNode]; best member now '[ProxyNode] (188ms)
2026-09-08 17:43:57 | Watchdog | -      | ACTION      | Re-tested auto-select group '[ProxyNode]; best member now '[ProxyNode] (168ms)
2026-09-08 17:44:02 | Watchdog | -      | ACTION      | Re-tested auto-select group '[ProxyNode]; best member now '[ProxyNode] (163ms)
2026-09-08 17:45:04 | Watchdog | -      | WARN        | Direct WAN is fine and proxy port is open, but a real request THROUGH the proxy failed. Active node is dead (cached delay is stale-good). Forcing a re-test/switch on all groups.
2026-09-08 17:45:04 | Watchdog | -      | DIAG        | 4 proxy group(s) need a node switch: 故障转移, 🇪🇺欧洲自动选择, 🇺🇸美国自动选择, 🌍自动选择. Re-testing and switching, not touching the NIC or restarting processes.
2026-09-08 17:45:09 | Watchdog | -      | ACTION      | Re-tested auto-select group '[ProxyNode]; best member now '[ProxyNode] (162ms)
2026-09-08 17:45:11 | Watchdog | -      | ACTION      | Re-tested auto-select group '[ProxyNode]; best member now '[ProxyNode] (193ms)
2026-09-08 17:45:16 | Watchdog | -      | ACTION      | Re-tested auto-select group '[ProxyNode]; best member now '[ProxyNode] (165ms)
2026-09-08 17:45:21 | Watchdog | -      | ACTION      | Re-tested auto-select group '[ProxyNode]; best member now '[ProxyNode] (189ms)
2026-09-08 17:45:36 | Watchdog | -      | WARN        | Direct WAN is fine and proxy port is open, but a real request THROUGH the proxy failed. Active node is dead (cached delay is stale-good). Forcing a re-test/switch on all groups.
2026-09-08 17:45:36 | Watchdog | -      | DIAG        | 4 proxy group(s) need a node switch: 故障转移, 🇪🇺欧洲自动选择, 🇺🇸美国自动选择, 🌍自动选择. Re-testing and switching, not touching the NIC or restarting processes.
2026-09-08 17:45:41 | Watchdog | -      | ACTION      | Re-tested auto-select group '[ProxyNode]; best member now '[ProxyNode] (160ms)
2026-09-08 17:45:43 | Watchdog | -      | ACTION      | Re-tested auto-select group '[ProxyNode]; best member now '[ProxyNode] (191ms)
2026-09-08 17:45:48 | Watchdog | -      | ACTION      | Re-tested auto-select group '[ProxyNode]; best member now '[ProxyNode] (159ms)
2026-09-08 17:45:53 | Watchdog | -      | ACTION      | Re-tested auto-select group '[ProxyNode]; best member now '[ProxyNode] (167ms)
2026-09-08 17:46:24 | Watchdog | -      | WARN        | Direct WAN is fine and proxy port is open, but a real request THROUGH the proxy failed. Active node is dead (cached delay is stale-good). Forcing a re-test/switch on all groups.
2026-09-08 17:46:24 | Watchdog | -      | DIAG        | 4 proxy group(s) need a node switch: 故障转移, 🇪🇺欧洲自动选择, 🇺🇸美国自动选择, 🌍自动选择. Re-testing and switching, not touching the NIC or restarting processes.
2026-09-08 17:46:29 | Watchdog | -      | ACTION      | Re-tested auto-select group '[ProxyNode]; best member now '[ProxyNode] (162ms)
2026-09-08 17:46:30 | Watchdog | -      | ACTION      | Re-tested auto-select group '[ProxyNode]; best member now '[ProxyNode] (195ms)
2026-09-08 17:46:35 | Watchdog | -      | ACTION      | Re-tested auto-select group '[ProxyNode]; best member now '[ProxyNode] (165ms)
2026-09-08 17:46:40 | Watchdog | -      | ACTION      | Re-tested auto-select group '[ProxyNode]; best member now '[ProxyNode] (165ms)
2026-09-08 17:46:56 | Watchdog | -      | WARN        | Direct WAN is fine and proxy port is open, but a real request THROUGH the proxy failed. Active node is dead (cached delay is stale-good). Forcing a re-test/switch on all groups.
2026-09-08 17:46:56 | Watchdog | -      | DIAG        | 4 proxy group(s) need a node switch: 故障转移, 🇪🇺欧洲自动选择, 🇺🇸美国自动选择, 🌍自动选择. Re-testing and switching, not touching the NIC or restarting processes.
2026-09-08 17:47:01 | Watchdog | -      | ACTION      | Re-tested auto-select group '[ProxyNode]; best member now '[ProxyNode] (161ms)
2026-09-08 17:47:02 | Watchdog | -      | ACTION      | Re-tested auto-select group '[ProxyNode]; best member now '[ProxyNode] (213ms)
2026-09-08 17:47:07 | Watchdog | -      | ACTION      | Re-tested auto-select group '[ProxyNode]; best member now '[ProxyNode] (158ms)
2026-09-08 17:47:12 | Watchdog | -      | ACTION      | Re-tested auto-select group '[ProxyNode]; best member now '[ProxyNode] (167ms)
2026-09-08 17:47:28 | Watchdog | -      | DIAG        | 4 proxy group(s) need a node switch: 故障转移, 🇪🇺欧洲自动选择, 🇺🇸美国自动选择, 🌍自动选择. Re-testing and switching, not touching the NIC or restarting processes.
2026-09-08 17:47:28 | Watchdog | -      | WARN        | Direct WAN is fine and proxy port is open, but a real request THROUGH the proxy failed. Active node is dead (cached delay is stale-good). Forcing a re-test/switch on all groups.
2026-09-08 17:47:33 | Watchdog | -      | ACTION      | Re-tested auto-select group '[ProxyNode]; best member now '[ProxyNode] (165ms)
2026-09-08 17:47:34 | Watchdog | -      | ACTION      | Re-tested auto-select group '[ProxyNode]; best member now '[ProxyNode] (189ms)
2026-09-08 17:47:39 | Watchdog | -      | ACTION      | Re-tested auto-select group '[ProxyNode]; best member now '[ProxyNode] (159ms)
2026-09-08 17:47:44 | Watchdog | -      | ACTION      | Re-tested auto-select group '[ProxyNode]; best member now '[ProxyNode] (164ms)
2026-09-08 17:47:59 | Watchdog | -      | DIAG        | 4 proxy group(s) need a node switch: 故障转移, 🇪🇺欧洲自动选择, 🇺🇸美国自动选择, 🌍自动选择. Re-testing and switching, not touching the NIC or restarting processes.
2026-09-08 17:47:59 | Watchdog | -      | WARN        | Direct WAN is fine and proxy port is open, but a real request THROUGH the proxy failed. Active node is dead (cached delay is stale-good). Forcing a re-test/switch on all groups.
2026-09-08 17:48:04 | Watchdog | -      | ACTION      | Re-tested auto-select group '[ProxyNode]; best member now '[ProxyNode] (169ms)
2026-09-08 17:48:07 | Watchdog | -      | ACTION      | Re-tested auto-select group '[ProxyNode]; best member now '[ProxyNode] (192ms)
2026-09-08 17:48:12 | Watchdog | -      | ACTION      | Re-tested auto-select group '[ProxyNode]; best member now '[ProxyNode] (158ms)
2026-09-08 17:48:17 | Watchdog | -      | ACTION      | Re-tested auto-select group '[ProxyNode]; best member now '[ProxyNode] (162ms)
2026-09-08 17:48:48 | Watchdog | -      | DIAG        | 4 proxy group(s) need a node switch: 故障转移, 🇪🇺欧洲自动选择, 🇺🇸美国自动选择, 🌍自动选择. Re-testing and switching, not touching the NIC or restarting processes.
2026-09-08 17:48:48 | Watchdog | -      | WARN        | Direct WAN is fine and proxy port is open, but a real request THROUGH the proxy failed. Active node is dead (cached delay is stale-good). Forcing a re-test/switch on all groups.
2026-09-08 17:48:53 | Watchdog | -      | ACTION      | Re-tested auto-select group '[ProxyNode]; best member now '[ProxyNode] (164ms)
2026-09-08 17:48:54 | Watchdog | -      | ACTION      | Re-tested auto-select group '[ProxyNode]; best member now '[ProxyNode] (201ms)
2026-09-08 17:48:59 | Watchdog | -      | ACTION      | Re-tested auto-select group '[ProxyNode]; best member now '[ProxyNode] (179ms)
2026-09-08 17:49:04 | Watchdog | -      | ACTION      | Re-tested auto-select group '[ProxyNode]; best member now '[ProxyNode] (163ms)
2026-09-08 17:49:20 | Watchdog | -      | DIAG        | 4 proxy group(s) need a node switch: 故障转移, 🇪🇺欧洲自动选择, 🇺🇸美国自动选择, 🌍自动选择. Re-testing and switching, not touching the NIC or restarting processes.
2026-09-08 17:49:20 | Watchdog | -      | WARN        | Direct WAN is fine and proxy port is open, but a real request THROUGH the proxy failed. Active node is dead (cached delay is stale-good). Forcing a re-test/switch on all groups.
2026-09-08 17:49:25 | Watchdog | -      | ACTION      | Re-tested auto-select group '[ProxyNode]; best member now '[ProxyNode] (169ms)
2026-09-08 17:49:27 | Watchdog | -      | ACTION      | Re-tested auto-select group '[ProxyNode]; best member now '[ProxyNode] (186ms)
2026-09-08 17:49:32 | Watchdog | -      | ACTION      | Re-tested auto-select group '[ProxyNode]; best member now '[ProxyNode] (162ms)
2026-09-08 17:49:37 | Watchdog | -      | ACTION      | Re-tested auto-select group '[ProxyNode]; best member now '[ProxyNode] (162ms)
2026-09-08 17:50:07 | Watchdog | -      | DIAG        | 4 proxy group(s) need a node switch: 故障转移, 🇪🇺欧洲自动选择, 🇺🇸美国自动选择, 🌍自动选择. Re-testing and switching, not touching the NIC or restarting processes.
2026-09-08 17:50:07 | Watchdog | -      | WARN        | Direct WAN is fine and proxy port is open, but a real request THROUGH the proxy failed. Active node is dead (cached delay is stale-good). Forcing a re-test/switch on all groups.
2026-09-08 17:50:12 | Watchdog | -      | ACTION      | Re-tested auto-select group '[ProxyNode]; best member now '[ProxyNode] (162ms)
2026-09-08 17:50:14 | Watchdog | -      | ACTION      | Re-tested auto-select group '[ProxyNode]; best member now '[ProxyNode] (189ms)
2026-09-08 17:50:19 | Watchdog | -      | ACTION      | Re-tested auto-select group '[ProxyNode]; best member now '[ProxyNode] (162ms)
2026-09-08 17:50:24 | Watchdog | -      | ACTION      | Re-tested auto-select group '[ProxyNode]; best member now '[ProxyNode] (161ms)
2026-09-08 17:50:39 | Watchdog | -      | DIAG        | 4 proxy group(s) need a node switch: 故障转移, 🇪🇺欧洲自动选择, 🇺🇸美国自动选择, 🌍自动选择. Re-testing and switching, not touching the NIC or restarting processes.
2026-09-08 17:50:39 | Watchdog | -      | WARN        | Direct WAN is fine and proxy port is open, but a real request THROUGH the proxy failed. Active node is dead (cached delay is stale-good). Forcing a re-test/switch on all groups.
2026-09-08 17:50:44 | Watchdog | -      | ACTION      | Re-tested auto-select group '[ProxyNode]; best member now '[ProxyNode] (161ms)
2026-09-08 17:50:46 | Watchdog | -      | ACTION      | Re-tested auto-select group '[ProxyNode]; best member now '[ProxyNode] (189ms)
2026-09-08 17:50:51 | Watchdog | -      | ACTION      | Re-tested auto-select group '[ProxyNode]; best member now '[ProxyNode] (160ms)
2026-09-08 17:50:56 | Watchdog | -      | ACTION      | Re-tested auto-select group '[ProxyNode]; best member now '[ProxyNode] (161ms)
2026-09-08 17:51:11 | Watchdog | -      | DIAG        | 4 proxy group(s) need a node switch: 故障转移, 🇪🇺欧洲自动选择, 🇺🇸美国自动选择, 🌍自动选择. Re-testing and switching, not touching the NIC or restarting processes.
2026-09-08 17:51:11 | Watchdog | -      | WARN        | Direct WAN is fine and proxy port is open, but a real request THROUGH the proxy failed. Active node is dead (cached delay is stale-good). Forcing a re-test/switch on all groups.
2026-09-08 17:51:16 | Watchdog | -      | ACTION      | Re-tested auto-select group '[ProxyNode]; best member now '[ProxyNode] (162ms)
2026-09-08 17:51:18 | Watchdog | -      | ACTION      | Re-tested auto-select group '[ProxyNode]; best member now '[ProxyNode] (195ms)
2026-09-08 17:51:23 | Watchdog | -      | ACTION      | Re-tested auto-select group '[ProxyNode]; best member now '[ProxyNode] (163ms)
2026-09-08 17:51:28 | Watchdog | -      | ACTION      | Re-tested auto-select group '[ProxyNode]; best member now '[ProxyNode] (160ms)
2026-09-08 17:51:43 | Watchdog | -      | DIAG        | 4 proxy group(s) need a node switch: 故障转移, 🇪🇺欧洲自动选择, 🇺🇸美国自动选择, 🌍自动选择. Re-testing and switching, not touching the NIC or restarting processes.
2026-09-08 17:51:43 | Watchdog | -      | WARN        | Direct WAN is fine and proxy port is open, but a real request THROUGH the proxy failed. Active node is dead (cached delay is stale-good). Forcing a re-test/switch on all groups.
2026-09-08 17:51:48 | Watchdog | -      | ACTION      | Re-tested auto-select group '[ProxyNode]; best member now '[ProxyNode] (158ms)
2026-09-08 17:51:50 | Watchdog | -      | ACTION      | Re-tested auto-select group '[ProxyNode]; best member now '[ProxyNode] (188ms)
2026-09-08 17:51:55 | Watchdog | -      | ACTION      | Re-tested auto-select group '[ProxyNode]; best member now '[ProxyNode] (167ms)
2026-09-08 17:52:00 | Watchdog | -      | ACTION      | Re-tested auto-select group '[ProxyNode]; best member now '[ProxyNode] (164ms)
2026-09-08 17:52:15 | Watchdog | -      | DIAG        | 4 proxy group(s) need a node switch: 故障转移, 🇪🇺欧洲自动选择, 🇺🇸美国自动选择, 🌍自动选择. Re-testing and switching, not touching the NIC or restarting processes.
2026-09-08 17:52:15 | Watchdog | -      | WARN        | Direct WAN is fine and proxy port is open, but a real request THROUGH the proxy failed. Active node is dead (cached delay is stale-good). Forcing a re-test/switch on all groups.
2026-09-08 17:52:20 | Watchdog | -      | ACTION      | Re-tested auto-select group '[ProxyNode]; best member now '[ProxyNode] (160ms)
2026-09-08 17:52:21 | Watchdog | -      | ACTION      | Re-tested auto-select group '[ProxyNode]; best member now '[ProxyNode] (187ms)
2026-09-08 17:52:26 | Watchdog | -      | ACTION      | Re-tested auto-select group '[ProxyNode]; best member now '[ProxyNode] (162ms)
2026-09-08 17:52:31 | Watchdog | -      | ACTION      | Re-tested auto-select group '[ProxyNode]; best member now '[ProxyNode] (157ms)
2026-09-08 17:53:02 | Watchdog | -      | DIAG        | 4 proxy group(s) need a node switch: 故障转移, 🇪🇺欧洲自动选择, 🇺🇸美国自动选择, 🌍自动选择. Re-testing and switching, not touching the NIC or restarting processes.
2026-09-08 17:53:02 | Watchdog | -      | WARN        | Direct WAN is fine and proxy port is open, but a real request THROUGH the proxy failed. Active node is dead (cached delay is stale-good). Forcing a re-test/switch on all groups.
2026-09-08 17:53:07 | Watchdog | -      | ACTION      | Re-tested auto-select group '[ProxyNode]; best member now '[ProxyNode] (159ms)
2026-09-08 17:53:08 | Watchdog | -      | ACTION      | Re-tested auto-select group '[ProxyNode]; best member now '[ProxyNode] (188ms)
2026-09-08 17:53:13 | Watchdog | -      | ACTION      | Re-tested auto-select group '[ProxyNode]; best member now '[ProxyNode] (171ms)
2026-09-08 17:53:18 | Watchdog | -      | ACTION      | Re-tested auto-select group '[ProxyNode]; best member now '[ProxyNode] (162ms)
2026-09-08 17:53:34 | Watchdog | -      | DIAG        | 4 proxy group(s) need a node switch: 故障转移, 🇪🇺欧洲自动选择, 🇺🇸美国自动选择, 🌍自动选择. Re-testing and switching, not touching the NIC or restarting processes.
2026-09-08 17:53:34 | Watchdog | -      | WARN        | Direct WAN is fine and proxy port is open, but a real request THROUGH the proxy failed. Active node is dead (cached delay is stale-good). Forcing a re-test/switch on all groups.
2026-09-08 17:53:39 | Watchdog | -      | ACTION      | Re-tested auto-select group '[ProxyNode]; best member now '[ProxyNode] (162ms)
2026-09-08 17:53:40 | Watchdog | -      | ACTION      | Re-tested auto-select group '[ProxyNode]; best member now '[ProxyNode] (190ms)
2026-09-08 17:53:45 | Watchdog | -      | ACTION      | Re-tested auto-select group '[ProxyNode]; best member now '[ProxyNode] (161ms)
2026-09-08 17:53:50 | Watchdog | -      | ACTION      | Re-tested auto-select group '[ProxyNode]; best member now '[ProxyNode] (189ms)
2026-09-08 17:54:06 | Watchdog | -      | DIAG        | 4 proxy group(s) need a node switch: 故障转移, 🇪🇺欧洲自动选择, 🇺🇸美国自动选择, 🌍自动选择. Re-testing and switching, not touching the NIC or restarting processes.
2026-09-08 17:54:06 | Watchdog | -      | WARN        | Direct WAN is fine and proxy port is open, but a real request THROUGH the proxy failed. Active node is dead (cached delay is stale-good). Forcing a re-test/switch on all groups.
2026-09-08 17:54:11 | Watchdog | -      | ACTION      | Re-tested auto-select group '[ProxyNode]; best member now '[ProxyNode] (162ms)
2026-09-08 17:54:12 | Watchdog | -      | ACTION      | Re-tested auto-select group '[ProxyNode]; best member now '[ProxyNode] (186ms)
2026-09-08 17:54:17 | Watchdog | -      | ACTION      | Re-tested auto-select group '[ProxyNode]; best member now '[ProxyNode] (163ms)
2026-09-08 17:54:22 | Watchdog | -      | ACTION      | Re-tested auto-select group '[ProxyNode]; best member now '[ProxyNode] (170ms)
2026-09-08 17:54:53 | Watchdog | -      | DIAG        | 4 proxy group(s) need a node switch: 故障转移, 🇪🇺欧洲自动选择, 🇺🇸美国自动选择, 🌍自动选择. Re-testing and switching, not touching the NIC or restarting processes.
2026-09-08 17:54:53 | Watchdog | -      | WARN        | Direct WAN is fine and proxy port is open, but a real request THROUGH the proxy failed. Active node is dead (cached delay is stale-good). Forcing a re-test/switch on all groups.
2026-09-08 17:54:58 | Watchdog | -      | ACTION      | Re-tested auto-select group '[ProxyNode]; best member now '[ProxyNode] (169ms)
2026-09-08 17:55:00 | Watchdog | -      | ACTION      | Re-tested auto-select group '[ProxyNode]; best member now '[ProxyNode] (191ms)
2026-09-08 17:55:05 | Watchdog | -      | ACTION      | Re-tested auto-select group '[ProxyNode]; best member now '[ProxyNode] (163ms)
2026-09-08 17:55:10 | Watchdog | -      | ACTION      | Re-tested auto-select group '[ProxyNode]; best member now '[ProxyNode] (158ms)
2026-09-08 17:55:25 | Watchdog | -      | DIAG        | 4 proxy group(s) need a node switch: 故障转移, 🇪🇺欧洲自动选择, 🇺🇸美国自动选择, 🌍自动选择. Re-testing and switching, not touching the NIC or restarting processes.
2026-09-08 17:55:25 | Watchdog | -      | WARN        | Direct WAN is fine and proxy port is open, but a real request THROUGH the proxy failed. Active node is dead (cached delay is stale-good). Forcing a re-test/switch on all groups.
2026-09-08 17:55:30 | Watchdog | -      | ACTION      | Re-tested auto-select group '[ProxyNode]; best member now '[ProxyNode] (157ms)
2026-09-08 17:55:31 | Watchdog | -      | ACTION      | Re-tested auto-select group '[ProxyNode]; best member now '[ProxyNode] (192ms)
2026-09-08 17:55:36 | Watchdog | -      | ACTION      | Re-tested auto-select group '[ProxyNode]; best member now '[ProxyNode] (160ms)
2026-09-08 17:55:41 | Watchdog | -      | ACTION      | Re-tested auto-select group '[ProxyNode]; best member now '[ProxyNode] (161ms)
2026-09-08 17:56:12 | Watchdog | -      | DIAG        | 4 proxy group(s) need a node switch: 故障转移, 🇪🇺欧洲自动选择, 🇺🇸美国自动选择, 🌍自动选择. Re-testing and switching, not touching the NIC or restarting processes.
2026-09-08 17:56:12 | Watchdog | -      | WARN        | Direct WAN is fine and proxy port is open, but a real request THROUGH the proxy failed. Active node is dead (cached delay is stale-good). Forcing a re-test/switch on all groups.
2026-09-08 17:56:17 | Watchdog | -      | ACTION      | Re-tested auto-select group '[ProxyNode]; best member now '[ProxyNode] (161ms)
2026-09-08 17:56:20 | Watchdog | -      | ACTION      | Re-tested auto-select group '[ProxyNode]; best member now '[ProxyNode] (193ms)
2026-09-08 17:56:25 | Watchdog | -      | ACTION      | Re-tested auto-select group '[ProxyNode]; best member now '[ProxyNode] (161ms)
2026-09-08 17:56:30 | Watchdog | -      | ACTION      | Re-tested auto-select group '[ProxyNode]; best member now '[ProxyNode] (158ms)
2026-09-08 17:56:45 | Watchdog | -      | DIAG        | 4 proxy group(s) need a node switch: 故障转移, 🇪🇺欧洲自动选择, 🇺🇸美国自动选择, 🌍自动选择. Re-testing and switching, not touching the NIC or restarting processes.
2026-09-08 17:56:45 | Watchdog | -      | WARN        | Direct WAN is fine and proxy port is open, but a real request THROUGH the proxy failed. Active node is dead (cached delay is stale-good). Forcing a re-test/switch on all groups.
2026-09-08 17:56:50 | Watchdog | -      | ACTION      | Re-tested auto-select group '[ProxyNode]; best member now '[ProxyNode] (169ms)
2026-09-08 17:56:52 | Watchdog | -      | ACTION      | Re-tested auto-select group '[ProxyNode]; best member now '[ProxyNode] (223ms)
2026-09-08 17:56:57 | Watchdog | -      | ACTION      | Re-tested auto-select group '[ProxyNode]; best member now '[ProxyNode] (162ms)
2026-09-08 17:57:02 | Watchdog | -      | ACTION      | Re-tested auto-select group '[ProxyNode]; best member now '[ProxyNode] (166ms)
2026-09-08 17:57:33 | Watchdog | -      | WARN        | Direct WAN is fine and proxy port is open, but a real request THROUGH the proxy failed. Active node is dead (cached delay is stale-good). Forcing a re-test/switch on all groups.
2026-09-08 17:57:33 | Watchdog | -      | DIAG        | 4 proxy group(s) need a node switch: 故障转移, 🇪🇺欧洲自动选择, 🇺🇸美国自动选择, 🌍自动选择. Re-testing and switching, not touching the NIC or restarting processes.
2026-09-08 17:57:38 | Watchdog | -      | ACTION      | Re-tested auto-select group '[ProxyNode]; best member now '[ProxyNode] (164ms)
2026-09-08 17:57:40 | Watchdog | -      | ACTION      | Re-tested auto-select group '[ProxyNode]; best member now '[ProxyNode] (196ms)
2026-09-08 17:57:45 | Watchdog | -      | ACTION      | Re-tested auto-select group '[ProxyNode]; best member now '[ProxyNode] (160ms)
2026-09-08 17:57:50 | Watchdog | -      | ACTION      | Re-tested auto-select group '[ProxyNode]; best member now '[ProxyNode] (172ms)
2026-09-08 17:58:06 | Watchdog | -      | DIAG        | 4 proxy group(s) need a node switch: 故障转移, 🇪🇺欧洲自动选择, 🇺🇸美国自动选择, 🌍自动选择. Re-testing and switching, not touching the NIC or restarting processes.
2026-09-08 17:58:06 | Watchdog | -      | WARN        | Direct WAN is fine and proxy port is open, but a real request THROUGH the proxy failed. Active node is dead (cached delay is stale-good). Forcing a re-test/switch on all groups.
2026-09-08 17:58:11 | Watchdog | -      | ACTION      | Re-tested auto-select group '[ProxyNode]; best member now '[ProxyNode] (162ms)
2026-09-08 17:58:12 | Watchdog | -      | ACTION      | Re-tested auto-select group '[ProxyNode]; best member now '[ProxyNode] (186ms)
2026-09-08 17:58:17 | Watchdog | -      | ACTION      | Re-tested auto-select group '[ProxyNode]; best member now '[ProxyNode] (164ms)
2026-09-08 17:58:22 | Watchdog | -      | ACTION      | Re-tested auto-select group '[ProxyNode]; best member now '[ProxyNode] (164ms)
2026-09-08 17:58:38 | Watchdog | -      | DIAG        | 4 proxy group(s) need a node switch: 故障转移, 🇪🇺欧洲自动选择, 🇺🇸美国自动选择, 🌍自动选择. Re-testing and switching, not touching the NIC or restarting processes.
2026-09-08 17:58:38 | Watchdog | -      | WARN        | Direct WAN is fine and proxy port is open, but a real request THROUGH the proxy failed. Active node is dead (cached delay is stale-good). Forcing a re-test/switch on all groups.
2026-09-08 17:58:43 | Watchdog | -      | ACTION      | Re-tested auto-select group '[ProxyNode]; best member now '[ProxyNode] (160ms)
2026-09-08 17:58:44 | Watchdog | -      | ACTION      | Re-tested auto-select group '[ProxyNode]; best member now '[ProxyNode] (189ms)
2026-09-08 17:58:49 | Watchdog | -      | ACTION      | Re-tested auto-select group '[ProxyNode]; best member now '[ProxyNode] (162ms)
2026-09-08 17:58:54 | Watchdog | -      | ACTION      | Re-tested auto-select group '[ProxyNode]; best member now '[ProxyNode] (163ms)
2026-09-08 17:59:10 | Watchdog | -      | DIAG        | 4 proxy group(s) need a node switch: 故障转移, 🇪🇺欧洲自动选择, 🇺🇸美国自动选择, 🌍自动选择. Re-testing and switching, not touching the NIC or restarting processes.
2026-09-08 17:59:10 | Watchdog | -      | WARN        | Direct WAN is fine and proxy port is open, but a real request THROUGH the proxy failed. Active node is dead (cached delay is stale-good). Forcing a re-test/switch on all groups.
2026-09-08 17:59:15 | Watchdog | -      | ACTION      | Re-tested auto-select group '[ProxyNode]; best member now '[ProxyNode] (158ms)
2026-09-08 17:59:17 | Watchdog | -      | ACTION      | Re-tested auto-select group '[ProxyNode]; best member now '[ProxyNode] (190ms)
2026-09-08 17:59:22 | Watchdog | -      | ACTION      | Re-tested auto-select group '[ProxyNode]; best member now '[ProxyNode] (170ms)
2026-09-08 17:59:27 | Watchdog | -      | ACTION      | Re-tested auto-select group '[ProxyNode]; best member now '[ProxyNode] (169ms)
2026-09-08 17:59:42 | Watchdog | -      | DIAG        | 4 proxy group(s) need a node switch: 故障转移, 🇪🇺欧洲自动选择, 🇺🇸美国自动选择, 🌍自动选择. Re-testing and switching, not touching the NIC or restarting processes.
2026-09-08 17:59:42 | Watchdog | -      | WARN        | Direct WAN is fine and proxy port is open, but a real request THROUGH the proxy failed. Active node is dead (cached delay is stale-good). Forcing a re-test/switch on all groups.
2026-09-08 17:59:47 | Watchdog | -      | ACTION      | Re-tested auto-select group '[ProxyNode]; best member now '[ProxyNode] (163ms)
2026-09-08 17:59:49 | Watchdog | -      | ACTION      | Re-tested auto-select group '[ProxyNode]; best member now '[ProxyNode] (189ms)
2026-09-08 17:59:54 | Watchdog | -      | ACTION      | Re-tested auto-select group '[ProxyNode]; best member now '[ProxyNode] (161ms)
2026-09-08 17:59:59 | Watchdog | -      | ACTION      | Re-tested auto-select group '[ProxyNode]; best member now '[ProxyNode] (167ms)
2026-09-08 18:00:29 | Watchdog | -      | DIAG        | 4 proxy group(s) need a node switch: 故障转移, 🇪🇺欧洲自动选择, 🇺🇸美国自动选择, 🌍自动选择. Re-testing and switching, not touching the NIC or restarting processes.
2026-09-08 18:00:29 | Watchdog | -      | WARN        | Direct WAN is fine and proxy port is open, but a real request THROUGH the proxy failed. Active node is dead (cached delay is stale-good). Forcing a re-test/switch on all groups.
2026-09-08 18:00:34 | Watchdog | -      | ACTION      | Re-tested auto-select group '[ProxyNode]; best member now '[ProxyNode] (158ms)
2026-09-08 18:00:36 | Watchdog | -      | ACTION      | Re-tested auto-select group '[ProxyNode]; best member now '[ProxyNode] (229ms)
2026-09-08 18:00:41 | Watchdog | -      | ACTION      | Re-tested auto-select group '[ProxyNode]; best member now '[ProxyNode] (161ms)
2026-09-08 18:00:46 | Watchdog | -      | ACTION      | Re-tested auto-select group '[ProxyNode]; best member now '[ProxyNode] (165ms)
2026-09-08 18:01:01 | Watchdog | -      | DIAG        | 4 proxy group(s) need a node switch: 故障转移, 🇪🇺欧洲自动选择, 🇺🇸美国自动选择, 🌍自动选择. Re-testing and switching, not touching the NIC or restarting processes.
2026-09-08 18:01:01 | Watchdog | -      | WARN        | Direct WAN is fine and proxy port is open, but a real request THROUGH the proxy failed. Active node is dead (cached delay is stale-good). Forcing a re-test/switch on all groups.
2026-09-08 18:01:06 | Watchdog | -      | ACTION      | Re-tested auto-select group '[ProxyNode]; best member now '[ProxyNode] (166ms)
2026-09-08 18:01:08 | Watchdog | -      | ACTION      | Re-tested auto-select group '[ProxyNode]; best member now '[ProxyNode] (189ms)
2026-09-08 18:01:13 | Watchdog | -      | ACTION      | Re-tested auto-select group '[ProxyNode]; best member now '[ProxyNode] (163ms)
2026-09-08 18:01:18 | Watchdog | -      | ACTION      | Re-tested auto-select group '[ProxyNode]; best member now '[ProxyNode] (163ms)
2026-09-08 18:01:48 | Watchdog | -      | WARN        | Direct WAN is fine and proxy port is open, but a real request THROUGH the proxy failed. Active node is dead (cached delay is stale-good). Forcing a re-test/switch on all groups.
2026-09-08 18:01:48 | Watchdog | -      | DIAG        | 4 proxy group(s) need a node switch: 故障转移, 🇪🇺欧洲自动选择, 🇺🇸美国自动选择, 🌍自动选择. Re-testing and switching, not touching the NIC or restarting processes.
2026-09-08 18:01:53 | Watchdog | -      | ACTION      | Re-tested auto-select group '[ProxyNode]; best member now '[ProxyNode] (168ms)
2026-09-08 18:01:55 | Watchdog | -      | ACTION      | Re-tested auto-select group '[ProxyNode]; best member now '[ProxyNode] (194ms)
2026-09-08 18:02:00 | Watchdog | -      | ACTION      | Re-tested auto-select group '[ProxyNode]; best member now '[ProxyNode] (163ms)
2026-09-08 18:02:05 | Watchdog | -      | ACTION      | Re-tested auto-select group '[ProxyNode]; best member now '[ProxyNode] (165ms)
2026-09-08 18:02:20 | Watchdog | -      | DIAG        | 4 proxy group(s) need a node switch: 故障转移, 🇪🇺欧洲自动选择, 🇺🇸美国自动选择, 🌍自动选择. Re-testing and switching, not touching the NIC or restarting processes.
2026-09-08 18:02:20 | Watchdog | -      | WARN        | Direct WAN is fine and proxy port is open, but a real request THROUGH the proxy failed. Active node is dead (cached delay is stale-good). Forcing a re-test/switch on all groups.
2026-09-08 18:02:25 | Watchdog | -      | ACTION      | Re-tested auto-select group '[ProxyNode]; best member now '[ProxyNode] (158ms)
2026-09-08 18:02:27 | Watchdog | -      | ACTION      | Re-tested auto-select group '[ProxyNode]; best member now '[ProxyNode] (186ms)
2026-09-08 18:02:32 | Watchdog | -      | ACTION      | Re-tested auto-select group '[ProxyNode]; best member now '[ProxyNode] (166ms)
2026-09-08 18:02:37 | Watchdog | -      | ACTION      | Re-tested auto-select group '[ProxyNode]; best member now '[ProxyNode] (159ms)
2026-09-08 18:02:53 | Watchdog | -      | DIAG        | 4 proxy group(s) need a node switch: 故障转移, 🇪🇺欧洲自动选择, 🇺🇸美国自动选择, 🌍自动选择. Re-testing and switching, not touching the NIC or restarting processes.
2026-09-08 18:02:53 | Watchdog | -      | WARN        | Direct WAN is fine and proxy port is open, but a real request THROUGH the proxy failed. Active node is dead (cached delay is stale-good). Forcing a re-test/switch on all groups.
2026-09-08 18:02:58 | Watchdog | -      | ACTION      | Re-tested auto-select group '[ProxyNode]; best member now '[ProxyNode] (159ms)
2026-09-08 18:02:59 | Watchdog | -      | ACTION      | Re-tested auto-select group '[ProxyNode]; best member now '[ProxyNode] (224ms)
2026-09-08 18:03:04 | Watchdog | -      | ACTION      | Re-tested auto-select group '[ProxyNode]; best member now '[ProxyNode] (163ms)
2026-09-08 18:03:09 | Watchdog | -      | ACTION      | Re-tested auto-select group '[ProxyNode]; best member now '[ProxyNode] (161ms)
2026-09-08 18:03:25 | Watchdog | -      | DIAG        | 4 proxy group(s) need a node switch: 故障转移, 🇪🇺欧洲自动选择, 🇺🇸美国自动选择, 🌍自动选择. Re-testing and switching, not touching the NIC or restarting processes.
2026-09-08 18:03:25 | Watchdog | -      | WARN        | Direct WAN is fine and proxy port is open, but a real request THROUGH the proxy failed. Active node is dead (cached delay is stale-good). Forcing a re-test/switch on all groups.
2026-09-08 18:03:30 | Watchdog | -      | ACTION      | Re-tested auto-select group '[ProxyNode]; best member now '[ProxyNode] (160ms)
2026-09-08 18:03:32 | Watchdog | -      | ACTION      | Re-tested auto-select group '[ProxyNode]; best member now '[ProxyNode] (188ms)
2026-09-08 18:03:37 | Watchdog | -      | ACTION      | Re-tested auto-select group '[ProxyNode]; best member now '[ProxyNode] (162ms)
2026-09-08 18:03:42 | Watchdog | -      | ACTION      | Re-tested auto-select group '[ProxyNode]; best member now '[ProxyNode] (160ms)
2026-09-08 18:03:57 | Watchdog | -      | DIAG        | 4 proxy group(s) need a node switch: 故障转移, 🇪🇺欧洲自动选择, 🇺🇸美国自动选择, 🌍自动选择. Re-testing and switching, not touching the NIC or restarting processes.
2026-09-08 18:03:57 | Watchdog | -      | WARN        | Direct WAN is fine and proxy port is open, but a real request THROUGH the proxy failed. Active node is dead (cached delay is stale-good). Forcing a re-test/switch on all groups.
2026-09-08 18:04:02 | Watchdog | -      | ACTION      | Re-tested auto-select group '[ProxyNode]; best member now '[ProxyNode] (163ms)
2026-09-08 18:04:03 | Watchdog | -      | ACTION      | Re-tested auto-select group '[ProxyNode]; best member now '[ProxyNode] (191ms)
2026-09-08 18:04:08 | Watchdog | -      | ACTION      | Re-tested auto-select group '[ProxyNode]; best member now '[ProxyNode] (165ms)
2026-09-08 18:04:13 | Watchdog | -      | ACTION      | Re-tested auto-select group '[ProxyNode]; best member now '[ProxyNode] (162ms)
2026-09-08 22:04:04 | System   | 50104  | Information | [Microsoft-Windows-Dhcp-Client] DHCPv4 client received shutdown notification
2026-09-08 22:04:04 | System   | 50105  | Information | [Microsoft-Windows-Dhcp-Client] DHCPv4 client ProcessDHCPRequestForever received TERMINATE_EVENT
2026-09-08 22:04:04 | System   | 51047  | Information | [Microsoft-Windows-DHCPv6-Client] DHCPv6 client service is stopped. ShutDown Flag value is 1
2026-09-08 22:04:04 | System   | 51057  | Information | [Microsoft-Windows-DHCPv6-Client] DHCPv6 client service stop is almost done.DHCP Context Ref count is 1
2026-09-08 22:04:04 | System   | 51057  | Information | [Microsoft-Windows-DHCPv6-Client] DHCPv6 client service stop is almost done.DHCP Context Ref count is 1
2026-09-08 22:04:04 | System   | 50106  | Information | [Microsoft-Windows-Dhcp-Client] DHCPv4 is waiting on DHCPv6 service to stop
2026-09-08 22:04:04 | System   | 50037  | Information | [Microsoft-Windows-Dhcp-Client] DHCPv4 client service is stopped. ShutDown Flag value is 1
2026-09-08 22:04:05 | WLAN     | 11004  | Information | 无线安全已停止 (Security stopped)
2026-09-08 22:04:05 | System   | 10002  | Warning     | [Microsoft-Windows-WLAN-AutoConfig] WLAN Extensibility Module has stopped.
2026-09-08 22:04:05 | System   | 4001   | Information | [Microsoft-Windows-WLAN-AutoConfig] WLAN AutoConfig service has successfully stopped.
2026-09-08 22:04:05 | System   | 8001   | Information | MT7922 无线驱动底层事件 (ID: 8001)
2026-09-08 22:04:09 | Power    | 109    | Information | 系统进入低功耗状态/睡眠转换 (Kernel-Power 109)
2026-09-08 22:04:11 | Power    | 577    | Information | 系统准备从活动状态重启/恢复完成 (Kernel-Power 577)
2026-09-08 23:20:01 | Power    | 125    | Information | 温区热度状态更新 (Kernel-Power 125)
2026-09-08 23:20:01 | Power    | 125    | Information | 温区热度状态更新 (Kernel-Power 125)
2026-09-08 23:20:04 | Power    | 521    | Information | 电池充放电状态更新 (Kernel-Power 521)
2026-09-08 23:20:04 | System   | 8000   | Information | MT7922 无线驱动底层事件 (ID: 8000)
2026-09-08 23:20:13 | System   | 50036  | Information | [Microsoft-Windows-Dhcp-Client] DHCPv4 client service is started
2026-09-08 23:20:13 | System   | 50103  | Information | [Microsoft-Windows-Dhcp-Client] DHCPv4 client registered for shutdown notification
2026-09-08 23:20:13 | System   | 50036  | Information | [Microsoft-Windows-Dhcp-Client] DHCPv4 client service is started
2026-09-08 23:20:13 | System   | 51046  | Information | [Microsoft-Windows-DHCPv6-Client] DHCPv6 client service is started
2026-09-08 23:20:18 | System   | 4000   | Information | [Microsoft-Windows-WLAN-AutoConfig] WLAN AutoConfig service has successfully started.
2026-09-08 23:20:18 | System   | 10001  | Information | [Microsoft-Windows-WLAN-AutoConfig] WLAN Extensibility Module has successfully started.
2026-09-08 23:20:48 | System   | 4207   | Error       | TCP/IP 接口绑定提供程序失败 (ID 4207)
2026-09-08 23:20:48 | System   | 4207   | Error       | TCP/IP 接口绑定提供程序失败 (ID 4207)
2026-09-08 23:21:38 | Watchdog | -      | WARN        | Link/WAN check failed (adapterUp=False gatewayOk=False wanOk=False) streak=1/6
2026-09-08 23:21:52 | WLAN     | 8000   | Information | 发起无线网络连接 (Association started)
2026-09-08 23:21:52 | WLAN     | 11000  | Information | 无线网络关联开始
2026-09-08 23:21:52 | WLAN     | 11001  | Information | 无线网络关联成功
2026-09-08 23:21:52 | WLAN     | 11010  | Information | 无线安全开始 (Security started)
2026-09-08 23:21:52 | WLAN     | 11005  | Information | 无线安全握手成功 (Security succeeded)
2026-09-08 23:21:52 | WLAN     | 8001   | Information | 成功连接到无线网络 (Connected)
2026-09-08 23:21:57 | Watchdog | -      | DIAG        | 4 proxy group(s) need a node switch: 故障转移, 🇪🇺欧洲自动选择, 🇺🇸美国自动选择, 🌍自动选择. Re-testing and switching, not touching the NIC or restarting processes.
2026-09-08 23:32:15 | System   | 7040   | Information | 服务启动类型变更: The start type of the Background Intelligent Transfer Service service was changed from 自动启动 to 按需启动.
2026-09-08 23:34:07 | System   | 1014   | Warning     | DNS 解析超时告警: token.sensenova.cn
2026-09-08 23:34:11 | WLAN     | 11004  | Information | 无线安全已停止 (Security stopped)
2026-09-08 23:34:14 | WLAN     | 11010  | Information | 无线安全开始 (Security started)
2026-09-08 23:34:18 | WLAN     | 11004  | Information | 无线安全已停止 (Security stopped)
2026-09-08 23:34:21 | WLAN     | 11010  | Information | 无线安全开始 (Security started)
2026-09-08 23:34:26 | WLAN     | 11006  | Error       | 动态密钥交换在配置的时间范围内未能成功
2026-09-08 23:34:26 | WLAN     | 11004  | Information | 无线安全已停止 (Security stopped)
2026-09-08 23:34:26 | WLAN     | 8003   | Information | 无线网络被断开 [原因: 网络被驱动程序断开连接。]
2026-09-08 23:34:41 | System   | 7045   | Information | 系统安装了新服务/驱动: WinDivert
2026-09-08 23:35:04 | Watchdog | -      | WARN        | Link/WAN check failed (adapterUp=False gatewayOk=False wanOk=False) streak=1/6
2026-09-08 23:35:06 | WLAN     | 8000   | Information | 发起无线网络连接 (Association started)
2026-09-08 23:35:06 | WLAN     | 11000  | Information | 无线网络关联开始
2026-09-08 23:35:06 | WLAN     | 11001  | Information | 无线网络关联成功
2026-09-08 23:35:06 | WLAN     | 11010  | Information | 无线安全开始 (Security started)
2026-09-08 23:35:06 | WLAN     | 11005  | Information | 无线安全握手成功 (Security succeeded)
2026-09-08 23:35:06 | WLAN     | 8001   | Information | 成功连接到无线网络 (Connected)
2026-09-08 23:38:04 | System   | 7040   | Information | 服务启动类型变更: The start type of the Background Intelligent Transfer Service service was changed from 按需启动 to 自动启动.
2026-09-08 23:40:40 | System   | 7040   | Information | 服务启动类型变更: The start type of the Background Intelligent Transfer Service service was changed from 自动启动 to 按需启动.
2026-09-08 23:45:41 | Watchdog | -      | WARN        | Direct WAN is fine and proxy port is open, but a real request THROUGH the proxy failed. Active node is dead (cached delay is stale-good). Forcing a re-test/switch on all groups.
2026-09-08 23:45:41 | Watchdog | -      | DIAG        | 4 proxy group(s) need a node switch: 故障转移, 🇪🇺欧洲自动选择, 🇺🇸美国自动选择, 🌍自动选择. Re-testing and switching, not touching the NIC or restarting processes.
2026-09-08 23:45:46 | Watchdog | -      | ACTION      | Re-tested auto-select group '[ProxyNode]; best member now '[ProxyNode] (228ms)
2026-09-08 23:45:49 | Watchdog | -      | ACTION      | Re-tested auto-select group '[ProxyNode]; best member now '[ProxyNode] (262ms)
2026-09-08 23:45:54 | Watchdog | -      | ACTION      | Re-tested auto-select group '[ProxyNode]; best member now '[ProxyNode] (181ms)
2026-09-08 23:45:59 | Watchdog | -      | ACTION      | Re-tested auto-select group '[ProxyNode]; best member now '[ProxyNode] (208ms)
2026-09-08 23:58:00 | Watchdog | -      | WARN        | Direct WAN is fine and proxy port is open, but a real request THROUGH the proxy failed. Active node is dead (cached delay is stale-good). Forcing a re-test/switch on all groups.
2026-09-08 23:58:00 | Watchdog | -      | DIAG        | 4 proxy group(s) need a node switch: 故障转移, 🇪🇺欧洲自动选择, 🇺🇸美国自动选择, 🌍自动选择. Re-testing and switching, not touching the NIC or restarting processes.
2026-09-08 23:58:05 | Watchdog | -      | ACTION      | Re-tested auto-select group '[ProxyNode]; best member now '[ProxyNode] (174ms)
2026-09-08 23:58:07 | Watchdog | -      | ACTION      | Re-tested auto-select group '[ProxyNode]; best member now '[ProxyNode] (221ms)
2026-09-08 23:58:12 | Watchdog | -      | ACTION      | Re-tested auto-select group '[ProxyNode]; best member now '[ProxyNode] (181ms)
2026-09-08 23:58:17 | Watchdog | -      | ACTION      | Re-tested auto-select group '[ProxyNode]; best member now '[ProxyNode] (175ms)
2026-09-09 00:08:37 | Watchdog | -      | WARN        | Direct WAN is fine and proxy port is open, but a real request THROUGH the proxy failed. Active node is dead (cached delay is stale-good). Forcing a re-test/switch on all groups.
2026-09-09 00:08:37 | Watchdog | -      | DIAG        | 4 proxy group(s) need a node switch: 故障转移, 🇪🇺欧洲自动选择, 🇺🇸美国自动选择, 🌍自动选择. Re-testing and switching, not touching the NIC or restarting processes.
2026-09-09 00:08:42 | Watchdog | -      | ERROR       | Repair-MihomoGroup('故障转移') failed: 远程服务器返回错误: (504) 网关超时。
2026-09-09 00:08:48 | Watchdog | -      | ERROR       | Repair-MihomoGroup('🇪🇺欧洲自动选择') failed: 远程服务器返回错误: (504) 网关超时。
2026-09-09 00:08:53 | Watchdog | -      | ERROR       | Repair-MihomoGroup('🇺🇸美国自动选择') failed: 远程服务器返回错误: (504) 网关超时。
2026-09-09 00:09:00 | Watchdog | -      | ACTION      | Re-tested auto-select group '[ProxyNode]; best member now '[ProxyNode] (1161ms)
2026-09-09 00:17:18 | WLAN     | 11004  | Information | 无线安全已停止 (Security stopped)
2026-09-09 00:17:21 | WLAN     | 11010  | Information | 无线安全开始 (Security started)
2026-09-09 00:17:22 | WLAN     | 11005  | Information | 无线安全握手成功 (Security succeeded)
2026-09-09 00:27:19 | Watchdog | -      | DIAG        | WAN is fine but local proxy mixed-port is not accepting connections. Restarting proxy stack.
2026-09-09 00:27:19 | Watchdog | -      | ACTION      | Restarting proxy stack (verge-mihomo / ProxyBridge / clash-verge)
2026-09-09 00:28:03 | Watchdog | -      | WARN        | WAN reachable but DNS resolution failing. Flushing DNS.
2026-09-09 00:28:03 | Watchdog | -      | ACTION      | Flushing DNS cache (ipconfig /flushdns)
2026-09-09 00:28:19 | Watchdog | -      | DIAG        | 1 proxy group(s) need a node switch: 🌍自动选择. Re-testing and switching, not touching the NIC or restarting processes.
2026-09-09 00:28:24 | Watchdog | -      | ACTION      | Re-tested auto-select group '[ProxyNode]; best member now '[ProxyNode] (181ms)
2026-09-09 00:29:15 | Watchdog | -      | WARN        | Direct WAN is fine and proxy port is open, but a real request THROUGH the proxy failed. Active node is dead (cached delay is stale-good). Forcing a re-test/switch on all groups.
2026-09-09 00:29:15 | Watchdog | -      | DIAG        | 4 proxy group(s) need a node switch: 故障转移, 🇪🇺欧洲自动选择, 🇺🇸美国自动选择, 🌍自动选择. Re-testing and switching, not touching the NIC or restarting processes.
2026-09-09 00:29:20 | Watchdog | -      | ACTION      | Re-tested auto-select group '[ProxyNode]; best member now '[ProxyNode] (197ms)
2026-09-09 00:29:22 | Watchdog | -      | ACTION      | Re-tested auto-select group '[ProxyNode]; best member now '[ProxyNode] (233ms)
2026-09-09 00:29:23 | Watchdog | -      | ACTION      | Re-tested auto-select group '[ProxyNode]; best member now '[ProxyNode] (178ms)
2026-09-09 00:29:28 | Watchdog | -      | ACTION      | Re-tested auto-select group '[ProxyNode]; best member now '[ProxyNode] (195ms)
2026-09-09 00:37:52 | Watchdog | -      | WARN        | Direct WAN is fine and proxy port is open, but a real request THROUGH the proxy failed. Active node is dead (cached delay is stale-good). Forcing a re-test/switch on all groups.
2026-09-09 00:37:52 | Watchdog | -      | DIAG        | 4 proxy group(s) need a node switch: 故障转移, 🇪🇺欧洲自动选择, 🇺🇸美国自动选择, 🌍自动选择. Re-testing and switching, not touching the NIC or restarting processes.
2026-09-09 00:37:57 | Watchdog | -      | ACTION      | Re-tested auto-select group '[ProxyNode]; best member now '[ProxyNode] (176ms)
2026-09-09 00:37:59 | Watchdog | -      | ACTION      | Re-tested auto-select group '[ProxyNode]; best member now '[ProxyNode] (228ms)
2026-09-09 00:38:00 | Watchdog | -      | ACTION      | Re-tested auto-select group '[ProxyNode]; best member now '[ProxyNode] (171ms)
2026-09-09 00:38:05 | Watchdog | -      | ACTION      | Re-tested auto-select group '[ProxyNode]; best member now '[ProxyNode] (184ms)
2026-09-09 01:00:10 | Watchdog | -      | WARN        | Direct WAN is fine and proxy port is open, but a real request THROUGH the proxy failed. Active node is dead (cached delay is stale-good). Forcing a re-test/switch on all groups.
2026-09-09 01:00:10 | Watchdog | -      | DIAG        | 4 proxy group(s) need a node switch: 故障转移, 🇪🇺欧洲自动选择, 🇺🇸美国自动选择, 🌍自动选择. Re-testing and switching, not touching the NIC or restarting processes.
2026-09-09 01:00:17 | Watchdog | -      | ACTION      | Re-tested auto-select group '[ProxyNode]; best member now '[ProxyNode] (3302ms)
2026-09-09 01:00:18 | Watchdog | -      | ACTION      | Re-tested auto-select group '[ProxyNode]; best member now '[ProxyNode] (269ms)
2026-09-09 01:00:19 | Watchdog | -      | ACTION      | Re-tested auto-select group '[ProxyNode]; best member now '[ProxyNode] (216ms)
2026-09-09 01:00:24 | Watchdog | -      | ACTION      | Re-tested auto-select group '[ProxyNode]; best member now '[ProxyNode] (212ms)
2026-09-09 01:14:57 | Watchdog | -      | DIAG        | All 4 WAN targets unreachable: 223.5.5.5:53, 119.29.29.29:53, 114.114.114.114:53, www.baidu.com:443
2026-09-09 01:14:57 | Watchdog | -      | WARN        | Link/WAN check failed (adapterUp=True gatewayOk=False wanOk=False) streak=1/6
2026-09-09 01:14:59 | WLAN     | 11004  | Information | 无线安全已停止 (Security stopped)
2026-09-09 01:15:07 | WLAN     | 8003   | Information | 无线网络被断开 [原因: 网络被驱动程序断开连接。]
2026-09-09 01:15:12 | Watchdog | -      | WARN        | Link/WAN check failed (adapterUp=False gatewayOk=False wanOk=False) streak=2/6
2026-09-09 01:15:27 | Watchdog | -      | WARN        | Link/WAN check failed (adapterUp=False gatewayOk=False wanOk=False) streak=3/6
2026-09-09 01:15:42 | Watchdog | -      | WARN        | Link/WAN check failed (adapterUp=False gatewayOk=False wanOk=False) streak=4/6
2026-09-09 01:15:57 | Watchdog | -      | WARN        | Link/WAN check failed (adapterUp=False gatewayOk=False wanOk=False) streak=5/6
2026-09-09 01:16:13 | Watchdog | -      | ACTION      | Flushing DNS cache (ipconfig /flushdns)
2026-09-09 01:16:13 | Watchdog | -      | DIAG        | Sustained adapter-down or both-public-targets-unreachable. Escalating to adapter reconnect.
2026-09-09 01:16:13 | Watchdog | -      | DIAG        | NIC reset requested but DISABLED by default (-AllowNicReset not set). Not touching the adapter. See script header.
2026-09-09 01:16:13 | Watchdog | -      | WARN        | Link/WAN check failed (adapterUp=False gatewayOk=False wanOk=False) streak=6/6
2026-09-09 01:16:28 | Watchdog | -      | WARN        | Link/WAN check failed (adapterUp=False gatewayOk=False wanOk=False) streak=1/6
2026-09-09 01:16:43 | Watchdog | -      | WARN        | Link/WAN check failed (adapterUp=False gatewayOk=False wanOk=False) streak=2/6
2026-09-09 01:16:58 | Watchdog | -      | WARN        | Link/WAN check failed (adapterUp=False gatewayOk=False wanOk=False) streak=3/6
2026-09-09 01:17:13 | Watchdog | -      | WARN        | Link/WAN check failed (adapterUp=False gatewayOk=False wanOk=False) streak=4/6
2026-09-09 01:17:28 | Watchdog | -      | WARN        | Link/WAN check failed (adapterUp=False gatewayOk=False wanOk=False) streak=5/6
2026-09-09 01:17:33 | WLAN     | 8000   | Information | 发起无线网络连接 (Association started)
2026-09-09 01:17:33 | WLAN     | 11000  | Information | 无线网络关联开始
2026-09-09 01:17:33 | WLAN     | 11001  | Information | 无线网络关联成功
2026-09-09 01:17:33 | WLAN     | 11010  | Information | 无线安全开始 (Security started)
2026-09-09 01:17:38 | WLAN     | 11006  | Error       | 动态密钥交换在配置的时间范围内未能成功
2026-09-09 01:17:39 | WLAN     | 11004  | Information | 无线安全已停止 (Security stopped)
2026-09-09 01:17:39 | WLAN     | 8002   | Error       | 无线连接失败 [原因: 特定的网络不可用。, RSSI: -55]
2026-09-09 01:17:43 | Watchdog | -      | WARN        | Link/WAN check failed (adapterUp=False gatewayOk=False wanOk=False) streak=6/6
2026-09-09 01:17:52 | WLAN     | 8000   | Information | 发起无线网络连接 (Association started)
2026-09-09 01:17:52 | WLAN     | 11000  | Information | 无线网络关联开始
2026-09-09 01:17:52 | WLAN     | 11001  | Information | 无线网络关联成功
2026-09-09 01:17:52 | WLAN     | 11010  | Information | 无线安全开始 (Security started)
2026-09-09 01:17:52 | WLAN     | 11005  | Information | 无线安全握手成功 (Security succeeded)
2026-09-09 01:17:52 | WLAN     | 8001   | Information | 成功连接到无线网络 (Connected)
2026-09-09 01:18:05 | Watchdog | -      | WARN        | Direct WAN is fine and proxy port is open, but a real request THROUGH the proxy failed. Active node is dead (cached delay is stale-good). Forcing a re-test/switch on all groups.
2026-09-09 01:18:05 | Watchdog | -      | DIAG        | 4 proxy group(s) need a node switch: 故障转移, 🇪🇺欧洲自动选择, 🇺🇸美国自动选择, 🌍自动选择. Re-testing and switching, not touching the NIC or restarting processes.
2026-09-09 01:18:08 | WLAN     | 11004  | Information | 无线安全已停止 (Security stopped)
2026-09-09 01:18:11 | WLAN     | 11010  | Information | 无线安全开始 (Security started)
2026-09-09 01:18:11 | WLAN     | 11005  | Information | 无线安全握手成功 (Security succeeded)
2026-09-09 01:18:24 | System   | 4003   | Warning     | [Microsoft-Windows-WLAN-AutoConfig] WLAN AutoConfig detected limited connectivity, attempting automatic recovery.
2026-09-09 01:18:24 | Power    | 172    | Information | 现代待机连通性状态变更: Connected (Kernel-Power 172)
2026-09-09 01:18:24 | WLAN     | 11004  | Information | 无线安全已停止 (Security stopped)
2026-09-09 01:18:24 | WLAN     | 8003   | Information | 无线网络被断开 [原因: 网络被驱动程序断开连接。]
2026-09-09 01:18:25 | System   | 8001   | Information | MT7922 无线驱动底层事件 (ID: 8001)
2026-09-09 01:18:25 | System   | 8000   | Information | MT7922 无线驱动底层事件 (ID: 8000)
2026-09-09 01:18:31 | Watchdog | -      | WARN        | Link/WAN check failed (adapterUp=False gatewayOk=False wanOk=False) streak=1/6
2026-09-09 01:18:32 | Power    | 172    | Information | 现代待机连通性状态变更: Connected (Kernel-Power 172)
2026-09-09 01:18:46 | Watchdog | -      | WARN        | Link/WAN check failed (adapterUp=False gatewayOk=False wanOk=False) streak=1/6
2026-09-09 01:18:52 | WLAN     | 8000   | Information | 发起无线网络连接 (Association started)
2026-09-09 01:18:52 | WLAN     | 11000  | Information | 无线网络关联开始
2026-09-09 01:18:52 | WLAN     | 11001  | Information | 无线网络关联成功
2026-09-09 01:18:52 | WLAN     | 11010  | Information | 无线安全开始 (Security started)
2026-09-09 01:18:52 | WLAN     | 11005  | Information | 无线安全握手成功 (Security succeeded)
2026-09-09 01:18:53 | WLAN     | 8001   | Information | 成功连接到无线网络 (Connected)
2026-09-09 01:47:26 | Watchdog | -      | WARN        | Direct WAN is fine and proxy port is open, but a real request THROUGH the proxy failed. Active node is dead (cached delay is stale-good). Forcing a re-test/switch on all groups.
2026-09-09 01:47:26 | Watchdog | -      | DIAG        | 4 proxy group(s) need a node switch: 故障转移, 🇪🇺欧洲自动选择, 🇺🇸美国自动选择, 🌍自动选择. Re-testing and switching, not touching the NIC or restarting processes.
2026-09-09 01:47:31 | Watchdog | -      | ACTION      | Re-tested auto-select group '[ProxyNode]; best member now '[ProxyNode] (166ms)
2026-09-09 01:47:34 | Watchdog | -      | ACTION      | Re-tested auto-select group '[ProxyNode]; best member now '[ProxyNode] (223ms)
2026-09-09 01:47:35 | Watchdog | -      | ACTION      | Re-tested auto-select group '[ProxyNode]; best member now '[ProxyNode] (222ms)
2026-09-09 01:47:40 | Watchdog | -      | ACTION      | Re-tested auto-select group '[ProxyNode]; best member now '[ProxyNode] (197ms)
2026-09-09 02:17:27 | Watchdog | -      | WARN        | Direct WAN is fine and proxy port is open, but a real request THROUGH the proxy failed. Active node is dead (cached delay is stale-good). Forcing a re-test/switch on all groups.
2026-09-09 02:17:27 | Watchdog | -      | DIAG        | 4 proxy group(s) need a node switch: 故障转移, 🇪🇺欧洲自动选择, 🇺🇸美国自动选择, 🌍自动选择. Re-testing and switching, not touching the NIC or restarting processes.
2026-09-09 02:17:32 | Watchdog | -      | ACTION      | Re-tested auto-select group '[ProxyNode]; best member now '[ProxyNode] (169ms)
2026-09-09 02:17:33 | Watchdog | -      | ACTION      | Re-tested auto-select group '[ProxyNode]; best member now '[ProxyNode] (214ms)
2026-09-09 02:17:34 | Watchdog | -      | ACTION      | Re-tested auto-select group '[ProxyNode]; best member now '[ProxyNode] (212ms)
2026-09-09 02:17:39 | Watchdog | -      | ACTION      | Re-tested auto-select group '[ProxyNode]; best member now '[ProxyNode] (195ms)
2026-09-09 03:26:16 | System   | 7040   | Information | 服务启动类型变更: The start type of the Background Intelligent Transfer Service service was changed from 按需启动 to 自动启动.
2026-09-09 03:40:33 | Watchdog | -      | DIAG        | 1 proxy group(s) need a node switch: 故障转移. Re-testing and switching, not touching the NIC or restarting processes.
2026-09-09 03:40:38 | Watchdog | -      | ACTION      | Re-tested auto-select group '[ProxyNode]; best member now '[ProxyNode] (160ms)
2026-09-09 03:41:55 | Watchdog | -      | DIAG        | 1 proxy group(s) need a node switch: 故障转移. Re-testing and switching, not touching the NIC or restarting processes.
2026-09-09 03:42:00 | Watchdog | -      | ACTION      | Re-tested auto-select group '[ProxyNode]; best member now '[ProxyNode] (168ms)
2026-09-09 03:45:29 | System   | 7040   | Information | 服务启动类型变更: The start type of the Background Intelligent Transfer Service service was changed from 自动启动 to 按需启动.
2026-09-09 03:51:27 | Watchdog | -      | ACTION      | Restarting proxy stack (verge-mihomo / ProxyBridge / clash-verge)
2026-09-09 03:51:27 | Watchdog | -      | DIAG        | WAN is fine but local proxy mixed-port is not accepting connections. Restarting proxy stack.
2026-09-09 04:17:20 | System   | 7040   | Information | 服务启动类型变更: The start type of the Background Intelligent Transfer Service service was changed from 按需启动 to 自动启动.
2026-09-09 04:17:25 | Watchdog | -      | WARN        | Direct WAN is fine and proxy port is open, but a real request THROUGH the proxy failed. Active node is dead (cached delay is stale-good). Forcing a re-test/switch on all groups.
2026-09-09 04:17:25 | Watchdog | -      | DIAG        | 1 proxy group(s) need a node switch: Fineproxy-自动选择. Re-testing and switching, not touching the NIC or restarting processes.
2026-09-09 04:17:30 | Watchdog | -      | ACTION      | Re-tested auto-select group '[ProxyNode]; best member now '[ProxyNode] (234ms)
2026-09-09 04:25:38 | Watchdog | -      | WARN        | WAN reachable but DNS resolution failing. Flushing DNS.
2026-09-09 04:25:38 | Watchdog | -      | ACTION      | Flushing DNS cache (ipconfig /flushdns)
2026-09-09 04:26:12 | WLAN     | 11004  | Information | 无线安全已停止 (Security stopped)
2026-09-09 04:26:14 | Watchdog | -      | WARN        | Link/WAN check failed (adapterUp=True gatewayOk=False wanOk=False) streak=1/6
2026-09-09 04:26:14 | Watchdog | -      | DIAG        | All 4 WAN targets unreachable: 223.5.5.5:53, 119.29.29.29:53, 114.114.114.114:53, www.baidu.com:443
2026-09-09 04:26:14 | WLAN     | 11010  | Information | 无线安全开始 (Security started)
2026-09-09 04:26:14 | WLAN     | 11005  | Information | 无线安全握手成功 (Security succeeded)
2026-09-09 04:27:30 | System   | 7040   | Information | 服务启动类型变更: The start type of the Background Intelligent Transfer Service service was changed from 自动启动 to 按需启动.
2026-09-09 04:28:16 | Watchdog | -      | WARN        | Direct WAN is fine and proxy port is open, but a real request THROUGH the proxy failed. Active node is dead (cached delay is stale-good). Forcing a re-test/switch on all groups.
2026-09-09 04:28:17 | Watchdog | -      | DIAG        | 2 proxy group(s) need a node switch: Fineproxy-自动选择, 🇧🇩 孟加拉国-自动选择. Re-testing and switching, not touching the NIC or restarting processes.
2026-09-09 04:28:22 | Watchdog | -      | ACTION      | Re-tested auto-select group '[ProxyNode]; best member now '[ProxyNode] (203ms)
2026-09-09 04:28:27 | Watchdog | -      | ACTION      | Re-tested auto-select group '[ProxyNode]; best member now '[ProxyNode] (300ms)
2026-09-09 04:29:00 | Watchdog | -      | WARN        | Direct WAN is fine and proxy port is open, but a real request THROUGH the proxy failed. Active node is dead (cached delay is stale-good). Forcing a re-test/switch on all groups.
2026-09-09 04:29:00 | Watchdog | -      | DIAG        | 2 proxy group(s) need a node switch: 🇧🇩 孟加拉国-自动选择, Fineproxy-自动选择. Re-testing and switching, not touching the NIC or restarting processes.
2026-09-09 04:29:05 | Watchdog | -      | ACTION      | Re-tested auto-select group '[ProxyNode]; best member now '[ProxyNode] (293ms)
2026-09-09 04:29:10 | Watchdog | -      | ACTION      | Re-tested auto-select group '[ProxyNode]; best member now '[ProxyNode] (204ms)
2026-09-09 04:29:31 | Watchdog | -      | WARN        | Direct WAN is fine and proxy port is open, but a real request THROUGH the proxy failed. Active node is dead (cached delay is stale-good). Forcing a re-test/switch on all groups.
2026-09-09 04:29:31 | Watchdog | -      | DIAG        | 2 proxy group(s) need a node switch: Fineproxy-自动选择, 🇧🇩 孟加拉国-自动选择. Re-testing and switching, not touching the NIC or restarting processes.
2026-09-09 04:29:36 | Watchdog | -      | ACTION      | Re-tested auto-select group '[ProxyNode]; best member now '[ProxyNode] (206ms)
2026-09-09 04:29:41 | Watchdog | -      | ERROR       | Repair-MihomoGroup('🇧🇩 孟加拉国-自动选择') failed: 远程服务器返回错误: (504) 网关超时。
2026-09-09 04:30:01 | Watchdog | -      | DIAG        | 2 proxy group(s) need a node switch: 🇧🇩 孟加拉国-自动选择, Fineproxy-自动选择. Re-testing and switching, not touching the NIC or restarting processes.
2026-09-09 04:30:01 | Watchdog | -      | WARN        | Direct WAN is fine and proxy port is open, but a real request THROUGH the proxy failed. Active node is dead (cached delay is stale-good). Forcing a re-test/switch on all groups.
2026-09-09 04:30:07 | Watchdog | -      | ACTION      | Re-tested auto-select group '[ProxyNode]; best member now '[ProxyNode] (294ms)
2026-09-09 04:30:08 | System   | 7040   | Information | 服务启动类型变更: The start type of the Background Intelligent Transfer Service service was changed from 按需启动 to 自动启动.
2026-09-09 04:30:12 | Watchdog | -      | ERROR       | Repair-MihomoGroup('Fineproxy-自动选择') failed: 远程服务器返回错误: (504) 网关超时。
2026-09-09 04:30:32 | Watchdog | -      | DIAG        | 2 proxy group(s) need a node switch: Fineproxy-自动选择, 🇧🇩 孟加拉国-自动选择. Re-testing and switching, not touching the NIC or restarting processes.
2026-09-09 04:30:32 | Watchdog | -      | WARN        | Direct WAN is fine and proxy port is open, but a real request THROUGH the proxy failed. Active node is dead (cached delay is stale-good). Forcing a re-test/switch on all groups.
2026-09-09 04:30:37 | Watchdog | -      | ERROR       | Repair-MihomoGroup('Fineproxy-自动选择') failed: 远程服务器返回错误: (504) 网关超时。
2026-09-09 04:30:42 | Watchdog | -      | ERROR       | Repair-MihomoGroup('🇧🇩 孟加拉国-自动选择') failed: 远程服务器返回错误: (504) 网关超时。
2026-09-09 04:31:02 | Watchdog | -      | DIAG        | 2 proxy group(s) need a node switch: Fineproxy-自动选择, 🇧🇩 孟加拉国-自动选择. Re-testing and switching, not touching the NIC or restarting processes.
2026-09-09 04:31:02 | Watchdog | -      | WARN        | Direct WAN is fine and proxy port is open, but a real request THROUGH the proxy failed. Active node is dead (cached delay is stale-good). Forcing a re-test/switch on all groups.
2026-09-09 04:31:07 | Watchdog | -      | ERROR       | Repair-MihomoGroup('Fineproxy-自动选择') failed: 远程服务器返回错误: (504) 网关超时。
2026-09-09 04:31:12 | Watchdog | -      | ACTION      | Re-tested auto-select group '[ProxyNode]; best member now '[ProxyNode] (285ms)
2026-09-09 04:31:33 | Watchdog | -      | DIAG        | 2 proxy group(s) need a node switch: Fineproxy-自动选择, 🇧🇩 孟加拉国-自动选择. Re-testing and switching, not touching the NIC or restarting processes.
2026-09-09 04:31:33 | Watchdog | -      | WARN        | Direct WAN is fine and proxy port is open, but a real request THROUGH the proxy failed. Active node is dead (cached delay is stale-good). Forcing a re-test/switch on all groups.
2026-09-09 04:31:38 | Watchdog | -      | ERROR       | Repair-MihomoGroup('Fineproxy-自动选择') failed: 远程服务器返回错误: (504) 网关超时。
2026-09-09 04:31:43 | Watchdog | -      | ACTION      | Re-tested auto-select group '[ProxyNode]; best member now '[ProxyNode] (300ms)
2026-09-09 04:32:04 | Watchdog | -      | DIAG        | 2 proxy group(s) need a node switch: Fineproxy-自动选择, 🇧🇩 孟加拉国-自动选择. Re-testing and switching, not touching the NIC or restarting processes.
2026-09-09 04:32:04 | Watchdog | -      | WARN        | Direct WAN is fine and proxy port is open, but a real request THROUGH the proxy failed. Active node is dead (cached delay is stale-good). Forcing a re-test/switch on all groups.
2026-09-09 04:32:09 | Watchdog | -      | ERROR       | Repair-MihomoGroup('Fineproxy-自动选择') failed: 远程服务器返回错误: (504) 网关超时。
2026-09-09 04:32:14 | Watchdog | -      | ERROR       | Repair-MihomoGroup('🇧🇩 孟加拉国-自动选择') failed: 远程服务器返回错误: (504) 网关超时。
2026-09-09 04:32:35 | Watchdog | -      | WARN        | Direct WAN is fine and proxy port is open, but a real request THROUGH the proxy failed. Active node is dead (cached delay is stale-good). Forcing a re-test/switch on all groups.
2026-09-09 04:32:36 | Watchdog | -      | DIAG        | 2 proxy group(s) need a node switch: Fineproxy-自动选择, 🇧🇩 孟加拉国-自动选择. Re-testing and switching, not touching the NIC or restarting processes.
2026-09-09 04:32:41 | Watchdog | -      | ERROR       | Repair-MihomoGroup('Fineproxy-自动选择') failed: 远程服务器返回错误: (504) 网关超时。
2026-09-09 04:32:46 | Watchdog | -      | ERROR       | Repair-MihomoGroup('🇧🇩 孟加拉国-自动选择') failed: 远程服务器返回错误: (504) 网关超时。
2026-09-09 04:33:41 | System   | 7040   | Information | 服务启动类型变更: The start type of the Background Intelligent Transfer Service service was changed from 自动启动 to 按需启动.
2026-09-09 04:33:48 | Watchdog | -      | DIAG        | 1 proxy group(s) need a node switch: Fineproxy-自动选择. Re-testing and switching, not touching the NIC or restarting processes.
2026-09-09 04:33:53 | Watchdog | -      | ERROR       | Repair-MihomoGroup('Fineproxy-自动选择') failed: 远程服务器返回错误: (504) 网关超时。
2026-09-09 04:34:45 | Watchdog | -      | WARN        | Direct WAN is fine and proxy port is open, but a real request THROUGH the proxy failed. Active node is dead (cached delay is stale-good). Forcing a re-test/switch on all groups.
2026-09-09 04:34:45 | Watchdog | -      | DIAG        | 2 proxy group(s) need a node switch: Fineproxy-自动选择, 🇧🇩 孟加拉国-自动选择. Re-testing and switching, not touching the NIC or restarting processes.
2026-09-09 04:34:50 | Watchdog | -      | ERROR       | Repair-MihomoGroup('Fineproxy-自动选择') failed: 远程服务器返回错误: (504) 网关超时。
2026-09-09 04:34:55 | Watchdog | -      | ACTION      | Re-tested auto-select group '[ProxyNode]; best member now '[ProxyNode] (284ms)
2026-09-09 04:35:10 | Watchdog | -      | WARN        | Direct WAN is fine and proxy port is open, but a real request THROUGH the proxy failed. Active node is dead (cached delay is stale-good). Forcing a re-test/switch on all groups.
2026-09-09 04:35:10 | Watchdog | -      | DIAG        | 2 proxy group(s) need a node switch: Fineproxy-自动选择, 🇧🇩 孟加拉国-自动选择. Re-testing and switching, not touching the NIC or restarting processes.
2026-09-09 04:35:11 | Watchdog | -      | ERROR       | Repair-MihomoGroup('Fineproxy-自动选择') failed: 远程服务器返回错误: (504) 网关超时。
2026-09-09 04:35:16 | Watchdog | -      | ACTION      | Re-tested auto-select group '[ProxyNode]; best member now '[ProxyNode] (319ms)
2026-09-09 04:36:04 | Watchdog | -      | DIAG        | WAN is fine but local proxy mixed-port is not accepting connections. Restarting proxy stack.
2026-09-09 04:36:04 | Watchdog | -      | ACTION      | Restarting proxy stack (verge-mihomo / ProxyBridge / clash-verge)
2026-09-09 04:36:21 | Watchdog | -      | DIAG        | 1 proxy group(s) need a node switch: Fineproxy-自动选择. Re-testing and switching, not touching the NIC or restarting processes.
2026-09-09 04:36:26 | Watchdog | -      | ERROR       | Repair-MihomoGroup('Fineproxy-自动选择') failed: 远程服务器返回错误: (504) 网关超时。
2026-09-09 04:37:32 | Watchdog | -      | DIAG        | 1 proxy group(s) need a node switch: Fineproxy-自动选择. Re-testing and switching, not touching the NIC or restarting processes.
2026-09-09 04:37:37 | Watchdog | -      | ERROR       | Repair-MihomoGroup('Fineproxy-自动选择') failed: 远程服务器返回错误: (504) 网关超时。
2026-09-09 04:52:44 | Watchdog | -      | DIAG        | WAN is fine but local proxy mixed-port is not accepting connections. Restarting proxy stack.
2026-09-09 04:52:44 | Watchdog | -      | ACTION      | Restarting proxy stack (verge-mihomo / ProxyBridge / clash-verge)
2026-09-09 04:57:29 | Watchdog | -      | DIAG        | 1 proxy group(s) need a node switch: 故障转移. Re-testing and switching, not touching the NIC or restarting processes.
2026-09-09 04:57:34 | Watchdog | -      | ACTION      | Re-tested auto-select group '[ProxyNode]; best member now '[ProxyNode] (206ms)
2026-09-09 09:18:20 | Watchdog | -      | WARN        | Direct WAN is fine and proxy port is open, but a real request THROUGH the proxy failed. Active node is dead (cached delay is stale-good). Forcing a re-test/switch on all groups.
2026-09-09 09:18:20 | Watchdog | -      | DIAG        | 4 proxy group(s) need a node switch: 故障转移, 🇪🇺欧洲自动选择, 🇺🇸美国自动选择, 🌍自动选择. Re-testing and switching, not touching the NIC or restarting processes.
2026-09-09 09:18:25 | Watchdog | -      | ACTION      | Re-tested auto-select group '[ProxyNode]; best member now '[ProxyNode] (170ms)
2026-09-09 09:18:26 | Watchdog | -      | ACTION      | Re-tested auto-select group '[ProxyNode]; best member now '[ProxyNode] (223ms)
2026-09-09 09:18:27 | Watchdog | -      | ACTION      | Re-tested auto-select group '[ProxyNode]; best member now '[ProxyNode] (173ms)
2026-09-09 09:18:32 | Watchdog | -      | ACTION      | Re-tested auto-select group '[ProxyNode]; best member now '[ProxyNode] (171ms)
2026-09-09 09:34:01 | System   | 7040   | Information | 服务启动类型变更: The start type of the Background Intelligent Transfer Service service was changed from 按需启动 to 自动启动.
2026-09-09 09:39:18 | Watchdog | -      | WARN        | Direct WAN is fine and proxy port is open, but a real request THROUGH the proxy failed. Active node is dead (cached delay is stale-good). Forcing a re-test/switch on all groups.
2026-09-09 09:39:18 | Watchdog | -      | DIAG        | 4 proxy group(s) need a node switch: 故障转移, 🇪🇺欧洲自动选择, 🇺🇸美国自动选择, 🌍自动选择. Re-testing and switching, not touching the NIC or restarting processes.
2026-09-09 09:39:23 | Watchdog | -      | ACTION      | Re-tested auto-select group '[ProxyNode]; best member now '[ProxyNode] (163ms)
2026-09-09 09:39:25 | Watchdog | -      | ACTION      | Re-tested auto-select group '[ProxyNode]; best member now '[ProxyNode] (208ms)
2026-09-09 09:39:26 | Watchdog | -      | ACTION      | Re-tested auto-select group '[ProxyNode]; best member now '[ProxyNode] (165ms)
2026-09-09 09:39:31 | Watchdog | -      | ACTION      | Re-tested auto-select group '[ProxyNode]; best member now '[ProxyNode] (171ms)
2026-09-09 09:42:31 | Watchdog | -      | DIAG        | 4 proxy group(s) need a node switch: 故障转移, 🇪🇺欧洲自动选择, 🇺🇸美国自动选择, 🌍自动选择. Re-testing and switching, not touching the NIC or restarting processes.
2026-09-09 09:42:31 | Watchdog | -      | WARN        | Direct WAN is fine and proxy port is open, but a real request THROUGH the proxy failed. Active node is dead (cached delay is stale-good). Forcing a re-test/switch on all groups.
2026-09-09 09:42:36 | Watchdog | -      | ACTION      | Re-tested auto-select group '[ProxyNode]; best member now '[ProxyNode] (204ms)
2026-09-09 09:42:37 | Watchdog | -      | ACTION      | Re-tested auto-select group '[ProxyNode]; best member now '[ProxyNode] (210ms)
2026-09-09 09:42:38 | Watchdog | -      | ACTION      | Re-tested auto-select group '[ProxyNode]; best member now '[ProxyNode] (176ms)
2026-09-09 09:42:43 | Watchdog | -      | ACTION      | Re-tested auto-select group '[ProxyNode]; best member now '[ProxyNode] (210ms)
2026-09-09 09:44:55 | System   | 7040   | Information | 服务启动类型变更: The start type of the Background Intelligent Transfer Service service was changed from 自动启动 to 按需启动.
2026-09-09 09:51:40 | Watchdog | -      | DIAG        | 4 proxy group(s) need a node switch: 故障转移, 🇪🇺欧洲自动选择, 🇺🇸美国自动选择, 🌍自动选择. Re-testing and switching, not touching the NIC or restarting processes.
2026-09-09 09:51:40 | Watchdog | -      | WARN        | Direct WAN is fine and proxy port is open, but a real request THROUGH the proxy failed. Active node is dead (cached delay is stale-good). Forcing a re-test/switch on all groups.
2026-09-09 09:51:45 | Watchdog | -      | ACTION      | Re-tested auto-select group '[ProxyNode]; best member now '[ProxyNode] (205ms)
2026-09-09 09:51:51 | Watchdog | -      | ERROR       | Repair-MihomoGroup('🇪🇺欧洲自动选择') failed: 远程服务器返回错误: (504) 网关超时。
2026-09-09 09:51:53 | Watchdog | -      | ACTION      | Re-tested auto-select group '[ProxyNode]; best member now '[ProxyNode] (204ms)
2026-09-09 09:51:58 | Watchdog | -      | ACTION      | Re-tested auto-select group '[ProxyNode]; best member now '[ProxyNode] (171ms)
2026-09-09 11:17:22 | System   | 7040   | Information | 服务启动类型变更: The start type of the Background Intelligent Transfer Service service was changed from 按需启动 to 自动启动.
2026-09-09 11:33:14 | Watchdog | -      | DIAG        | 2 proxy group(s) need a node switch: 故障转移, 自动选择. Re-testing and switching, not touching the NIC or restarting processes.
2026-09-09 11:33:14 | Watchdog | -      | WARN        | Direct WAN is fine and proxy port is open, but a real request THROUGH the proxy failed. Active node is dead (cached delay is stale-good). Forcing a re-test/switch on all groups.
2026-09-09 11:33:19 | Watchdog | -      | ACTION      | Re-tested auto-select group '[ProxyNode]; best member now '[ProxyNode] (81ms)
2026-09-09 11:33:24 | Watchdog | -      | ACTION      | Re-tested auto-select group '[ProxyNode]; best member now '[ProxyNode] (91ms)
2026-09-09 11:33:42 | Watchdog | -      | DIAG        | 2 proxy group(s) need a node switch: 故障转移, 自动选择. Re-testing and switching, not touching the NIC or restarting processes.
2026-09-09 11:33:42 | Watchdog | -      | WARN        | Direct WAN is fine and proxy port is open, but a real request THROUGH the proxy failed. Active node is dead (cached delay is stale-good). Forcing a re-test/switch on all groups.
2026-09-09 11:33:48 | Watchdog | -      | ACTION      | Re-tested auto-select group '[ProxyNode]; best member now '[ProxyNode] (64ms)
2026-09-09 11:33:53 | Watchdog | -      | ACTION      | Re-tested auto-select group '[ProxyNode]; best member now '[ProxyNode] (58ms)
2026-09-09 11:36:33 | Watchdog | -      | DIAG        | 2 proxy group(s) need a node switch: 故障转移, 自动选择. Re-testing and switching, not touching the NIC or restarting processes.
2026-09-09 11:36:33 | Watchdog | -      | WARN        | Direct WAN is fine and proxy port is open, but a real request THROUGH the proxy failed. Active node is dead (cached delay is stale-good). Forcing a re-test/switch on all groups.
2026-09-09 11:36:38 | Watchdog | -      | ACTION      | Re-tested auto-select group '[ProxyNode]; best member now '[ProxyNode] (81ms)
2026-09-09 11:36:43 | Watchdog | -      | ACTION      | Re-tested auto-select group '[ProxyNode]; best member now '[ProxyNode] (58ms)
2026-09-09 11:38:20 | Watchdog | -      | DIAG        | 2 proxy group(s) need a node switch: 故障转移, 自动选择. Re-testing and switching, not touching the NIC or restarting processes.
2026-09-09 11:38:20 | Watchdog | -      | WARN        | Direct WAN is fine and proxy port is open, but a real request THROUGH the proxy failed. Active node is dead (cached delay is stale-good). Forcing a re-test/switch on all groups.
2026-09-09 11:38:25 | Watchdog | -      | ACTION      | Re-tested auto-select group '[ProxyNode]; best member now '[ProxyNode] (84ms)
2026-09-09 11:38:30 | Watchdog | -      | ACTION      | Re-tested auto-select group '[ProxyNode]; best member now '[ProxyNode] (70ms)
2026-09-09 11:39:21 | Watchdog | -      | DIAG        | 2 proxy group(s) need a node switch: 故障转移, 自动选择. Re-testing and switching, not touching the NIC or restarting processes.
2026-09-09 11:39:21 | Watchdog | -      | WARN        | Direct WAN is fine and proxy port is open, but a real request THROUGH the proxy failed. Active node is dead (cached delay is stale-good). Forcing a re-test/switch on all groups.
2026-09-09 11:39:26 | Watchdog | -      | ACTION      | Re-tested auto-select group '[ProxyNode]; best member now '[ProxyNode] (57ms)
2026-09-09 11:39:31 | Watchdog | -      | ACTION      | Re-tested auto-select group '[ProxyNode]; best member now '[ProxyNode] (84ms)
2026-09-09 11:41:25 | Watchdog | -      | DIAG        | 2 proxy group(s) need a node switch: 故障转移, 自动选择. Re-testing and switching, not touching the NIC or restarting processes.
2026-09-09 11:41:25 | Watchdog | -      | WARN        | Direct WAN is fine and proxy port is open, but a real request THROUGH the proxy failed. Active node is dead (cached delay is stale-good). Forcing a re-test/switch on all groups.
2026-09-09 11:41:30 | Watchdog | -      | ACTION      | Re-tested auto-select group '[ProxyNode]; best member now '[ProxyNode] (81ms)
2026-09-09 11:41:35 | Watchdog | -      | ACTION      | Re-tested auto-select group '[ProxyNode]; best member now '[ProxyNode] (146ms)
2026-09-09 11:44:03 | Watchdog | -      | DIAG        | 2 proxy group(s) need a node switch: 故障转移, 自动选择. Re-testing and switching, not touching the NIC or restarting processes.
2026-09-09 11:44:03 | Watchdog | -      | WARN        | Direct WAN is fine and proxy port is open, but a real request THROUGH the proxy failed. Active node is dead (cached delay is stale-good). Forcing a re-test/switch on all groups.
2026-09-09 11:44:08 | Watchdog | -      | ACTION      | Re-tested auto-select group '[ProxyNode]; best member now '[ProxyNode] (76ms)
2026-09-09 11:44:13 | Watchdog | -      | ACTION      | Re-tested auto-select group '[ProxyNode]; best member now '[ProxyNode] (65ms)
2026-09-09 11:47:12 | Watchdog | -      | DIAG        | 2 proxy group(s) need a node switch: 故障转移, 自动选择. Re-testing and switching, not touching the NIC or restarting processes.
2026-09-09 11:47:12 | Watchdog | -      | WARN        | Direct WAN is fine and proxy port is open, but a real request THROUGH the proxy failed. Active node is dead (cached delay is stale-good). Forcing a re-test/switch on all groups.
2026-09-09 11:47:17 | Watchdog | -      | ACTION      | Re-tested auto-select group '[ProxyNode]; best member now '[ProxyNode] (60ms)
2026-09-09 11:47:22 | Watchdog | -      | ACTION      | Re-tested auto-select group '[ProxyNode]; best member now '[ProxyNode] (83ms)
2026-09-09 11:56:40 | Watchdog | -      | WARN        | Direct WAN is fine and proxy port is open, but a real request THROUGH the proxy failed. Active node is dead (cached delay is stale-good). Forcing a re-test/switch on all groups.
2026-09-09 11:56:40 | Watchdog | -      | DIAG        | 2 proxy group(s) need a node switch: 故障转移, 自动选择. Re-testing and switching, not touching the NIC or restarting processes.
2026-09-09 11:56:45 | Watchdog | -      | ACTION      | Re-tested auto-select group '[ProxyNode]; best member now '[ProxyNode] (79ms)
2026-09-09 11:56:50 | Watchdog | -      | ERROR       | Repair-MihomoGroup('自动选择') failed: 远程服务器返回错误: (504) 网关超时。
2026-09-09 11:58:11 | Watchdog | -      | DIAG        | 2 proxy group(s) need a node switch: 故障转移, 自动选择. Re-testing and switching, not touching the NIC or restarting processes.
2026-09-09 11:58:11 | Watchdog | -      | WARN        | Direct WAN is fine and proxy port is open, but a real request THROUGH the proxy failed. Active node is dead (cached delay is stale-good). Forcing a re-test/switch on all groups.
2026-09-09 11:58:16 | Watchdog | -      | ACTION      | Re-tested auto-select group '[ProxyNode]; best member now '[ProxyNode] (83ms)
2026-09-09 11:58:21 | Watchdog | -      | ACTION      | Re-tested auto-select group '[ProxyNode]; best member now '[ProxyNode] (58ms)
2026-09-09 11:58:41 | Watchdog | -      | WARN        | Direct WAN is fine and proxy port is open, but a real request THROUGH the proxy failed. Active node is dead (cached delay is stale-good). Forcing a re-test/switch on all groups.
2026-09-09 11:58:41 | Watchdog | -      | DIAG        | 2 proxy group(s) need a node switch: 故障转移, 自动选择. Re-testing and switching, not touching the NIC or restarting processes.
2026-09-09 11:58:46 | Watchdog | -      | ACTION      | Re-tested auto-select group '[ProxyNode]; best member now '[ProxyNode] (63ms)
2026-09-09 11:58:51 | Watchdog | -      | ACTION      | Re-tested auto-select group '[ProxyNode]; best member now '[ProxyNode] (80ms)
2026-09-09 11:59:12 | Watchdog | -      | WARN        | Direct WAN is fine and proxy port is open, but a real request THROUGH the proxy failed. Active node is dead (cached delay is stale-good). Forcing a re-test/switch on all groups.
2026-09-09 11:59:12 | Watchdog | -      | DIAG        | 2 proxy group(s) need a node switch: 故障转移, 自动选择. Re-testing and switching, not touching the NIC or restarting processes.
2026-09-09 11:59:17 | Watchdog | -      | ACTION      | Re-tested auto-select group '[ProxyNode]; best member now '[ProxyNode] (76ms)
2026-09-09 11:59:22 | Watchdog | -      | ACTION      | Re-tested auto-select group '[ProxyNode]; best member now '[ProxyNode] (106ms)
2026-09-09 11:59:57 | Watchdog | -      | DIAG        | 2 proxy group(s) need a node switch: 故障转移, 自动选择. Re-testing and switching, not touching the NIC or restarting processes.
2026-09-09 11:59:57 | Watchdog | -      | WARN        | Direct WAN is fine and proxy port is open, but a real request THROUGH the proxy failed. Active node is dead (cached delay is stale-good). Forcing a re-test/switch on all groups.
2026-09-09 12:00:02 | Watchdog | -      | ACTION      | Re-tested auto-select group '[ProxyNode]; best member now '[ProxyNode] (50ms)
2026-09-09 12:00:07 | Watchdog | -      | ACTION      | Re-tested auto-select group '[ProxyNode]; best member now '[ProxyNode] (61ms)
2026-09-09 12:00:28 | Watchdog | -      | DIAG        | 2 proxy group(s) need a node switch: 故障转移, 自动选择. Re-testing and switching, not touching the NIC or restarting processes.
2026-09-09 12:00:28 | Watchdog | -      | WARN        | Direct WAN is fine and proxy port is open, but a real request THROUGH the proxy failed. Active node is dead (cached delay is stale-good). Forcing a re-test/switch on all groups.
2026-09-09 12:00:33 | Watchdog | -      | ACTION      | Re-tested auto-select group '[ProxyNode]; best member now '[ProxyNode] (67ms)
2026-09-09 12:00:38 | Watchdog | -      | ACTION      | Re-tested auto-select group '[ProxyNode]; best member now '[ProxyNode] (110ms)
2026-09-09 12:00:58 | Watchdog | -      | DIAG        | 2 proxy group(s) need a node switch: 故障转移, 自动选择. Re-testing and switching, not touching the NIC or restarting processes.
2026-09-09 12:00:58 | Watchdog | -      | WARN        | Direct WAN is fine and proxy port is open, but a real request THROUGH the proxy failed. Active node is dead (cached delay is stale-good). Forcing a re-test/switch on all groups.
2026-09-09 12:01:03 | Watchdog | -      | ACTION      | Re-tested auto-select group '[ProxyNode]; best member now '[ProxyNode] (76ms)
2026-09-09 12:01:08 | Watchdog | -      | ACTION      | Re-tested auto-select group '[ProxyNode]; best member now '[ProxyNode] (62ms)
2026-09-09 12:02:14 | Watchdog | -      | WARN        | Direct WAN is fine and proxy port is open, but a real request THROUGH the proxy failed. Active node is dead (cached delay is stale-good). Forcing a re-test/switch on all groups.
2026-09-09 12:02:15 | Watchdog | -      | DIAG        | 2 proxy group(s) need a node switch: 故障转移, 自动选择. Re-testing and switching, not touching the NIC or restarting processes.
2026-09-09 12:02:20 | Watchdog | -      | ACTION      | Re-tested auto-select group '[ProxyNode]; best member now '[ProxyNode] (56ms)
2026-09-09 12:02:25 | Watchdog | -      | ACTION      | Re-tested auto-select group '[ProxyNode]; best member now '[ProxyNode] (72ms)
2026-09-09 12:02:43 | Watchdog | -      | DIAG        | 2 proxy group(s) need a node switch: 故障转移, 自动选择. Re-testing and switching, not touching the NIC or restarting processes.
2026-09-09 12:02:43 | Watchdog | -      | WARN        | Direct WAN is fine and proxy port is open, but a real request THROUGH the proxy failed. Active node is dead (cached delay is stale-good). Forcing a re-test/switch on all groups.
2026-09-09 12:02:48 | Watchdog | -      | ACTION      | Re-tested auto-select group '[ProxyNode]; best member now '[ProxyNode] (51ms)
2026-09-09 12:02:53 | Watchdog | -      | ACTION      | Re-tested auto-select group '[ProxyNode]; best member now '[ProxyNode] (78ms)
2026-09-09 12:04:50 | Watchdog | -      | DIAG        | 2 proxy group(s) need a node switch: 故障转移, 自动选择. Re-testing and switching, not touching the NIC or restarting processes.
2026-09-09 12:04:50 | Watchdog | -      | WARN        | Direct WAN is fine and proxy port is open, but a real request THROUGH the proxy failed. Active node is dead (cached delay is stale-good). Forcing a re-test/switch on all groups.
2026-09-09 12:04:55 | Watchdog | -      | ACTION      | Re-tested auto-select group '[ProxyNode]; best member now '[ProxyNode] (58ms)
2026-09-09 12:05:00 | Watchdog | -      | ACTION      | Re-tested auto-select group '[ProxyNode]; best member now '[ProxyNode] (67ms)
2026-09-09 12:05:20 | Watchdog | -      | DIAG        | 2 proxy group(s) need a node switch: 故障转移, 自动选择. Re-testing and switching, not touching the NIC or restarting processes.
2026-09-09 12:05:20 | Watchdog | -      | WARN        | Direct WAN is fine and proxy port is open, but a real request THROUGH the proxy failed. Active node is dead (cached delay is stale-good). Forcing a re-test/switch on all groups.
2026-09-09 12:05:25 | Watchdog | -      | ACTION      | Re-tested auto-select group '[ProxyNode]; best member now '[ProxyNode] (59ms)
2026-09-09 12:05:30 | Watchdog | -      | ACTION      | Re-tested auto-select group '[ProxyNode]; best member now '[ProxyNode] (49ms)
2026-09-09 12:05:50 | Watchdog | -      | DIAG        | 2 proxy group(s) need a node switch: 故障转移, 自动选择. Re-testing and switching, not touching the NIC or restarting processes.
2026-09-09 12:05:50 | Watchdog | -      | WARN        | Direct WAN is fine and proxy port is open, but a real request THROUGH the proxy failed. Active node is dead (cached delay is stale-good). Forcing a re-test/switch on all groups.
2026-09-09 12:05:56 | Watchdog | -      | ACTION      | Re-tested auto-select group '[ProxyNode]; best member now '[ProxyNode] (45ms)
2026-09-09 12:06:01 | Watchdog | -      | ACTION      | Re-tested auto-select group '[ProxyNode]; best member now '[ProxyNode] (91ms)
2026-09-09 12:06:56 | Watchdog | -      | DIAG        | 2 proxy group(s) need a node switch: 故障转移, 自动选择. Re-testing and switching, not touching the NIC or restarting processes.
2026-09-09 12:06:56 | Watchdog | -      | WARN        | Direct WAN is fine and proxy port is open, but a real request THROUGH the proxy failed. Active node is dead (cached delay is stale-good). Forcing a re-test/switch on all groups.
2026-09-09 12:07:01 | Watchdog | -      | ACTION      | Re-tested auto-select group '[ProxyNode]; best member now '[ProxyNode] (61ms)
2026-09-09 12:07:06 | Watchdog | -      | ACTION      | Re-tested auto-select group '[ProxyNode]; best member now '[ProxyNode] (55ms)
2026-09-09 12:07:26 | Watchdog | -      | WARN        | Direct WAN is fine and proxy port is open, but a real request THROUGH the proxy failed. Active node is dead (cached delay is stale-good). Forcing a re-test/switch on all groups.
2026-09-09 12:07:26 | Watchdog | -      | DIAG        | 2 proxy group(s) need a node switch: 故障转移, 自动选择. Re-testing and switching, not touching the NIC or restarting processes.
2026-09-09 12:07:31 | Watchdog | -      | ACTION      | Re-tested auto-select group '[ProxyNode]; best member now '[ProxyNode] (53ms)
2026-09-09 12:07:36 | Watchdog | -      | ACTION      | Re-tested auto-select group '[ProxyNode]; best member now '[ProxyNode] (60ms)
2026-09-09 12:08:12 | Watchdog | -      | DIAG        | 2 proxy group(s) need a node switch: 故障转移, 自动选择. Re-testing and switching, not touching the NIC or restarting processes.
2026-09-09 12:08:12 | Watchdog | -      | WARN        | Direct WAN is fine and proxy port is open, but a real request THROUGH the proxy failed. Active node is dead (cached delay is stale-good). Forcing a re-test/switch on all groups.
2026-09-09 12:08:17 | Watchdog | -      | ACTION      | Re-tested auto-select group '[ProxyNode]; best member now '[ProxyNode] (50ms)
2026-09-09 12:08:22 | Watchdog | -      | ACTION      | Re-tested auto-select group '[ProxyNode]; best member now '[ProxyNode] (57ms)
2026-09-09 12:08:43 | Watchdog | -      | DIAG        | 2 proxy group(s) need a node switch: 故障转移, 自动选择. Re-testing and switching, not touching the NIC or restarting processes.
2026-09-09 12:08:43 | Watchdog | -      | WARN        | Direct WAN is fine and proxy port is open, but a real request THROUGH the proxy failed. Active node is dead (cached delay is stale-good). Forcing a re-test/switch on all groups.
2026-09-09 12:08:48 | Watchdog | -      | ACTION      | Re-tested auto-select group '[ProxyNode]; best member now '[ProxyNode] (78ms)
2026-09-09 12:08:53 | Watchdog | -      | ACTION      | Re-tested auto-select group '[ProxyNode]; best member now '[ProxyNode] (48ms)
2026-09-09 12:09:29 | Watchdog | -      | DIAG        | 2 proxy group(s) need a node switch: 故障转移, 自动选择. Re-testing and switching, not touching the NIC or restarting processes.
2026-09-09 12:09:29 | Watchdog | -      | WARN        | Direct WAN is fine and proxy port is open, but a real request THROUGH the proxy failed. Active node is dead (cached delay is stale-good). Forcing a re-test/switch on all groups.
2026-09-09 12:09:34 | Watchdog | -      | ACTION      | Re-tested auto-select group '[ProxyNode]; best member now '[ProxyNode] (76ms)
2026-09-09 12:09:39 | Watchdog | -      | ACTION      | Re-tested auto-select group '[ProxyNode]; best member now '[ProxyNode] (80ms)
2026-09-09 12:11:16 | Watchdog | -      | WARN        | Direct WAN is fine and proxy port is open, but a real request THROUGH the proxy failed. Active node is dead (cached delay is stale-good). Forcing a re-test/switch on all groups.
2026-09-09 12:11:16 | Watchdog | -      | DIAG        | 2 proxy group(s) need a node switch: 故障转移, 自动选择. Re-testing and switching, not touching the NIC or restarting processes.
2026-09-09 12:11:21 | Watchdog | -      | ACTION      | Re-tested auto-select group '[ProxyNode]; best member now '[ProxyNode] (73ms)
2026-09-09 12:11:26 | Watchdog | -      | ACTION      | Re-tested auto-select group '[ProxyNode]; best member now '[ProxyNode] (81ms)
2026-09-09 12:29:29 | Watchdog | -      | WARN        | Direct WAN is fine and proxy port is open, but a real request THROUGH the proxy failed. Active node is dead (cached delay is stale-good). Forcing a re-test/switch on all groups.
2026-09-09 12:29:29 | Watchdog | -      | DIAG        | 2 proxy group(s) need a node switch: 故障转移, 自动选择. Re-testing and switching, not touching the NIC or restarting processes.
2026-09-09 12:29:34 | Watchdog | -      | ACTION      | Re-tested auto-select group '[ProxyNode]; best member now '[ProxyNode] (76ms)
2026-09-09 12:29:39 | Watchdog | -      | ACTION      | Re-tested auto-select group '[ProxyNode]; best member now '[ProxyNode] (61ms)
2026-09-09 12:32:17 | Watchdog | -      | DIAG        | 2 proxy group(s) need a node switch: 故障转移, 自动选择. Re-testing and switching, not touching the NIC or restarting processes.
2026-09-09 12:32:17 | Watchdog | -      | WARN        | Direct WAN is fine and proxy port is open, but a real request THROUGH the proxy failed. Active node is dead (cached delay is stale-good). Forcing a re-test/switch on all groups.
2026-09-09 12:32:22 | Watchdog | -      | ERROR       | Repair-MihomoGroup('故障转移') failed: 远程服务器返回错误: (504) 网关超时。
2026-09-09 12:32:27 | Watchdog | -      | ACTION      | Re-tested auto-select group '[ProxyNode]; best member now '[ProxyNode] (90ms)
2026-09-09 12:53:38 | Watchdog | -      | WARN        | Direct WAN is fine and proxy port is open, but a real request THROUGH the proxy failed. Active node is dead (cached delay is stale-good). Forcing a re-test/switch on all groups.
2026-09-09 12:53:38 | Watchdog | -      | DIAG        | 4 proxy group(s) need a node switch: 故障转移, 🇪🇺欧洲自动选择, 🇺🇸美国自动选择, 🌍自动选择. Re-testing and switching, not touching the NIC or restarting processes.
2026-09-09 12:53:43 | Watchdog | -      | ACTION      | Re-tested auto-select group '[ProxyNode]; best member now '[ProxyNode] (180ms)
2026-09-09 12:53:44 | Watchdog | -      | ACTION      | Re-tested auto-select group '[ProxyNode]; best member now '[ProxyNode] (242ms)
2026-09-09 12:53:45 | Watchdog | -      | ACTION      | Re-tested auto-select group '[ProxyNode]; best member now '[ProxyNode] (170ms)
2026-09-09 12:53:50 | Watchdog | -      | ACTION      | Re-tested auto-select group '[ProxyNode]; best member now '[ProxyNode] (170ms)
2026-09-09 13:52:39 | WLAN     | 11004  | Information | 无线安全已停止 (Security stopped)
2026-09-09 13:52:42 | Watchdog | -      | WARN        | Link/WAN check failed (adapterUp=True gatewayOk=False wanOk=False) streak=1/6
2026-09-09 13:52:42 | Watchdog | -      | DIAG        | All 4 WAN targets unreachable: 223.5.5.5:53, 119.29.29.29:53, 114.114.114.114:53, www.baidu.com:443
2026-09-09 13:52:42 | WLAN     | 11010  | Information | 无线安全开始 (Security started)
2026-09-09 13:52:47 | WLAN     | 11006  | Error       | 动态密钥交换在配置的时间范围内未能成功
2026-09-09 13:52:47 | WLAN     | 11004  | Information | 无线安全已停止 (Security stopped)
2026-09-09 13:52:47 | WLAN     | 8003   | Information | 无线网络被断开 [原因: 网络被驱动程序断开连接。]
2026-09-09 13:52:57 | Watchdog | -      | WARN        | Link/WAN check failed (adapterUp=False gatewayOk=False wanOk=False) streak=2/6
2026-09-09 13:53:12 | Watchdog | -      | WARN        | Link/WAN check failed (adapterUp=False gatewayOk=False wanOk=False) streak=3/6
2026-09-09 13:53:27 | Watchdog | -      | WARN        | Link/WAN check failed (adapterUp=False gatewayOk=False wanOk=False) streak=4/6
2026-09-09 13:53:42 | Watchdog | -      | WARN        | Link/WAN check failed (adapterUp=False gatewayOk=False wanOk=False) streak=5/6
2026-09-09 13:53:57 | Watchdog | -      | ACTION      | Flushing DNS cache (ipconfig /flushdns)
2026-09-09 13:53:57 | Watchdog | -      | DIAG        | Sustained adapter-down or both-public-targets-unreachable. Escalating to adapter reconnect.
2026-09-09 13:53:57 | Watchdog | -      | WARN        | Link/WAN check failed (adapterUp=False gatewayOk=False wanOk=False) streak=6/6
2026-09-09 13:53:58 | Watchdog | -      | DIAG        | NIC reset requested but DISABLED by default (-AllowNicReset not set). Not touching the adapter. See script header.
2026-09-09 13:54:13 | Watchdog | -      | WARN        | Link/WAN check failed (adapterUp=False gatewayOk=False wanOk=False) streak=1/6
2026-09-09 13:54:28 | Watchdog | -      | WARN        | Link/WAN check failed (adapterUp=False gatewayOk=False wanOk=False) streak=2/6
2026-09-09 13:54:43 | Watchdog | -      | WARN        | Link/WAN check failed (adapterUp=False gatewayOk=False wanOk=False) streak=3/6
2026-09-09 13:54:58 | Watchdog | -      | WARN        | Link/WAN check failed (adapterUp=False gatewayOk=False wanOk=False) streak=4/6
2026-09-09 13:55:13 | Watchdog | -      | WARN        | Link/WAN check failed (adapterUp=False gatewayOk=False wanOk=False) streak=5/6
2026-09-09 13:55:28 | Watchdog | -      | WARN        | Link/WAN check failed (adapterUp=False gatewayOk=False wanOk=False) streak=6/6
2026-09-09 13:55:43 | Watchdog | -      | WARN        | Link/WAN check failed (adapterUp=False gatewayOk=False wanOk=False) streak=1/6
2026-09-09 13:55:59 | Watchdog | -      | WARN        | Link/WAN check failed (adapterUp=False gatewayOk=False wanOk=False) streak=2/6
2026-09-09 13:56:14 | Watchdog | -      | WARN        | Link/WAN check failed (adapterUp=False gatewayOk=False wanOk=False) streak=3/6
2026-09-09 13:56:29 | Watchdog | -      | WARN        | Link/WAN check failed (adapterUp=False gatewayOk=False wanOk=False) streak=4/6
2026-09-09 13:56:44 | Watchdog | -      | WARN        | Link/WAN check failed (adapterUp=False gatewayOk=False wanOk=False) streak=5/6
2026-09-09 13:56:59 | Watchdog | -      | WARN        | Link/WAN check failed (adapterUp=False gatewayOk=False wanOk=False) streak=6/6
2026-09-09 13:56:59 | Watchdog | -      | DIAG        | Sustained adapter-down or both-public-targets-unreachable. Escalating to adapter reconnect.
2026-09-09 13:56:59 | Watchdog | -      | DIAG        | NIC reset requested but DISABLED by default (-AllowNicReset not set). Not touching the adapter. See script header.
2026-09-09 13:56:59 | Watchdog | -      | ACTION      | Flushing DNS cache (ipconfig /flushdns)
2026-09-09 13:57:14 | Watchdog | -      | WARN        | Link/WAN check failed (adapterUp=False gatewayOk=False wanOk=False) streak=1/6
2026-09-09 13:57:29 | Watchdog | -      | WARN        | Link/WAN check failed (adapterUp=False gatewayOk=False wanOk=False) streak=2/6
2026-09-09 13:57:44 | Watchdog | -      | WARN        | Link/WAN check failed (adapterUp=False gatewayOk=False wanOk=False) streak=3/6
2026-09-09 13:58:00 | Watchdog | -      | WARN        | Link/WAN check failed (adapterUp=False gatewayOk=False wanOk=False) streak=4/6
2026-09-09 13:58:15 | Watchdog | -      | WARN        | Link/WAN check failed (adapterUp=False gatewayOk=False wanOk=False) streak=5/6
2026-09-09 13:58:30 | Watchdog | -      | WARN        | Link/WAN check failed (adapterUp=False gatewayOk=False wanOk=False) streak=6/6
2026-09-09 13:58:45 | Watchdog | -      | WARN        | Link/WAN check failed (adapterUp=False gatewayOk=False wanOk=False) streak=1/6
2026-09-09 13:59:00 | Watchdog | -      | WARN        | Link/WAN check failed (adapterUp=False gatewayOk=False wanOk=False) streak=2/6
2026-09-09 13:59:15 | Watchdog | -      | WARN        | Link/WAN check failed (adapterUp=False gatewayOk=False wanOk=False) streak=3/6
2026-09-09 13:59:30 | Watchdog | -      | WARN        | Link/WAN check failed (adapterUp=False gatewayOk=False wanOk=False) streak=4/6
2026-09-09 13:59:45 | Watchdog | -      | WARN        | Link/WAN check failed (adapterUp=False gatewayOk=False wanOk=False) streak=5/6
2026-09-09 14:00:01 | Watchdog | -      | DIAG        | NIC reset requested but DISABLED by default (-AllowNicReset not set). Not touching the adapter. See script header.
2026-09-09 14:00:01 | Watchdog | -      | ACTION      | Flushing DNS cache (ipconfig /flushdns)
2026-09-09 14:00:01 | Watchdog | -      | WARN        | Link/WAN check failed (adapterUp=False gatewayOk=False wanOk=False) streak=6/6
2026-09-09 14:00:01 | Watchdog | -      | DIAG        | Sustained adapter-down or both-public-targets-unreachable. Escalating to adapter reconnect.
2026-09-09 14:00:16 | Watchdog | -      | WARN        | Link/WAN check failed (adapterUp=False gatewayOk=False wanOk=False) streak=1/6
2026-09-09 14:00:31 | Watchdog | -      | WARN        | Link/WAN check failed (adapterUp=False gatewayOk=False wanOk=False) streak=2/6
2026-09-09 14:00:46 | Watchdog | -      | WARN        | Link/WAN check failed (adapterUp=False gatewayOk=False wanOk=False) streak=3/6
2026-09-09 14:01:01 | Watchdog | -      | WARN        | Link/WAN check failed (adapterUp=False gatewayOk=False wanOk=False) streak=4/6
2026-09-09 14:01:16 | Watchdog | -      | WARN        | Link/WAN check failed (adapterUp=False gatewayOk=False wanOk=False) streak=5/6
2026-09-09 14:01:31 | Watchdog | -      | WARN        | Link/WAN check failed (adapterUp=False gatewayOk=False wanOk=False) streak=6/6
2026-09-09 14:01:47 | Watchdog | -      | WARN        | Link/WAN check failed (adapterUp=False gatewayOk=False wanOk=False) streak=1/6
2026-09-09 14:02:02 | Watchdog | -      | WARN        | Link/WAN check failed (adapterUp=False gatewayOk=False wanOk=False) streak=2/6
2026-09-09 14:02:17 | Watchdog | -      | WARN        | Link/WAN check failed (adapterUp=False gatewayOk=False wanOk=False) streak=3/6
2026-09-09 14:02:32 | Watchdog | -      | WARN        | Link/WAN check failed (adapterUp=False gatewayOk=False wanOk=False) streak=4/6
2026-09-09 14:02:47 | Watchdog | -      | WARN        | Link/WAN check failed (adapterUp=False gatewayOk=False wanOk=False) streak=5/6
2026-09-09 14:03:02 | Watchdog | -      | DIAG        | Sustained adapter-down or both-public-targets-unreachable. Escalating to adapter reconnect.
2026-09-09 14:03:02 | Watchdog | -      | DIAG        | NIC reset requested but DISABLED by default (-AllowNicReset not set). Not touching the adapter. See script header.
2026-09-09 14:03:02 | Watchdog | -      | ACTION      | Flushing DNS cache (ipconfig /flushdns)
2026-09-09 14:03:02 | Watchdog | -      | WARN        | Link/WAN check failed (adapterUp=False gatewayOk=False wanOk=False) streak=6/6
2026-09-09 14:03:17 | Watchdog | -      | WARN        | Link/WAN check failed (adapterUp=False gatewayOk=False wanOk=False) streak=1/6
2026-09-09 14:03:32 | Watchdog | -      | WARN        | Link/WAN check failed (adapterUp=False gatewayOk=False wanOk=False) streak=2/6
2026-09-09 14:03:48 | Watchdog | -      | WARN        | Link/WAN check failed (adapterUp=False gatewayOk=False wanOk=False) streak=3/6
2026-09-09 14:04:03 | Watchdog | -      | WARN        | Link/WAN check failed (adapterUp=False gatewayOk=False wanOk=False) streak=4/6
2026-09-09 14:04:18 | Watchdog | -      | WARN        | Link/WAN check failed (adapterUp=False gatewayOk=False wanOk=False) streak=5/6
2026-09-09 14:04:33 | Watchdog | -      | WARN        | Link/WAN check failed (adapterUp=False gatewayOk=False wanOk=False) streak=6/6
2026-09-09 14:04:48 | Watchdog | -      | WARN        | Link/WAN check failed (adapterUp=False gatewayOk=False wanOk=False) streak=1/6
2026-09-09 14:05:03 | Watchdog | -      | WARN        | Link/WAN check failed (adapterUp=False gatewayOk=False wanOk=False) streak=2/6
2026-09-09 14:05:18 | Watchdog | -      | WARN        | Link/WAN check failed (adapterUp=False gatewayOk=False wanOk=False) streak=3/6
2026-09-09 14:05:33 | Watchdog | -      | WARN        | Link/WAN check failed (adapterUp=False gatewayOk=False wanOk=False) streak=4/6
2026-09-09 14:05:49 | Watchdog | -      | WARN        | Link/WAN check failed (adapterUp=False gatewayOk=False wanOk=False) streak=5/6
2026-09-09 14:06:04 | Watchdog | -      | ACTION      | Flushing DNS cache (ipconfig /flushdns)
2026-09-09 14:06:04 | Watchdog | -      | DIAG        | NIC reset requested but DISABLED by default (-AllowNicReset not set). Not touching the adapter. See script header.
2026-09-09 14:06:04 | Watchdog | -      | DIAG        | Sustained adapter-down or both-public-targets-unreachable. Escalating to adapter reconnect.
2026-09-09 14:06:04 | Watchdog | -      | WARN        | Link/WAN check failed (adapterUp=False gatewayOk=False wanOk=False) streak=6/6
2026-09-09 14:06:19 | Watchdog | -      | WARN        | Link/WAN check failed (adapterUp=False gatewayOk=False wanOk=False) streak=1/6
2026-09-09 14:06:34 | Watchdog | -      | WARN        | Link/WAN check failed (adapterUp=False gatewayOk=False wanOk=False) streak=2/6
2026-09-09 14:06:49 | Watchdog | -      | WARN        | Link/WAN check failed (adapterUp=False gatewayOk=False wanOk=False) streak=3/6
2026-09-09 14:07:04 | Watchdog | -      | WARN        | Link/WAN check failed (adapterUp=False gatewayOk=False wanOk=False) streak=4/6
2026-09-09 14:07:19 | Watchdog | -      | WARN        | Link/WAN check failed (adapterUp=False gatewayOk=False wanOk=False) streak=5/6
2026-09-09 14:07:34 | Watchdog | -      | WARN        | Link/WAN check failed (adapterUp=False gatewayOk=False wanOk=False) streak=6/6
2026-09-09 14:07:50 | Watchdog | -      | WARN        | Link/WAN check failed (adapterUp=False gatewayOk=False wanOk=False) streak=1/6
2026-09-09 14:08:05 | Watchdog | -      | WARN        | Link/WAN check failed (adapterUp=False gatewayOk=False wanOk=False) streak=2/6
2026-09-09 14:08:20 | Watchdog | -      | WARN        | Link/WAN check failed (adapterUp=False gatewayOk=False wanOk=False) streak=3/6
2026-09-09 14:08:35 | Watchdog | -      | WARN        | Link/WAN check failed (adapterUp=False gatewayOk=False wanOk=False) streak=4/6
2026-09-09 14:08:50 | Watchdog | -      | WARN        | Link/WAN check failed (adapterUp=False gatewayOk=False wanOk=False) streak=5/6
2026-09-09 14:09:05 | Watchdog | -      | WARN        | Link/WAN check failed (adapterUp=False gatewayOk=False wanOk=False) streak=6/6
2026-09-09 14:09:05 | Watchdog | -      | DIAG        | Sustained adapter-down or both-public-targets-unreachable. Escalating to adapter reconnect.
2026-09-09 14:09:05 | Watchdog | -      | ACTION      | Flushing DNS cache (ipconfig /flushdns)
2026-09-09 14:09:05 | Watchdog | -      | DIAG        | NIC reset requested but DISABLED by default (-AllowNicReset not set). Not touching the adapter. See script header.
2026-09-09 14:09:20 | Watchdog | -      | WARN        | Link/WAN check failed (adapterUp=False gatewayOk=False wanOk=False) streak=1/6
2026-09-09 14:09:36 | Watchdog | -      | WARN        | Link/WAN check failed (adapterUp=False gatewayOk=False wanOk=False) streak=2/6
2026-09-09 14:09:51 | Watchdog | -      | WARN        | Link/WAN check failed (adapterUp=False gatewayOk=False wanOk=False) streak=3/6
2026-09-09 14:10:06 | Watchdog | -      | WARN        | Link/WAN check failed (adapterUp=False gatewayOk=False wanOk=False) streak=4/6
2026-09-09 14:10:21 | Watchdog | -      | WARN        | Link/WAN check failed (adapterUp=False gatewayOk=False wanOk=False) streak=5/6
2026-09-09 14:10:36 | Watchdog | -      | WARN        | Link/WAN check failed (adapterUp=False gatewayOk=False wanOk=False) streak=6/6
2026-09-09 14:10:51 | Watchdog | -      | WARN        | Link/WAN check failed (adapterUp=False gatewayOk=False wanOk=False) streak=1/6
2026-09-09 14:11:06 | Watchdog | -      | WARN        | Link/WAN check failed (adapterUp=False gatewayOk=False wanOk=False) streak=2/6
2026-09-09 14:11:21 | Watchdog | -      | WARN        | Link/WAN check failed (adapterUp=False gatewayOk=False wanOk=False) streak=3/6
2026-09-09 14:11:37 | Watchdog | -      | WARN        | Link/WAN check failed (adapterUp=False gatewayOk=False wanOk=False) streak=4/6
2026-09-09 14:11:52 | Watchdog | -      | WARN        | Link/WAN check failed (adapterUp=False gatewayOk=False wanOk=False) streak=5/6
2026-09-09 14:12:07 | Watchdog | -      | DIAG        | NIC reset requested but DISABLED by default (-AllowNicReset not set). Not touching the adapter. See script header.
2026-09-09 14:12:07 | Watchdog | -      | DIAG        | Sustained adapter-down or both-public-targets-unreachable. Escalating to adapter reconnect.
2026-09-09 14:12:07 | Watchdog | -      | WARN        | Link/WAN check failed (adapterUp=False gatewayOk=False wanOk=False) streak=6/6
2026-09-09 14:12:07 | Watchdog | -      | ACTION      | Flushing DNS cache (ipconfig /flushdns)
2026-09-09 14:12:22 | Watchdog | -      | WARN        | Link/WAN check failed (adapterUp=False gatewayOk=False wanOk=False) streak=1/6
2026-09-09 14:12:37 | Watchdog | -      | WARN        | Link/WAN check failed (adapterUp=False gatewayOk=False wanOk=False) streak=2/6
2026-09-09 14:12:52 | Watchdog | -      | WARN        | Link/WAN check failed (adapterUp=False gatewayOk=False wanOk=False) streak=3/6
2026-09-09 14:13:07 | Watchdog | -      | WARN        | Link/WAN check failed (adapterUp=False gatewayOk=False wanOk=False) streak=4/6
2026-09-09 14:13:22 | Watchdog | -      | WARN        | Link/WAN check failed (adapterUp=False gatewayOk=False wanOk=False) streak=5/6
2026-09-09 14:13:38 | Watchdog | -      | WARN        | Link/WAN check failed (adapterUp=False gatewayOk=False wanOk=False) streak=6/6
2026-09-09 14:13:53 | Watchdog | -      | WARN        | Link/WAN check failed (adapterUp=False gatewayOk=False wanOk=False) streak=1/6
2026-09-09 14:14:08 | Watchdog | -      | WARN        | Link/WAN check failed (adapterUp=False gatewayOk=False wanOk=False) streak=2/6
2026-09-09 14:14:23 | Watchdog | -      | WARN        | Link/WAN check failed (adapterUp=False gatewayOk=False wanOk=False) streak=3/6
2026-09-09 14:14:38 | Watchdog | -      | WARN        | Link/WAN check failed (adapterUp=False gatewayOk=False wanOk=False) streak=4/6
2026-09-09 14:14:53 | Watchdog | -      | WARN        | Link/WAN check failed (adapterUp=False gatewayOk=False wanOk=False) streak=5/6
2026-09-09 14:15:08 | Watchdog | -      | WARN        | Link/WAN check failed (adapterUp=False gatewayOk=False wanOk=False) streak=6/6
2026-09-09 14:15:08 | Watchdog | -      | ACTION      | Flushing DNS cache (ipconfig /flushdns)
2026-09-09 14:15:08 | Watchdog | -      | DIAG        | Sustained adapter-down or both-public-targets-unreachable. Escalating to adapter reconnect.
2026-09-09 14:15:08 | Watchdog | -      | DIAG        | NIC reset requested but DISABLED by default (-AllowNicReset not set). Not touching the adapter. See script header.
2026-09-09 14:15:23 | Watchdog | -      | WARN        | Link/WAN check failed (adapterUp=False gatewayOk=False wanOk=False) streak=1/6
2026-09-09 14:15:39 | Watchdog | -      | WARN        | Link/WAN check failed (adapterUp=False gatewayOk=False wanOk=False) streak=2/6
2026-09-09 14:15:54 | Watchdog | -      | WARN        | Link/WAN check failed (adapterUp=False gatewayOk=False wanOk=False) streak=3/6
2026-09-09 14:16:09 | Watchdog | -      | WARN        | Link/WAN check failed (adapterUp=False gatewayOk=False wanOk=False) streak=4/6
2026-09-09 14:16:24 | Watchdog | -      | WARN        | Link/WAN check failed (adapterUp=False gatewayOk=False wanOk=False) streak=5/6
2026-09-09 14:16:39 | Watchdog | -      | WARN        | Link/WAN check failed (adapterUp=False gatewayOk=False wanOk=False) streak=6/6
2026-09-09 14:16:54 | Watchdog | -      | WARN        | Link/WAN check failed (adapterUp=False gatewayOk=False wanOk=False) streak=1/6
2026-09-09 14:17:09 | Watchdog | -      | WARN        | Link/WAN check failed (adapterUp=False gatewayOk=False wanOk=False) streak=2/6
2026-09-09 14:17:24 | Watchdog | -      | WARN        | Link/WAN check failed (adapterUp=False gatewayOk=False wanOk=False) streak=3/6
2026-09-09 14:17:40 | Watchdog | -      | WARN        | Link/WAN check failed (adapterUp=False gatewayOk=False wanOk=False) streak=4/6
2026-09-09 14:17:55 | Watchdog | -      | WARN        | Link/WAN check failed (adapterUp=False gatewayOk=False wanOk=False) streak=5/6
2026-09-09 14:18:10 | Watchdog | -      | DIAG        | Sustained adapter-down or both-public-targets-unreachable. Escalating to adapter reconnect.
2026-09-09 14:18:10 | Watchdog | -      | ACTION      | Flushing DNS cache (ipconfig /flushdns)
2026-09-09 14:18:10 | Watchdog | -      | WARN        | Link/WAN check failed (adapterUp=False gatewayOk=False wanOk=False) streak=6/6
2026-09-09 14:18:10 | Watchdog | -      | DIAG        | NIC reset requested but DISABLED by default (-AllowNicReset not set). Not touching the adapter. See script header.
2026-09-09 14:18:25 | Watchdog | -      | WARN        | Link/WAN check failed (adapterUp=False gatewayOk=False wanOk=False) streak=1/6
2026-09-09 14:18:40 | Watchdog | -      | WARN        | Link/WAN check failed (adapterUp=False gatewayOk=False wanOk=False) streak=2/6
2026-09-09 14:18:55 | Watchdog | -      | WARN        | Link/WAN check failed (adapterUp=False gatewayOk=False wanOk=False) streak=3/6
2026-09-09 14:19:10 | Watchdog | -      | WARN        | Link/WAN check failed (adapterUp=False gatewayOk=False wanOk=False) streak=4/6
2026-09-09 14:19:26 | Watchdog | -      | WARN        | Link/WAN check failed (adapterUp=False gatewayOk=False wanOk=False) streak=5/6
2026-09-09 14:19:41 | Watchdog | -      | WARN        | Link/WAN check failed (adapterUp=False gatewayOk=False wanOk=False) streak=6/6
2026-09-09 14:19:56 | Watchdog | -      | WARN        | Link/WAN check failed (adapterUp=False gatewayOk=False wanOk=False) streak=1/6
2026-09-09 14:20:11 | Watchdog | -      | WARN        | Link/WAN check failed (adapterUp=False gatewayOk=False wanOk=False) streak=2/6
2026-09-09 14:20:26 | Watchdog | -      | WARN        | Link/WAN check failed (adapterUp=False gatewayOk=False wanOk=False) streak=3/6
2026-09-09 14:20:41 | Watchdog | -      | WARN        | Link/WAN check failed (adapterUp=False gatewayOk=False wanOk=False) streak=4/6
2026-09-09 14:20:56 | Watchdog | -      | WARN        | Link/WAN check failed (adapterUp=False gatewayOk=False wanOk=False) streak=5/6
2026-09-09 14:21:11 | Watchdog | -      | DIAG        | Sustained adapter-down or both-public-targets-unreachable. Escalating to adapter reconnect.
2026-09-09 14:21:11 | Watchdog | -      | DIAG        | NIC reset requested but DISABLED by default (-AllowNicReset not set). Not touching the adapter. See script header.
2026-09-09 14:21:11 | Watchdog | -      | ACTION      | Flushing DNS cache (ipconfig /flushdns)
2026-09-09 14:21:11 | Watchdog | -      | WARN        | Link/WAN check failed (adapterUp=False gatewayOk=False wanOk=False) streak=6/6
2026-09-09 14:21:27 | Watchdog | -      | WARN        | Link/WAN check failed (adapterUp=False gatewayOk=False wanOk=False) streak=1/6
2026-09-09 14:21:42 | Watchdog | -      | WARN        | Link/WAN check failed (adapterUp=False gatewayOk=False wanOk=False) streak=2/6
2026-09-09 14:21:57 | Watchdog | -      | WARN        | Link/WAN check failed (adapterUp=False gatewayOk=False wanOk=False) streak=3/6
2026-09-09 14:22:12 | Watchdog | -      | WARN        | Link/WAN check failed (adapterUp=False gatewayOk=False wanOk=False) streak=4/6
2026-09-09 14:22:27 | Watchdog | -      | WARN        | Link/WAN check failed (adapterUp=False gatewayOk=False wanOk=False) streak=5/6
2026-09-09 14:22:42 | Watchdog | -      | WARN        | Link/WAN check failed (adapterUp=False gatewayOk=False wanOk=False) streak=6/6
2026-09-09 14:22:57 | Watchdog | -      | WARN        | Link/WAN check failed (adapterUp=False gatewayOk=False wanOk=False) streak=1/6
2026-09-09 14:23:13 | Watchdog | -      | WARN        | Link/WAN check failed (adapterUp=False gatewayOk=False wanOk=False) streak=2/6
2026-09-09 14:23:28 | Watchdog | -      | WARN        | Link/WAN check failed (adapterUp=False gatewayOk=False wanOk=False) streak=3/6
2026-09-09 14:23:43 | Watchdog | -      | WARN        | Link/WAN check failed (adapterUp=False gatewayOk=False wanOk=False) streak=4/6
2026-09-09 14:23:58 | Watchdog | -      | WARN        | Link/WAN check failed (adapterUp=False gatewayOk=False wanOk=False) streak=5/6
2026-09-09 14:24:13 | Watchdog | -      | DIAG        | NIC reset requested but DISABLED by default (-AllowNicReset not set). Not touching the adapter. See script header.
2026-09-09 14:24:13 | Watchdog | -      | ACTION      | Flushing DNS cache (ipconfig /flushdns)
2026-09-09 14:24:13 | Watchdog | -      | DIAG        | Sustained adapter-down or both-public-targets-unreachable. Escalating to adapter reconnect.
2026-09-09 14:24:13 | Watchdog | -      | WARN        | Link/WAN check failed (adapterUp=False gatewayOk=False wanOk=False) streak=6/6
2026-09-09 14:24:28 | Watchdog | -      | WARN        | Link/WAN check failed (adapterUp=False gatewayOk=False wanOk=False) streak=1/6
2026-09-09 14:24:43 | Watchdog | -      | WARN        | Link/WAN check failed (adapterUp=False gatewayOk=False wanOk=False) streak=2/6
2026-09-09 14:24:59 | Watchdog | -      | WARN        | Link/WAN check failed (adapterUp=False gatewayOk=False wanOk=False) streak=3/6
2026-09-09 14:25:14 | Watchdog | -      | WARN        | Link/WAN check failed (adapterUp=False gatewayOk=False wanOk=False) streak=4/6
2026-09-09 14:25:29 | Watchdog | -      | WARN        | Link/WAN check failed (adapterUp=False gatewayOk=False wanOk=False) streak=5/6
2026-09-09 14:25:44 | Watchdog | -      | WARN        | Link/WAN check failed (adapterUp=False gatewayOk=False wanOk=False) streak=6/6
2026-09-09 14:25:59 | Watchdog | -      | WARN        | Link/WAN check failed (adapterUp=False gatewayOk=False wanOk=False) streak=1/6
2026-09-09 14:26:14 | Watchdog | -      | WARN        | Link/WAN check failed (adapterUp=False gatewayOk=False wanOk=False) streak=2/6
2026-09-09 14:26:29 | Watchdog | -      | WARN        | Link/WAN check failed (adapterUp=False gatewayOk=False wanOk=False) streak=3/6
2026-09-09 14:26:44 | Watchdog | -      | WARN        | Link/WAN check failed (adapterUp=False gatewayOk=False wanOk=False) streak=4/6
2026-09-09 14:27:00 | Watchdog | -      | WARN        | Link/WAN check failed (adapterUp=False gatewayOk=False wanOk=False) streak=5/6
2026-09-09 14:27:15 | Watchdog | -      | DIAG        | NIC reset requested but DISABLED by default (-AllowNicReset not set). Not touching the adapter. See script header.
2026-09-09 14:27:15 | Watchdog | -      | ACTION      | Flushing DNS cache (ipconfig /flushdns)
2026-09-09 14:27:15 | Watchdog | -      | DIAG        | Sustained adapter-down or both-public-targets-unreachable. Escalating to adapter reconnect.
2026-09-09 14:27:15 | Watchdog | -      | WARN        | Link/WAN check failed (adapterUp=False gatewayOk=False wanOk=False) streak=6/6
2026-09-09 14:27:30 | Watchdog | -      | WARN        | Link/WAN check failed (adapterUp=False gatewayOk=False wanOk=False) streak=1/6
2026-09-09 14:27:45 | Watchdog | -      | WARN        | Link/WAN check failed (adapterUp=False gatewayOk=False wanOk=False) streak=2/6
2026-09-09 14:28:00 | Watchdog | -      | WARN        | Link/WAN check failed (adapterUp=False gatewayOk=False wanOk=False) streak=3/6
2026-09-09 14:28:15 | Watchdog | -      | WARN        | Link/WAN check failed (adapterUp=False gatewayOk=False wanOk=False) streak=4/6
2026-09-09 14:28:30 | Watchdog | -      | WARN        | Link/WAN check failed (adapterUp=False gatewayOk=False wanOk=False) streak=5/6
2026-09-09 14:28:45 | Watchdog | -      | WARN        | Link/WAN check failed (adapterUp=False gatewayOk=False wanOk=False) streak=6/6
2026-09-09 14:29:01 | Watchdog | -      | WARN        | Link/WAN check failed (adapterUp=False gatewayOk=False wanOk=False) streak=1/6
2026-09-09 14:29:16 | Watchdog | -      | WARN        | Link/WAN check failed (adapterUp=False gatewayOk=False wanOk=False) streak=2/6
2026-09-09 14:29:31 | Watchdog | -      | WARN        | Link/WAN check failed (adapterUp=False gatewayOk=False wanOk=False) streak=3/6
2026-09-09 14:29:46 | Watchdog | -      | WARN        | Link/WAN check failed (adapterUp=False gatewayOk=False wanOk=False) streak=4/6
2026-09-09 14:30:01 | Watchdog | -      | WARN        | Link/WAN check failed (adapterUp=False gatewayOk=False wanOk=False) streak=5/6
2026-09-09 14:30:16 | Watchdog | -      | WARN        | Link/WAN check failed (adapterUp=False gatewayOk=False wanOk=False) streak=6/6
2026-09-09 14:30:16 | Watchdog | -      | DIAG        | Sustained adapter-down or both-public-targets-unreachable. Escalating to adapter reconnect.
2026-09-09 14:30:16 | Watchdog | -      | ACTION      | Flushing DNS cache (ipconfig /flushdns)
2026-09-09 14:30:16 | Watchdog | -      | DIAG        | NIC reset requested but DISABLED by default (-AllowNicReset not set). Not touching the adapter. See script header.
2026-09-09 14:30:31 | Watchdog | -      | WARN        | Link/WAN check failed (adapterUp=False gatewayOk=False wanOk=False) streak=1/6
2026-09-09 14:30:47 | Watchdog | -      | WARN        | Link/WAN check failed (adapterUp=False gatewayOk=False wanOk=False) streak=2/6
2026-09-09 14:31:02 | Watchdog | -      | WARN        | Link/WAN check failed (adapterUp=False gatewayOk=False wanOk=False) streak=3/6
2026-09-09 14:31:17 | Watchdog | -      | WARN        | Link/WAN check failed (adapterUp=False gatewayOk=False wanOk=False) streak=4/6
2026-09-09 14:31:32 | Watchdog | -      | WARN        | Link/WAN check failed (adapterUp=False gatewayOk=False wanOk=False) streak=5/6
2026-09-09 14:31:47 | Watchdog | -      | WARN        | Link/WAN check failed (adapterUp=False gatewayOk=False wanOk=False) streak=6/6
2026-09-09 14:32:02 | Watchdog | -      | WARN        | Link/WAN check failed (adapterUp=False gatewayOk=False wanOk=False) streak=1/6
2026-09-09 14:32:17 | Watchdog | -      | WARN        | Link/WAN check failed (adapterUp=False gatewayOk=False wanOk=False) streak=2/6
2026-09-09 14:32:32 | Watchdog | -      | WARN        | Link/WAN check failed (adapterUp=False gatewayOk=False wanOk=False) streak=3/6
2026-09-09 14:32:48 | Watchdog | -      | WARN        | Link/WAN check failed (adapterUp=False gatewayOk=False wanOk=False) streak=4/6
2026-09-09 14:33:03 | Watchdog | -      | WARN        | Link/WAN check failed (adapterUp=False gatewayOk=False wanOk=False) streak=5/6
2026-09-09 14:33:14 | WLAN     | 8000   | Information | 发起无线网络连接 (Association started)
2026-09-09 14:33:14 | WLAN     | 11000  | Information | 无线网络关联开始
2026-09-09 14:33:15 | WLAN     | 11001  | Information | 无线网络关联成功
2026-09-09 14:33:15 | WLAN     | 11010  | Information | 无线安全开始 (Security started)
2026-09-09 14:33:15 | WLAN     | 11005  | Information | 无线安全握手成功 (Security succeeded)
2026-09-09 14:33:15 | WLAN     | 8001   | Information | 成功连接到无线网络 (Connected)
2026-09-09 14:33:18 | Watchdog | -      | DIAG        | 4 proxy group(s) need a node switch: 故障转移, 🇪🇺欧洲自动选择, 🇺🇸美国自动选择, 🌍自动选择. Re-testing and switching, not touching the NIC or restarting processes.
2026-09-09 14:33:24 | Watchdog | -      | ACTION      | Re-tested auto-select group '[ProxyNode]; best member now '[ProxyNode] (223ms)
2026-09-09 14:33:29 | Watchdog | -      | ACTION      | Re-tested auto-select group '[ProxyNode]; best member now '[ProxyNode] (212ms)
2026-09-09 14:33:32 | Watchdog | -      | ACTION      | Re-tested auto-select group '[ProxyNode]; best member now '[ProxyNode] (235ms)
2026-09-09 14:33:37 | Watchdog | -      | ACTION      | Re-tested auto-select group '[ProxyNode]; best member now '[ProxyNode] (170ms)
2026-09-09 14:57:14 | Watchdog | -      | ACTION      | Flushing DNS cache (ipconfig /flushdns)
2026-09-09 14:57:14 | Watchdog | -      | WARN        | WAN reachable but DNS resolution failing. Flushing DNS.
2026-09-09 15:16:51 | Watchdog | -      | WARN        | Direct WAN is fine and proxy port is open, but a real request THROUGH the proxy failed. Active node is dead (cached delay is stale-good). Forcing a re-test/switch on all groups.
2026-09-09 15:16:51 | Watchdog | -      | DIAG        | 4 proxy group(s) need a node switch: 故障转移, 🇪🇺欧洲自动选择, 🇺🇸美国自动选择, 🌍自动选择. Re-testing and switching, not touching the NIC or restarting processes.
2026-09-09 15:16:56 | Watchdog | -      | ACTION      | Re-tested auto-select group '[ProxyNode]; best member now '[ProxyNode] (204ms)
2026-09-09 15:16:57 | Watchdog | -      | ACTION      | Re-tested auto-select group '[ProxyNode]; best member now '[ProxyNode] (209ms)
2026-09-09 15:17:03 | Watchdog | -      | ACTION      | Re-tested auto-select group '[ProxyNode]; best member now '[ProxyNode] (177ms)
2026-09-09 15:17:09 | Watchdog | -      | ACTION      | Re-tested auto-select group '[ProxyNode]; best member now '[ProxyNode] (164ms)
2026-09-09 16:41:13 | WLAN     | 11004  | Information | 无线安全已停止 (Security stopped)
2026-09-09 16:41:18 | Watchdog | -      | WARN        | Link/WAN check failed (adapterUp=True gatewayOk=False wanOk=False) streak=1/6
2026-09-09 16:41:18 | Watchdog | -      | DIAG        | All 4 WAN targets unreachable: 223.5.5.5:53, 119.29.29.29:53, 114.114.114.114:53, www.baidu.com:443
2026-09-09 16:41:18 | WLAN     | 8003   | Information | 无线网络被断开 [原因: 网络被驱动程序断开连接。]
2026-09-09 16:41:33 | Watchdog | -      | WARN        | Link/WAN check failed (adapterUp=False gatewayOk=False wanOk=False) streak=2/6
2026-09-09 16:41:48 | Watchdog | -      | WARN        | Link/WAN check failed (adapterUp=False gatewayOk=False wanOk=False) streak=3/6
2026-09-09 16:42:03 | Watchdog | -      | WARN        | Link/WAN check failed (adapterUp=False gatewayOk=False wanOk=False) streak=4/6
2026-09-09 16:42:18 | Watchdog | -      | WARN        | Link/WAN check failed (adapterUp=False gatewayOk=False wanOk=False) streak=5/6
2026-09-09 16:42:33 | Watchdog | -      | ACTION      | Flushing DNS cache (ipconfig /flushdns)
2026-09-09 16:42:33 | Watchdog | -      | DIAG        | NIC reset requested but DISABLED by default (-AllowNicReset not set). Not touching the adapter. See script header.
2026-09-09 16:42:33 | Watchdog | -      | DIAG        | Sustained adapter-down or both-public-targets-unreachable. Escalating to adapter reconnect.
2026-09-09 16:42:33 | Watchdog | -      | WARN        | Link/WAN check failed (adapterUp=False gatewayOk=False wanOk=False) streak=6/6
2026-09-09 16:42:48 | Watchdog | -      | WARN        | Link/WAN check failed (adapterUp=False gatewayOk=False wanOk=False) streak=1/6
2026-09-09 16:43:04 | Watchdog | -      | WARN        | Link/WAN check failed (adapterUp=False gatewayOk=False wanOk=False) streak=2/6
2026-09-09 16:43:19 | Watchdog | -      | WARN        | Link/WAN check failed (adapterUp=False gatewayOk=False wanOk=False) streak=3/6
2026-09-09 16:43:34 | Watchdog | -      | WARN        | Link/WAN check failed (adapterUp=False gatewayOk=False wanOk=False) streak=4/6
2026-09-09 16:43:49 | Watchdog | -      | WARN        | Link/WAN check failed (adapterUp=False gatewayOk=False wanOk=False) streak=5/6
2026-09-09 16:44:04 | Watchdog | -      | WARN        | Link/WAN check failed (adapterUp=False gatewayOk=False wanOk=False) streak=6/6
2026-09-09 16:44:19 | Watchdog | -      | WARN        | Link/WAN check failed (adapterUp=False gatewayOk=False wanOk=False) streak=1/6
2026-09-09 16:44:34 | Watchdog | -      | WARN        | Link/WAN check failed (adapterUp=False gatewayOk=False wanOk=False) streak=2/6
2026-09-09 16:44:49 | Watchdog | -      | WARN        | Link/WAN check failed (adapterUp=False gatewayOk=False wanOk=False) streak=3/6
2026-09-09 16:45:05 | Watchdog | -      | WARN        | Link/WAN check failed (adapterUp=False gatewayOk=False wanOk=False) streak=4/6
2026-09-09 16:45:20 | Watchdog | -      | WARN        | Link/WAN check failed (adapterUp=False gatewayOk=False wanOk=False) streak=5/6
2026-09-09 16:45:35 | Watchdog | -      | DIAG        | Sustained adapter-down or both-public-targets-unreachable. Escalating to adapter reconnect.
2026-09-09 16:45:35 | Watchdog | -      | DIAG        | NIC reset requested but DISABLED by default (-AllowNicReset not set). Not touching the adapter. See script header.
2026-09-09 16:45:35 | Watchdog | -      | ACTION      | Flushing DNS cache (ipconfig /flushdns)
2026-09-09 16:45:35 | Watchdog | -      | WARN        | Link/WAN check failed (adapterUp=False gatewayOk=False wanOk=False) streak=6/6
2026-09-09 16:45:50 | Watchdog | -      | WARN        | Link/WAN check failed (adapterUp=False gatewayOk=False wanOk=False) streak=1/6
2026-09-09 16:46:05 | Watchdog | -      | WARN        | Link/WAN check failed (adapterUp=False gatewayOk=False wanOk=False) streak=2/6
2026-09-09 16:46:20 | Watchdog | -      | WARN        | Link/WAN check failed (adapterUp=False gatewayOk=False wanOk=False) streak=3/6
2026-09-09 16:46:35 | Watchdog | -      | WARN        | Link/WAN check failed (adapterUp=False gatewayOk=False wanOk=False) streak=4/6
2026-09-09 16:46:50 | Watchdog | -      | WARN        | Link/WAN check failed (adapterUp=False gatewayOk=False wanOk=False) streak=5/6
2026-09-09 16:47:06 | Watchdog | -      | WARN        | Link/WAN check failed (adapterUp=False gatewayOk=False wanOk=False) streak=6/6
2026-09-09 16:47:21 | Watchdog | -      | WARN        | Link/WAN check failed (adapterUp=False gatewayOk=False wanOk=False) streak=1/6
2026-09-09 16:47:36 | Watchdog | -      | WARN        | Link/WAN check failed (adapterUp=False gatewayOk=False wanOk=False) streak=2/6
2026-09-09 16:47:51 | Watchdog | -      | WARN        | Link/WAN check failed (adapterUp=False gatewayOk=False wanOk=False) streak=3/6
2026-09-09 16:48:06 | Watchdog | -      | WARN        | Link/WAN check failed (adapterUp=False gatewayOk=False wanOk=False) streak=4/6
2026-09-09 16:48:21 | Watchdog | -      | WARN        | Link/WAN check failed (adapterUp=False gatewayOk=False wanOk=False) streak=5/6
2026-09-09 16:48:36 | Watchdog | -      | DIAG        | Sustained adapter-down or both-public-targets-unreachable. Escalating to adapter reconnect.
2026-09-09 16:48:36 | Watchdog | -      | WARN        | Link/WAN check failed (adapterUp=False gatewayOk=False wanOk=False) streak=6/6
2026-09-09 16:48:36 | Watchdog | -      | ACTION      | Flushing DNS cache (ipconfig /flushdns)
2026-09-09 16:48:36 | Watchdog | -      | DIAG        | NIC reset requested but DISABLED by default (-AllowNicReset not set). Not touching the adapter. See script header.
2026-09-09 16:48:51 | Watchdog | -      | WARN        | Link/WAN check failed (adapterUp=False gatewayOk=False wanOk=False) streak=1/6
2026-09-09 16:49:07 | Watchdog | -      | WARN        | Link/WAN check failed (adapterUp=False gatewayOk=False wanOk=False) streak=2/6
2026-09-09 16:49:22 | Watchdog | -      | WARN        | Link/WAN check failed (adapterUp=False gatewayOk=False wanOk=False) streak=3/6
2026-09-09 16:49:37 | Watchdog | -      | WARN        | Link/WAN check failed (adapterUp=False gatewayOk=False wanOk=False) streak=4/6
2026-09-09 16:49:52 | Watchdog | -      | WARN        | Link/WAN check failed (adapterUp=False gatewayOk=False wanOk=False) streak=5/6
2026-09-09 16:50:07 | Watchdog | -      | WARN        | Link/WAN check failed (adapterUp=False gatewayOk=False wanOk=False) streak=6/6
2026-09-09 16:50:22 | Watchdog | -      | WARN        | Link/WAN check failed (adapterUp=False gatewayOk=False wanOk=False) streak=1/6
2026-09-09 16:50:37 | Watchdog | -      | WARN        | Link/WAN check failed (adapterUp=False gatewayOk=False wanOk=False) streak=2/6
2026-09-09 16:50:53 | Watchdog | -      | WARN        | Link/WAN check failed (adapterUp=False gatewayOk=False wanOk=False) streak=3/6
2026-09-09 16:51:08 | Watchdog | -      | WARN        | Link/WAN check failed (adapterUp=False gatewayOk=False wanOk=False) streak=4/6
2026-09-09 16:51:23 | Watchdog | -      | WARN        | Link/WAN check failed (adapterUp=False gatewayOk=False wanOk=False) streak=5/6
2026-09-09 16:51:38 | Watchdog | -      | ACTION      | Flushing DNS cache (ipconfig /flushdns)
2026-09-09 16:51:38 | Watchdog | -      | DIAG        | NIC reset requested but DISABLED by default (-AllowNicReset not set). Not touching the adapter. See script header.
2026-09-09 16:51:38 | Watchdog | -      | WARN        | Link/WAN check failed (adapterUp=False gatewayOk=False wanOk=False) streak=6/6
2026-09-09 16:51:38 | Watchdog | -      | DIAG        | Sustained adapter-down or both-public-targets-unreachable. Escalating to adapter reconnect.
2026-09-09 16:51:53 | Watchdog | -      | WARN        | Link/WAN check failed (adapterUp=False gatewayOk=False wanOk=False) streak=1/6
2026-09-09 16:52:08 | Watchdog | -      | WARN        | Link/WAN check failed (adapterUp=False gatewayOk=False wanOk=False) streak=2/6
2026-09-09 16:52:23 | Watchdog | -      | WARN        | Link/WAN check failed (adapterUp=False gatewayOk=False wanOk=False) streak=3/6
2026-09-09 16:52:38 | Watchdog | -      | WARN        | Link/WAN check failed (adapterUp=False gatewayOk=False wanOk=False) streak=4/6
2026-09-09 16:52:54 | Watchdog | -      | WARN        | Link/WAN check failed (adapterUp=False gatewayOk=False wanOk=False) streak=5/6
2026-09-09 16:53:09 | Watchdog | -      | WARN        | Link/WAN check failed (adapterUp=False gatewayOk=False wanOk=False) streak=6/6
2026-09-09 16:53:24 | Watchdog | -      | WARN        | Link/WAN check failed (adapterUp=False gatewayOk=False wanOk=False) streak=1/6
2026-09-09 16:53:35 | WLAN     | 8000   | Information | 发起无线网络连接 (Association started)
2026-09-09 16:53:35 | WLAN     | 11000  | Information | 无线网络关联开始
2026-09-09 16:53:35 | WLAN     | 11001  | Information | 无线网络关联成功
2026-09-09 16:53:35 | WLAN     | 11010  | Information | 无线安全开始 (Security started)
2026-09-09 16:53:35 | WLAN     | 11005  | Information | 无线安全握手成功 (Security succeeded)
2026-09-09 16:53:35 | WLAN     | 8001   | Information | 成功连接到无线网络 (Connected)
2026-09-09 16:53:40 | Watchdog | -      | DIAG        | 4 proxy group(s) need a node switch: 故障转移, 🇪🇺欧洲自动选择, 🇺🇸美国自动选择, 🌍自动选择. Re-testing and switching, not touching the NIC or restarting processes.
2026-09-09 16:53:48 | Watchdog | -      | ERROR       | Repair-MihomoGroup('故障转移') failed: 操作超时。
2026-09-09 16:53:53 | Watchdog | -      | ACTION      | Re-tested auto-select group '[ProxyNode]; best member now '[ProxyNode] (191ms)
2026-09-09 16:53:55 | Watchdog | -      | ACTION      | Re-tested auto-select group '[ProxyNode]; best member now '[ProxyNode] (259ms)
2026-09-09 16:54:00 | Watchdog | -      | ACTION      | Re-tested auto-select group '[ProxyNode]; best member now '[ProxyNode] (192ms)
2026-09-09 19:18:29 | Watchdog | -      | DIAG        | 4 proxy group(s) need a node switch: 故障转移, 🇪🇺欧洲自动选择, 🇺🇸美国自动选择, 🌍自动选择. Re-testing and switching, not touching the NIC or restarting processes.
2026-09-09 19:18:29 | Watchdog | -      | WARN        | Direct WAN is fine and proxy port is open, but a real request THROUGH the proxy failed. Active node is dead (cached delay is stale-good). Forcing a re-test/switch on all groups.
2026-09-09 19:18:36 | Watchdog | -      | ACTION      | Re-tested auto-select group '[ProxyNode]; best member now '[ProxyNode] (5000ms)
2026-09-09 19:18:40 | Watchdog | -      | ACTION      | Re-tested auto-select group '[ProxyNode]; best member now '[ProxyNode] (204ms)
2026-09-09 19:18:43 | Watchdog | -      | ACTION      | Re-tested auto-select group '[ProxyNode]; best member now '[ProxyNode] (237ms)
2026-09-09 19:18:48 | Watchdog | -      | ACTION      | Re-tested auto-select group '[ProxyNode]; best member now '[ProxyNode] (173ms)
2026-09-09 19:56:24 | Watchdog | -      | ACTION      | Flushing DNS cache (ipconfig /flushdns)
2026-09-09 19:56:24 | Watchdog | -      | WARN        | WAN reachable but DNS resolution failing. Flushing DNS.
2026-09-09 19:58:35 | Watchdog | -      | DIAG        | 1 proxy group(s) need a node switch: 🇺🇸美国自动选择. Re-testing and switching, not touching the NIC or restarting processes.
2026-09-09 19:58:37 | Watchdog | -      | ACTION      | Re-tested auto-select group '[ProxyNode]; best member now '[ProxyNode] (169ms)
2026-09-09 21:26:12 | Watchdog | -      | DIAG        | 4 proxy group(s) need a node switch: 故障转移, 🇪🇺欧洲自动选择, 🇺🇸美国自动选择, 🌍自动选择. Re-testing and switching, not touching the NIC or restarting processes.
2026-09-09 21:26:12 | Watchdog | -      | WARN        | Direct WAN is fine and proxy port is open, but a real request THROUGH the proxy failed. Active node is dead (cached delay is stale-good). Forcing a re-test/switch on all groups.
2026-09-09 21:26:17 | Watchdog | -      | ACTION      | Re-tested auto-select group '[ProxyNode]; best member now '[ProxyNode] (189ms)
2026-09-09 21:26:22 | Watchdog | -      | ERROR       | Repair-MihomoGroup('🇪🇺欧洲自动选择') failed: 远程服务器返回错误: (504) 网关超时。
2026-09-09 21:26:28 | Watchdog | -      | ACTION      | Re-tested auto-select group '[ProxyNode]; best member now '[ProxyNode] (1493ms)
2026-09-09 21:26:33 | Watchdog | -      | ACTION      | Re-tested auto-select group '[ProxyNode]; best member now '[ProxyNode] (249ms)
2026-09-09 21:28:20 | Watchdog | -      | DIAG        | 4 proxy group(s) need a node switch: 故障转移, 🇪🇺欧洲自动选择, 🇺🇸美国自动选择, 🌍自动选择. Re-testing and switching, not touching the NIC or restarting processes.
2026-09-09 21:28:20 | Watchdog | -      | WARN        | Direct WAN is fine and proxy port is open, but a real request THROUGH the proxy failed. Active node is dead (cached delay is stale-good). Forcing a re-test/switch on all groups.
2026-09-09 21:28:28 | Watchdog | -      | ERROR       | Repair-MihomoGroup('故障转移') failed: 操作超时。
2026-09-09 21:28:33 | Watchdog | -      | ERROR       | Repair-MihomoGroup('🇪🇺欧洲自动选择') failed: 远程服务器返回错误: (504) 网关超时。
2026-09-09 21:28:38 | Watchdog | -      | ERROR       | Repair-MihomoGroup('🇺🇸美国自动选择') failed: 远程服务器返回错误: (504) 网关超时。
2026-09-09 21:28:43 | Watchdog | -      | ERROR       | Repair-MihomoGroup('🌍自动选择') failed: 远程服务器返回错误: (504) 网关超时。
2026-09-09 21:29:49 | Watchdog | -      | DIAG        | 4 proxy group(s) need a node switch: 故障转移, 🇪🇺欧洲自动选择, 🇺🇸美国自动选择, 🌍自动选择. Re-testing and switching, not touching the NIC or restarting processes.
2026-09-09 21:29:54 | Watchdog | -      | ACTION      | Re-tested auto-select group '[ProxyNode]; best member now '[ProxyNode] (173ms)
2026-09-09 21:29:58 | Watchdog | -      | ACTION      | Re-tested auto-select group '[ProxyNode]; best member now '[ProxyNode] (196ms)
2026-09-09 21:30:03 | Watchdog | -      | ACTION      | Re-tested auto-select group '[ProxyNode]; best member now '[ProxyNode] (244ms)
2026-09-09 21:30:08 | Watchdog | -      | ACTION      | Re-tested auto-select group '[ProxyNode]; best member now '[ProxyNode] (216ms)
2026-09-09 22:52:07 | Power    | 125    | Information | 温区热度状态更新 (Kernel-Power 125)
2026-09-09 22:52:07 | Power    | 125    | Information | 温区热度状态更新 (Kernel-Power 125)
2026-09-09 22:52:07 | Power    | 41     | Critical    | 系统从异常关机或掉电中恢复 (Kernel-Power 41)
2026-09-09 22:52:08 | Power    | 521    | Information | 电池充放电状态更新 (Kernel-Power 521)
2026-09-09 22:52:08 | Power    | 521    | Information | 电池充放电状态更新 (Kernel-Power 521)
2026-09-09 22:52:09 | System   | 8000   | Information | MT7922 无线驱动底层事件 (ID: 8000)
2026-09-09 22:52:17 | System   | 50036  | Information | [Microsoft-Windows-Dhcp-Client] DHCPv4 client service is started
2026-09-09 22:52:17 | System   | 50103  | Information | [Microsoft-Windows-Dhcp-Client] DHCPv4 client registered for shutdown notification
2026-09-09 22:52:17 | System   | 50036  | Information | [Microsoft-Windows-Dhcp-Client] DHCPv4 client service is started
2026-09-09 22:52:17 | System   | 51046  | Information | [Microsoft-Windows-DHCPv6-Client] DHCPv6 client service is started
2026-09-09 22:52:20 | System   | 4000   | Information | [Microsoft-Windows-WLAN-AutoConfig] WLAN AutoConfig service has successfully started.
2026-09-09 22:52:20 | System   | 10001  | Information | [Microsoft-Windows-WLAN-AutoConfig] WLAN Extensibility Module has successfully started.
2026-09-09 22:52:50 | System   | 4207   | Error       | TCP/IP 接口绑定提供程序失败 (ID 4207)
2026-09-09 22:52:50 | System   | 4207   | Error       | TCP/IP 接口绑定提供程序失败 (ID 4207)
2026-09-09 22:53:04 | Watchdog | -      | WARN        | Link/WAN check failed (adapterUp=False gatewayOk=False wanOk=False) streak=1/6
2026-09-09 22:53:10 | WLAN     | 8000   | Information | 发起无线网络连接 (Association started)
2026-09-09 22:53:10 | WLAN     | 11000  | Information | 无线网络关联开始
2026-09-09 22:53:10 | WLAN     | 11001  | Information | 无线网络关联成功
2026-09-09 22:53:10 | WLAN     | 11010  | Information | 无线安全开始 (Security started)
2026-09-09 22:53:10 | WLAN     | 11005  | Information | 无线安全握手成功 (Security succeeded)
2026-09-09 22:53:11 | WLAN     | 8001   | Information | 成功连接到无线网络 (Connected)
2026-09-09 22:55:23 | System   | 7045   | Information | 系统安装了新服务/驱动: KUsbGuard
2026-09-09 22:59:31 | Watchdog | -      | WARN        | WAN reachable but DNS resolution failing. Flushing DNS.
2026-09-09 22:59:31 | Watchdog | -      | ACTION      | Flushing DNS cache (ipconfig /flushdns)
2026-09-09 22:59:31 | System   | 1014   | Warning     | DNS 解析超时告警: www.microsoft.com
2026-09-09 22:59:33 | Watchdog | -      | DIAG        | 4 proxy group(s) need a node switch: 故障转移, 🇪🇺欧洲自动选择, 🇺🇸美国自动选择, 🌍自动选择. Re-testing and switching, not touching the NIC or restarting processes.
2026-09-09 22:59:33 | Watchdog | -      | WARN        | Direct WAN is fine and proxy port is open, but a real request THROUGH the proxy failed. Active node is dead (cached delay is stale-good). Forcing a re-test/switch on all groups.
2026-09-09 22:59:38 | Watchdog | -      | ERROR       | Repair-MihomoGroup('故障转移') failed: 远程服务器返回错误: (504) 网关超时。
2026-09-09 22:59:43 | Watchdog | -      | ERROR       | Repair-MihomoGroup('🇪🇺欧洲自动选择') failed: 远程服务器返回错误: (504) 网关超时。
2026-09-09 22:59:48 | Watchdog | -      | ACTION      | Re-tested auto-select group '[ProxyNode]; best member now '[ProxyNode] (225ms)
2026-09-09 22:59:53 | Watchdog | -      | ACTION      | Re-tested auto-select group '[ProxyNode]; best member now '[ProxyNode] (224ms)
2026-09-09 23:00:07 | System   | 7040   | Information | 服务启动类型变更: The start type of the Background Intelligent Transfer Service service was changed from 自动启动 to 按需启动.
2026-09-09 23:01:46 | System   | 7040   | Information | 服务启动类型变更: The start type of the Background Intelligent Transfer Service service was changed from 按需启动 to 自动启动.
2026-09-09 23:04:45 | System   | 7040   | Information | 服务启动类型变更: The start type of the Background Intelligent Transfer Service service was changed from 自动启动 to 按需启动.
2026-09-09 23:04:58 | System   | 7040   | Information | 服务启动类型变更: The start type of the Background Intelligent Transfer Service service was changed from 按需启动 to 自动启动.
2026-09-09 23:07:49 | Watchdog | -      | WARN        | WAN reachable but DNS resolution failing. Flushing DNS.
2026-09-09 23:07:49 | Watchdog | -      | ACTION      | Flushing DNS cache (ipconfig /flushdns)
2026-09-09 23:18:17 | System   | 7040   | Information | 服务启动类型变更: The start type of the Background Intelligent Transfer Service service was changed from 自动启动 to 按需启动.
2026-09-09 23:18:26 | System   | 7040   | Information | 服务启动类型变更: The start type of the Background Intelligent Transfer Service service was changed from 按需启动 to 自动启动.
2026-09-09 23:21:33 | Watchdog | -      | ACTION      | Flushing DNS cache (ipconfig /flushdns)
2026-09-09 23:21:33 | Watchdog | -      | WARN        | WAN reachable but DNS resolution failing. Flushing DNS.
2026-09-09 23:21:39 | Watchdog | -      | WARN        | Direct WAN is fine and proxy port is open, but a real request THROUGH the proxy failed. Active node is dead (cached delay is stale-good). Forcing a re-test/switch on all groups.
2026-09-09 23:21:39 | Watchdog | -      | DIAG        | 4 proxy group(s) need a node switch: 故障转移, 🇪🇺欧洲自动选择, 🇺🇸美国自动选择, 🌍自动选择. Re-testing and switching, not touching the NIC or restarting processes.
2026-09-09 23:21:45 | Watchdog | -      | ACTION      | Re-tested auto-select group '[ProxyNode]; best member now '[ProxyNode] (174ms)
2026-09-09 23:21:50 | Watchdog | -      | ERROR       | Repair-MihomoGroup('🇪🇺欧洲自动选择') failed: 远程服务器返回错误: (504) 网关超时。
2026-09-09 23:21:52 | Watchdog | -      | ACTION      | Re-tested auto-select group '[ProxyNode]; best member now '[ProxyNode] (178ms)
2026-09-09 23:21:57 | Watchdog | -      | ACTION      | Re-tested auto-select group '[ProxyNode]; best member now '[ProxyNode] (176ms)
2026-09-09 23:31:15 | Watchdog | -      | WARN        | WAN reachable but DNS resolution failing. Flushing DNS.
2026-09-09 23:31:15 | Watchdog | -      | ACTION      | Flushing DNS cache (ipconfig /flushdns)
2026-09-09 23:31:52 | System   | 7040   | Information | 服务启动类型变更: The start type of the Background Intelligent Transfer Service service was changed from 自动启动 to 按需启动.
2026-09-09 23:46:17 | System   | 7045   | Information | 系统安装了新服务/驱动: WinDivert
2026-09-09 23:54:36 | Watchdog | -      | DIAG        | 2 proxy group(s) need a node switch: 故障转移, 自动选择. Re-testing and switching, not touching the NIC or restarting processes.
2026-09-09 23:54:36 | Watchdog | -      | WARN        | Direct WAN is fine and proxy port is open, but a real request THROUGH the proxy failed. Active node is dead (cached delay is stale-good). Forcing a re-test/switch on all groups.
2026-09-09 23:54:41 | Watchdog | -      | ACTION      | Re-tested auto-select group '[ProxyNode]; best member now '[ProxyNode] (55ms)
2026-09-09 23:54:46 | Watchdog | -      | ACTION      | Re-tested auto-select group '[ProxyNode]; best member now '[ProxyNode] (92ms)
2026-09-10 00:16:51 | Watchdog | -      | WARN        | WAN reachable but DNS resolution failing. Flushing DNS.
2026-09-10 00:16:51 | Watchdog | -      | ACTION      | Flushing DNS cache (ipconfig /flushdns)
2026-09-10 00:20:47 | Watchdog | -      | WARN        | Direct WAN is fine and proxy port is open, but a real request THROUGH the proxy failed. Active node is dead (cached delay is stale-good). Forcing a re-test/switch on all groups.
2026-09-10 00:20:47 | Watchdog | -      | DIAG        | 2 proxy group(s) need a node switch: 故障转移, 自动选择. Re-testing and switching, not touching the NIC or restarting processes.
2026-09-10 00:20:52 | Watchdog | -      | ERROR       | Repair-MihomoGroup('故障转移') failed: 远程服务器返回错误: (504) 网关超时。
2026-09-10 00:20:57 | Watchdog | -      | ERROR       | Repair-MihomoGroup('自动选择') failed: 远程服务器返回错误: (504) 网关超时。
2026-09-10 00:21:21 | Watchdog | -      | WARN        | Direct WAN is fine and proxy port is open, but a real request THROUGH the proxy failed. Active node is dead (cached delay is stale-good). Forcing a re-test/switch on all groups.
2026-09-10 00:21:21 | Watchdog | -      | DIAG        | 2 proxy group(s) need a node switch: 故障转移, 自动选择. Re-testing and switching, not touching the NIC or restarting processes.
2026-09-10 00:21:26 | Watchdog | -      | ERROR       | Repair-MihomoGroup('故障转移') failed: 远程服务器返回错误: (504) 网关超时。
2026-09-10 00:21:31 | Watchdog | -      | ERROR       | Repair-MihomoGroup('自动选择') failed: 远程服务器返回错误: (504) 网关超时。
2026-09-10 00:21:50 | Watchdog | -      | WARN        | Direct WAN is fine and proxy port is open, but a real request THROUGH the proxy failed. Active node is dead (cached delay is stale-good). Forcing a re-test/switch on all groups.
2026-09-10 00:21:50 | Watchdog | -      | DIAG        | 2 proxy group(s) need a node switch: 自动选择, 故障转移. Re-testing and switching, not touching the NIC or restarting processes.
2026-09-10 00:21:55 | Watchdog | -      | ACTION      | Re-tested auto-select group '[ProxyNode]; best member now '[ProxyNode] (102ms)
2026-09-10 00:22:00 | Watchdog | -      | ACTION      | Re-tested auto-select group '[ProxyNode]; best member now '[ProxyNode] (107ms)
2026-09-10 00:35:47 | Watchdog | -      | WARN        | Direct WAN is fine and proxy port is open, but a real request THROUGH the proxy failed. Active node is dead (cached delay is stale-good). Forcing a re-test/switch on all groups.
2026-09-10 00:35:47 | Watchdog | -      | DIAG        | 2 proxy group(s) need a node switch: 故障转移, 自动选择. Re-testing and switching, not touching the NIC or restarting processes.
2026-09-10 00:35:52 | Watchdog | -      | ACTION      | Re-tested auto-select group '[ProxyNode]; best member now '[ProxyNode] (80ms)
2026-09-10 00:35:57 | Watchdog | -      | ACTION      | Re-tested auto-select group '[ProxyNode]; best member now '[ProxyNode] (93ms)
2026-09-10 00:36:49 | Watchdog | -      | DIAG        | 2 proxy group(s) need a node switch: 故障转移, 自动选择. Re-testing and switching, not touching the NIC or restarting processes.
2026-09-10 00:36:49 | Watchdog | -      | WARN        | Direct WAN is fine and proxy port is open, but a real request THROUGH the proxy failed. Active node is dead (cached delay is stale-good). Forcing a re-test/switch on all groups.
2026-09-10 00:36:54 | Watchdog | -      | ACTION      | Re-tested auto-select group '[ProxyNode]; best member now '[ProxyNode] (72ms)
2026-09-10 00:36:59 | Watchdog | -      | ACTION      | Re-tested auto-select group '[ProxyNode]; best member now '[ProxyNode] (120ms)
2026-09-10 00:55:17 | Watchdog | -      | DIAG        | 2 proxy group(s) need a node switch: 故障转移, 自动选择. Re-testing and switching, not touching the NIC or restarting processes.
2026-09-10 00:55:17 | Watchdog | -      | WARN        | Direct WAN is fine and proxy port is open, but a real request THROUGH the proxy failed. Active node is dead (cached delay is stale-good). Forcing a re-test/switch on all groups.
2026-09-10 00:55:22 | Watchdog | -      | ACTION      | Re-tested auto-select group '[ProxyNode]; best member now '[ProxyNode] (50ms)
2026-09-10 00:55:27 | Watchdog | -      | ACTION      | Re-tested auto-select group '[ProxyNode]; best member now '[ProxyNode] (68ms)
2026-09-10 01:16:24 | Watchdog | -      | WARN        | Direct WAN is fine and proxy port is open, but a real request THROUGH the proxy failed. Active node is dead (cached delay is stale-good). Forcing a re-test/switch on all groups.
2026-09-10 01:16:24 | Watchdog | -      | DIAG        | 2 proxy group(s) need a node switch: 故障转移, 自动选择. Re-testing and switching, not touching the NIC or restarting processes.
2026-09-10 01:16:29 | Watchdog | -      | ACTION      | Re-tested auto-select group '[ProxyNode]; best member now '[ProxyNode] (146ms)
2026-09-10 01:16:34 | Watchdog | -      | ACTION      | Re-tested auto-select group '[ProxyNode]; best member now '[ProxyNode] (113ms)
2026-09-10 01:26:51 | WLAN     | 11004  | Information | 无线安全已停止 (Security stopped)
2026-09-10 01:26:56 | WLAN     | 8003   | Information | 无线网络被断开 [原因: 网络被驱动程序断开连接。]
2026-09-10 01:26:58 | Watchdog | -      | WARN        | Link/WAN check failed (adapterUp=True gatewayOk=False wanOk=False) streak=1/6
2026-09-10 01:26:58 | Watchdog | -      | DIAG        | All 4 WAN targets unreachable: 223.5.5.5:53, 119.29.29.29:53, 114.114.114.114:53, www.baidu.com:443
2026-09-10 01:27:02 | WLAN     | 8000   | Information | 发起无线网络连接 (Association started)
2026-09-10 01:27:02 | WLAN     | 11000  | Information | 无线网络关联开始
2026-09-10 01:27:04 | WLAN     | 8002   | Error       | 无线连接失败 [原因: 特定的网络不可用。, RSSI: 255]
2026-09-10 01:27:13 | Watchdog | -      | WARN        | Link/WAN check failed (adapterUp=False gatewayOk=False wanOk=False) streak=2/6
2026-09-10 01:27:26 | WLAN     | 8000   | Information | 发起无线网络连接 (Association started)
2026-09-10 01:27:26 | WLAN     | 11000  | Information | 无线网络关联开始
2026-09-10 01:27:28 | Watchdog | -      | WARN        | Link/WAN check failed (adapterUp=False gatewayOk=False wanOk=False) streak=3/6
2026-09-10 01:27:32 | WLAN     | 8002   | Error       | 无线连接失败 [原因: 特定的网络不可用。, RSSI: 255]
2026-09-10 01:27:43 | Watchdog | -      | WARN        | Link/WAN check failed (adapterUp=False gatewayOk=False wanOk=False) streak=4/6
2026-09-10 01:27:58 | Watchdog | -      | WARN        | Link/WAN check failed (adapterUp=False gatewayOk=False wanOk=False) streak=5/6
2026-09-10 01:28:13 | Watchdog | -      | DIAG        | Sustained adapter-down or both-public-targets-unreachable. Escalating to adapter reconnect.
2026-09-10 01:28:13 | Watchdog | -      | ACTION      | Flushing DNS cache (ipconfig /flushdns)
2026-09-10 01:28:13 | Watchdog | -      | WARN        | Link/WAN check failed (adapterUp=False gatewayOk=False wanOk=False) streak=6/6
2026-09-10 01:28:13 | Watchdog | -      | DIAG        | NIC reset requested but DISABLED by default (-AllowNicReset not set). Not touching the adapter. See script header.
2026-09-10 01:28:28 | Watchdog | -      | WARN        | Link/WAN check failed (adapterUp=False gatewayOk=False wanOk=False) streak=1/6
2026-09-10 01:28:44 | Watchdog | -      | WARN        | Link/WAN check failed (adapterUp=False gatewayOk=False wanOk=False) streak=2/6
2026-09-10 01:28:49 | WLAN     | 8000   | Information | 发起无线网络连接 (Association started)
2026-09-10 01:28:49 | WLAN     | 11000  | Information | 无线网络关联开始
2026-09-10 01:28:49 | WLAN     | 11001  | Information | 无线网络关联成功
2026-09-10 01:28:49 | WLAN     | 11010  | Information | 无线安全开始 (Security started)
2026-09-10 01:28:54 | WLAN     | 11006  | Error       | 动态密钥交换在配置的时间范围内未能成功
2026-09-10 01:28:55 | WLAN     | 11004  | Information | 无线安全已停止 (Security stopped)
2026-09-10 01:28:55 | WLAN     | 8002   | Error       | 无线连接失败 [原因: 特定的网络不可用。, RSSI: -60]
2026-09-10 01:28:59 | Watchdog | -      | WARN        | Link/WAN check failed (adapterUp=False gatewayOk=False wanOk=False) streak=3/6
2026-09-10 01:29:14 | Watchdog | -      | WARN        | Link/WAN check failed (adapterUp=False gatewayOk=False wanOk=False) streak=4/6
2026-09-10 01:29:29 | Watchdog | -      | WARN        | Link/WAN check failed (adapterUp=False gatewayOk=False wanOk=False) streak=5/6
2026-09-10 01:29:35 | WLAN     | 8000   | Information | 发起无线网络连接 (Association started)
2026-09-10 01:29:35 | WLAN     | 11000  | Information | 无线网络关联开始
2026-09-10 01:29:35 | WLAN     | 11001  | Information | 无线网络关联成功
2026-09-10 01:29:35 | WLAN     | 11010  | Information | 无线安全开始 (Security started)
2026-09-10 01:29:35 | WLAN     | 11005  | Information | 无线安全握手成功 (Security succeeded)
2026-09-10 01:29:36 | WLAN     | 8001   | Information | 成功连接到无线网络 (Connected)
2026-09-10 01:29:45 | Watchdog | -      | DIAG        | 2 proxy group(s) need a node switch: 自动选择, 故障转移. Re-testing and switching, not touching the NIC or restarting processes.
2026-09-10 01:29:45 | Watchdog | -      | WARN        | Direct WAN is fine and proxy port is open, but a real request THROUGH the proxy failed. Active node is dead (cached delay is stale-good). Forcing a re-test/switch on all groups.
2026-09-10 01:29:50 | Watchdog | -      | ACTION      | Re-tested auto-select group '[ProxyNode]; best member now '[ProxyNode] (677ms)
2026-09-10 01:29:55 | Watchdog | -      | ERROR       | Repair-MihomoGroup('故障转移') failed: 远程服务器返回错误: (504) 网关超时。
2026-09-10 02:08:02 | Watchdog | -      | DIAG        | 2 proxy group(s) need a node switch: 故障转移, 自动选择. Re-testing and switching, not touching the NIC or restarting processes.
2026-09-10 02:08:02 | Watchdog | -      | WARN        | Direct WAN is fine and proxy port is open, but a real request THROUGH the proxy failed. Active node is dead (cached delay is stale-good). Forcing a re-test/switch on all groups.
2026-09-10 02:08:07 | Watchdog | -      | ACTION      | Re-tested auto-select group '[ProxyNode]; best member now '[ProxyNode] (80ms)
2026-09-10 02:08:12 | Watchdog | -      | ACTION      | Re-tested auto-select group '[ProxyNode]; best member now '[ProxyNode] (98ms)
2026-09-10 02:28:32 | Watchdog | -      | DIAG        | 2 proxy group(s) need a node switch: 故障转移, 自动选择. Re-testing and switching, not touching the NIC or restarting processes.
2026-09-10 02:28:32 | Watchdog | -      | WARN        | Direct WAN is fine and proxy port is open, but a real request THROUGH the proxy failed. Active node is dead (cached delay is stale-good). Forcing a re-test/switch on all groups.
2026-09-10 02:28:37 | Watchdog | -      | ACTION      | Re-tested auto-select group '[ProxyNode]; best member now '[ProxyNode] (61ms)
2026-09-10 02:28:42 | Watchdog | -      | ACTION      | Re-tested auto-select group '[ProxyNode]; best member now '[ProxyNode] (84ms)
2026-09-10 02:35:28 | Watchdog | -      | WARN        | Direct WAN is fine and proxy port is open, but a real request THROUGH the proxy failed. Active node is dead (cached delay is stale-good). Forcing a re-test/switch on all groups.
2026-09-10 02:35:28 | Watchdog | -      | DIAG        | 2 proxy group(s) need a node switch: 故障转移, 自动选择. Re-testing and switching, not touching the NIC or restarting processes.
2026-09-10 02:35:33 | Watchdog | -      | ACTION      | Re-tested auto-select group '[ProxyNode]; best member now '[ProxyNode] (100ms)
2026-09-10 02:35:38 | Watchdog | -      | ACTION      | Re-tested auto-select group '[ProxyNode]; best member now '[ProxyNode] (98ms)
2026-09-10 02:43:43 | Watchdog | -      | WARN        | Direct WAN is fine and proxy port is open, but a real request THROUGH the proxy failed. Active node is dead (cached delay is stale-good). Forcing a re-test/switch on all groups.
2026-09-10 02:43:43 | Watchdog | -      | DIAG        | 2 proxy group(s) need a node switch: 故障转移, 自动选择. Re-testing and switching, not touching the NIC or restarting processes.
2026-09-10 02:43:48 | Watchdog | -      | ACTION      | Re-tested auto-select group '[ProxyNode]; best member now '[ProxyNode] (96ms)
2026-09-10 02:43:53 | Watchdog | -      | ACTION      | Re-tested auto-select group '[ProxyNode]; best member now '[ProxyNode] (73ms)
2026-09-10 02:57:56 | Watchdog | -      | WARN        | Direct WAN is fine and proxy port is open, but a real request THROUGH the proxy failed. Active node is dead (cached delay is stale-good). Forcing a re-test/switch on all groups.
2026-09-10 02:57:56 | Watchdog | -      | DIAG        | 2 proxy group(s) need a node switch: 故障转移, 自动选择. Re-testing and switching, not touching the NIC or restarting processes.
2026-09-10 02:58:01 | Watchdog | -      | ACTION      | Re-tested auto-select group '[ProxyNode]; best member now '[ProxyNode] (179ms)
2026-09-10 02:58:06 | Watchdog | -      | ACTION      | Re-tested auto-select group '[ProxyNode]; best member now '[ProxyNode] (166ms)
2026-09-10 03:11:41 | Watchdog | -      | DIAG        | All 4 WAN targets unreachable: 223.5.5.5:53, 119.29.29.29:53, 114.114.114.114:53, www.baidu.com:443
2026-09-10 03:11:41 | Watchdog | -      | WARN        | Link/WAN check failed (adapterUp=True gatewayOk=False wanOk=False) streak=1/6
2026-09-10 03:11:45 | WLAN     | 11004  | Information | 无线安全已停止 (Security stopped)
2026-09-10 03:11:52 | WLAN     | 8003   | Information | 无线网络被断开 [原因: 网络被驱动程序断开连接。]
2026-09-10 03:11:57 | Watchdog | -      | WARN        | Link/WAN check failed (adapterUp=False gatewayOk=False wanOk=False) streak=2/6
2026-09-10 03:12:12 | Watchdog | -      | WARN        | Link/WAN check failed (adapterUp=False gatewayOk=False wanOk=False) streak=3/6
2026-09-10 03:12:27 | Watchdog | -      | WARN        | Link/WAN check failed (adapterUp=False gatewayOk=False wanOk=False) streak=4/6
2026-09-10 03:12:42 | Watchdog | -      | WARN        | Link/WAN check failed (adapterUp=False gatewayOk=False wanOk=False) streak=5/6
2026-09-10 03:12:57 | Watchdog | -      | ACTION      | Flushing DNS cache (ipconfig /flushdns)
2026-09-10 03:12:57 | Watchdog | -      | WARN        | Link/WAN check failed (adapterUp=False gatewayOk=False wanOk=False) streak=6/6
2026-09-10 03:12:57 | Watchdog | -      | DIAG        | NIC reset requested but DISABLED by default (-AllowNicReset not set). Not touching the adapter. See script header.
2026-09-10 03:12:57 | Watchdog | -      | DIAG        | Sustained adapter-down or both-public-targets-unreachable. Escalating to adapter reconnect.
2026-09-10 03:13:13 | Watchdog | -      | WARN        | Link/WAN check failed (adapterUp=False gatewayOk=False wanOk=False) streak=1/6
2026-09-10 03:13:28 | Watchdog | -      | WARN        | Link/WAN check failed (adapterUp=False gatewayOk=False wanOk=False) streak=2/6
2026-09-10 03:13:43 | Watchdog | -      | WARN        | Link/WAN check failed (adapterUp=False gatewayOk=False wanOk=False) streak=3/6
2026-09-10 03:13:58 | Watchdog | -      | WARN        | Link/WAN check failed (adapterUp=False gatewayOk=False wanOk=False) streak=4/6
2026-09-10 03:14:13 | Watchdog | -      | WARN        | Link/WAN check failed (adapterUp=False gatewayOk=False wanOk=False) streak=5/6
2026-09-10 03:14:28 | Watchdog | -      | WARN        | Link/WAN check failed (adapterUp=False gatewayOk=False wanOk=False) streak=6/6
2026-09-10 03:14:43 | Watchdog | -      | WARN        | Link/WAN check failed (adapterUp=False gatewayOk=False wanOk=False) streak=1/6
2026-09-10 03:14:59 | Watchdog | -      | WARN        | Link/WAN check failed (adapterUp=False gatewayOk=False wanOk=False) streak=2/6
2026-09-10 03:15:14 | Watchdog | -      | WARN        | Link/WAN check failed (adapterUp=False gatewayOk=False wanOk=False) streak=3/6
2026-09-10 03:15:29 | Watchdog | -      | WARN        | Link/WAN check failed (adapterUp=False gatewayOk=False wanOk=False) streak=4/6
2026-09-10 03:15:44 | Watchdog | -      | WARN        | Link/WAN check failed (adapterUp=False gatewayOk=False wanOk=False) streak=5/6
2026-09-10 03:15:59 | Watchdog | -      | DIAG        | Sustained adapter-down or both-public-targets-unreachable. Escalating to adapter reconnect.
2026-09-10 03:15:59 | Watchdog | -      | WARN        | Link/WAN check failed (adapterUp=False gatewayOk=False wanOk=False) streak=6/6
2026-09-10 03:15:59 | Watchdog | -      | DIAG        | NIC reset requested but DISABLED by default (-AllowNicReset not set). Not touching the adapter. See script header.
2026-09-10 03:15:59 | Watchdog | -      | ACTION      | Flushing DNS cache (ipconfig /flushdns)
2026-09-10 03:16:14 | Watchdog | -      | WARN        | Link/WAN check failed (adapterUp=False gatewayOk=False wanOk=False) streak=1/6
2026-09-10 03:16:30 | Watchdog | -      | WARN        | Link/WAN check failed (adapterUp=False gatewayOk=False wanOk=False) streak=2/6
2026-09-10 03:16:45 | Watchdog | -      | WARN        | Link/WAN check failed (adapterUp=False gatewayOk=False wanOk=False) streak=3/6
2026-09-10 03:17:00 | Watchdog | -      | WARN        | Link/WAN check failed (adapterUp=False gatewayOk=False wanOk=False) streak=4/6
2026-09-10 03:17:15 | Watchdog | -      | WARN        | Link/WAN check failed (adapterUp=False gatewayOk=False wanOk=False) streak=5/6
2026-09-10 03:17:30 | Watchdog | -      | WARN        | Link/WAN check failed (adapterUp=False gatewayOk=False wanOk=False) streak=6/6
2026-09-10 03:17:45 | Watchdog | -      | WARN        | Link/WAN check failed (adapterUp=False gatewayOk=False wanOk=False) streak=1/6
2026-09-10 03:18:00 | Watchdog | -      | WARN        | Link/WAN check failed (adapterUp=False gatewayOk=False wanOk=False) streak=2/6
2026-09-10 03:18:16 | Watchdog | -      | WARN        | Link/WAN check failed (adapterUp=False gatewayOk=False wanOk=False) streak=3/6
2026-09-10 03:18:31 | Watchdog | -      | WARN        | Link/WAN check failed (adapterUp=False gatewayOk=False wanOk=False) streak=4/6
2026-09-10 03:18:46 | Watchdog | -      | WARN        | Link/WAN check failed (adapterUp=False gatewayOk=False wanOk=False) streak=5/6
2026-09-10 03:19:01 | Watchdog | -      | WARN        | Link/WAN check failed (adapterUp=False gatewayOk=False wanOk=False) streak=6/6
2026-09-10 03:19:01 | Watchdog | -      | DIAG        | Sustained adapter-down or both-public-targets-unreachable. Escalating to adapter reconnect.
2026-09-10 03:19:01 | Watchdog | -      | ACTION      | Flushing DNS cache (ipconfig /flushdns)
2026-09-10 03:19:01 | Watchdog | -      | DIAG        | NIC reset requested but DISABLED by default (-AllowNicReset not set). Not touching the adapter. See script header.
2026-09-10 03:19:16 | Watchdog | -      | WARN        | Link/WAN check failed (adapterUp=False gatewayOk=False wanOk=False) streak=1/6
2026-09-10 03:19:31 | Watchdog | -      | WARN        | Link/WAN check failed (adapterUp=False gatewayOk=False wanOk=False) streak=2/6
2026-09-10 03:19:46 | Watchdog | -      | WARN        | Link/WAN check failed (adapterUp=False gatewayOk=False wanOk=False) streak=3/6
2026-09-10 03:20:02 | Watchdog | -      | WARN        | Link/WAN check failed (adapterUp=False gatewayOk=False wanOk=False) streak=4/6
2026-09-10 03:20:17 | Watchdog | -      | WARN        | Link/WAN check failed (adapterUp=False gatewayOk=False wanOk=False) streak=5/6
2026-09-10 03:20:32 | Watchdog | -      | WARN        | Link/WAN check failed (adapterUp=False gatewayOk=False wanOk=False) streak=6/6
2026-09-10 03:20:47 | Watchdog | -      | WARN        | Link/WAN check failed (adapterUp=False gatewayOk=False wanOk=False) streak=1/6
2026-09-10 03:21:02 | Watchdog | -      | WARN        | Link/WAN check failed (adapterUp=False gatewayOk=False wanOk=False) streak=2/6
2026-09-10 03:21:17 | Watchdog | -      | WARN        | Link/WAN check failed (adapterUp=False gatewayOk=False wanOk=False) streak=3/6
2026-09-10 03:21:32 | Watchdog | -      | WARN        | Link/WAN check failed (adapterUp=False gatewayOk=False wanOk=False) streak=4/6
2026-09-10 03:21:47 | Watchdog | -      | WARN        | Link/WAN check failed (adapterUp=False gatewayOk=False wanOk=False) streak=5/6
2026-09-10 03:22:03 | Watchdog | -      | DIAG        | Sustained adapter-down or both-public-targets-unreachable. Escalating to adapter reconnect.
2026-09-10 03:22:03 | Watchdog | -      | WARN        | Link/WAN check failed (adapterUp=False gatewayOk=False wanOk=False) streak=6/6
2026-09-10 03:22:03 | Watchdog | -      | ACTION      | Flushing DNS cache (ipconfig /flushdns)
2026-09-10 03:22:03 | Watchdog | -      | DIAG        | NIC reset requested but DISABLED by default (-AllowNicReset not set). Not touching the adapter. See script header.
2026-09-10 03:22:18 | Watchdog | -      | WARN        | Link/WAN check failed (adapterUp=False gatewayOk=False wanOk=False) streak=1/6
2026-09-10 03:22:33 | Watchdog | -      | WARN        | Link/WAN check failed (adapterUp=False gatewayOk=False wanOk=False) streak=2/6
2026-09-10 03:22:48 | Watchdog | -      | WARN        | Link/WAN check failed (adapterUp=False gatewayOk=False wanOk=False) streak=3/6
2026-09-10 03:23:03 | Watchdog | -      | WARN        | Link/WAN check failed (adapterUp=False gatewayOk=False wanOk=False) streak=4/6
2026-09-10 03:23:18 | Watchdog | -      | WARN        | Link/WAN check failed (adapterUp=False gatewayOk=False wanOk=False) streak=5/6
2026-09-10 03:23:33 | Watchdog | -      | WARN        | Link/WAN check failed (adapterUp=False gatewayOk=False wanOk=False) streak=6/6
2026-09-10 03:23:49 | Watchdog | -      | WARN        | Link/WAN check failed (adapterUp=False gatewayOk=False wanOk=False) streak=1/6
2026-09-10 03:24:04 | Watchdog | -      | WARN        | Link/WAN check failed (adapterUp=False gatewayOk=False wanOk=False) streak=2/6
2026-09-10 03:24:19 | Watchdog | -      | WARN        | Link/WAN check failed (adapterUp=False gatewayOk=False wanOk=False) streak=3/6
2026-09-10 03:24:34 | Watchdog | -      | WARN        | Link/WAN check failed (adapterUp=False gatewayOk=False wanOk=False) streak=4/6
2026-09-10 03:24:49 | Watchdog | -      | WARN        | Link/WAN check failed (adapterUp=False gatewayOk=False wanOk=False) streak=5/6
2026-09-10 03:25:04 | Watchdog | -      | WARN        | Link/WAN check failed (adapterUp=False gatewayOk=False wanOk=False) streak=6/6
2026-09-10 03:25:04 | Watchdog | -      | DIAG        | NIC reset requested but DISABLED by default (-AllowNicReset not set). Not touching the adapter. See script header.
2026-09-10 03:25:04 | Watchdog | -      | ACTION      | Flushing DNS cache (ipconfig /flushdns)
2026-09-10 03:25:04 | Watchdog | -      | DIAG        | Sustained adapter-down or both-public-targets-unreachable. Escalating to adapter reconnect.
2026-09-10 03:25:20 | Watchdog | -      | WARN        | Link/WAN check failed (adapterUp=False gatewayOk=False wanOk=False) streak=1/6
2026-09-10 03:25:35 | Watchdog | -      | WARN        | Link/WAN check failed (adapterUp=False gatewayOk=False wanOk=False) streak=2/6
2026-09-10 03:25:50 | Watchdog | -      | WARN        | Link/WAN check failed (adapterUp=False gatewayOk=False wanOk=False) streak=3/6
2026-09-10 03:26:05 | Watchdog | -      | WARN        | Link/WAN check failed (adapterUp=False gatewayOk=False wanOk=False) streak=4/6
2026-09-10 03:26:20 | Watchdog | -      | WARN        | Link/WAN check failed (adapterUp=False gatewayOk=False wanOk=False) streak=5/6
2026-09-10 03:26:35 | Watchdog | -      | WARN        | Link/WAN check failed (adapterUp=False gatewayOk=False wanOk=False) streak=6/6
2026-09-10 03:26:50 | Watchdog | -      | WARN        | Link/WAN check failed (adapterUp=False gatewayOk=False wanOk=False) streak=1/6
2026-09-10 03:27:05 | Watchdog | -      | WARN        | Link/WAN check failed (adapterUp=False gatewayOk=False wanOk=False) streak=2/6
2026-09-10 03:27:21 | Watchdog | -      | WARN        | Link/WAN check failed (adapterUp=False gatewayOk=False wanOk=False) streak=3/6
2026-09-10 03:27:36 | Watchdog | -      | WARN        | Link/WAN check failed (adapterUp=False gatewayOk=False wanOk=False) streak=4/6
2026-09-10 03:27:51 | Watchdog | -      | WARN        | Link/WAN check failed (adapterUp=False gatewayOk=False wanOk=False) streak=5/6
2026-09-10 03:28:06 | Watchdog | -      | DIAG        | Sustained adapter-down or both-public-targets-unreachable. Escalating to adapter reconnect.
2026-09-10 03:28:06 | Watchdog | -      | ACTION      | Flushing DNS cache (ipconfig /flushdns)
2026-09-10 03:28:06 | Watchdog | -      | WARN        | Link/WAN check failed (adapterUp=False gatewayOk=False wanOk=False) streak=6/6
2026-09-10 03:28:06 | Watchdog | -      | DIAG        | NIC reset requested but DISABLED by default (-AllowNicReset not set). Not touching the adapter. See script header.
2026-09-10 03:28:21 | Watchdog | -      | WARN        | Link/WAN check failed (adapterUp=False gatewayOk=False wanOk=False) streak=1/6
2026-09-10 03:28:36 | Watchdog | -      | WARN        | Link/WAN check failed (adapterUp=False gatewayOk=False wanOk=False) streak=2/6
2026-09-10 03:28:51 | Watchdog | -      | WARN        | Link/WAN check failed (adapterUp=False gatewayOk=False wanOk=False) streak=3/6
2026-09-10 03:29:07 | Watchdog | -      | WARN        | Link/WAN check failed (adapterUp=False gatewayOk=False wanOk=False) streak=4/6
2026-09-10 03:29:22 | Watchdog | -      | WARN        | Link/WAN check failed (adapterUp=False gatewayOk=False wanOk=False) streak=5/6
2026-09-10 03:29:27 | WLAN     | 8000   | Information | 发起无线网络连接 (Association started)
2026-09-10 03:29:27 | WLAN     | 11000  | Information | 无线网络关联开始
2026-09-10 03:29:27 | WLAN     | 11001  | Information | 无线网络关联成功
2026-09-10 03:29:27 | WLAN     | 11010  | Information | 无线安全开始 (Security started)
2026-09-10 03:29:27 | WLAN     | 11005  | Information | 无线安全握手成功 (Security succeeded)
2026-09-10 03:29:27 | WLAN     | 8001   | Information | 成功连接到无线网络 (Connected)
2026-09-10 03:29:37 | Watchdog | -      | DIAG        | 2 proxy group(s) need a node switch: 自动选择, 故障转移. Re-testing and switching, not touching the NIC or restarting processes.
2026-09-10 03:29:37 | Watchdog | -      | WARN        | Direct WAN is fine and proxy port is open, but a real request THROUGH the proxy failed. Active node is dead (cached delay is stale-good). Forcing a re-test/switch on all groups.
2026-09-10 03:29:42 | Watchdog | -      | ACTION      | Re-tested auto-select group '[ProxyNode]; best member now '[ProxyNode] (93ms)
2026-09-10 03:29:47 | Watchdog | -      | ACTION      | Re-tested auto-select group '[ProxyNode]; best member now '[ProxyNode] (142ms)
2026-09-10 03:37:30 | Watchdog | -      | DIAG        | All 4 WAN targets unreachable: 223.5.5.5:53, 119.29.29.29:53, 114.114.114.114:53, www.baidu.com:443
2026-09-10 03:37:30 | Watchdog | -      | WARN        | Link/WAN check failed (adapterUp=True gatewayOk=False wanOk=False) streak=1/6
2026-09-10 03:37:42 | WLAN     | 11004  | Information | 无线安全已停止 (Security stopped)
2026-09-10 03:37:47 | WLAN     | 8003   | Information | 无线网络被断开 [原因: 网络被驱动程序断开连接。]
2026-09-10 03:37:49 | Watchdog | -      | WARN        | Link/WAN check failed (adapterUp=True gatewayOk=False wanOk=False) streak=2/6
2026-09-10 03:37:49 | Watchdog | -      | DIAG        | All 4 WAN targets unreachable: 223.5.5.5:53, 119.29.29.29:53, 114.114.114.114:53, www.baidu.com:443
2026-09-10 03:38:04 | Watchdog | -      | WARN        | Link/WAN check failed (adapterUp=False gatewayOk=False wanOk=False) streak=3/6
2026-09-10 03:38:19 | Watchdog | -      | WARN        | Link/WAN check failed (adapterUp=False gatewayOk=False wanOk=False) streak=4/6
2026-09-10 03:38:32 | WLAN     | 8000   | Information | 发起无线网络连接 (Association started)
2026-09-10 03:38:32 | WLAN     | 11000  | Information | 无线网络关联开始
2026-09-10 03:38:32 | WLAN     | 11001  | Information | 无线网络关联成功
2026-09-10 03:38:32 | WLAN     | 11010  | Information | 无线安全开始 (Security started)
2026-09-10 03:38:32 | WLAN     | 11005  | Information | 无线安全握手成功 (Security succeeded)
2026-09-10 03:38:32 | WLAN     | 8001   | Information | 成功连接到无线网络 (Connected)
2026-09-10 03:38:35 | Watchdog | -      | DIAG        | 2 proxy group(s) need a node switch: 故障转移, 自动选择. Re-testing and switching, not touching the NIC or restarting processes.
2026-09-10 03:38:35 | Watchdog | -      | WARN        | Direct WAN is fine and proxy port is open, but a real request THROUGH the proxy failed. Active node is dead (cached delay is stale-good). Forcing a re-test/switch on all groups.
2026-09-10 03:38:40 | Watchdog | -      | ACTION      | Re-tested auto-select group '[ProxyNode]; best member now '[ProxyNode] (208ms)
2026-09-10 03:38:45 | Watchdog | -      | ACTION      | Re-tested auto-select group '[ProxyNode]; best member now '[ProxyNode] (114ms)
2026-09-10 03:53:52 | System   | 7040   | Information | 服务启动类型变更: The start type of the Background Intelligent Transfer Service service was changed from 按需启动 to 自动启动.
2026-09-10 03:56:29 | System   | 7040   | Information | 服务启动类型变更: The start type of the Background Intelligent Transfer Service service was changed from 自动启动 to 按需启动.
2026-09-10 05:24:03 | System   | 7040   | Information | 服务启动类型变更: The start type of the Background Intelligent Transfer Service service was changed from 按需启动 to 自动启动.
2026-09-10 05:40:31 | System   | 7040   | Information | 服务启动类型变更: The start type of the Background Intelligent Transfer Service service was changed from 自动启动 to 按需启动.
